account_id,pagerank,in_degree,out_degree,avg_velocity_1h,avg_velocity_24h,max_velocity_1h,txn_count,avg_amount,is_mule,vpa
ACC00000,0.000361,20,9,1.0,1.1111,1,9,83997.8772,1,xavier.nazareth655@okhdfcbank
ACC00001,0.000356,16,11,1.0,1.0909,1,11,75338.0666,1,vedant.sen282@okaxis
ACC00002,0.000216,17,8,1.0,1.0,1,8,69160.4584,1,radhika.lanka755@okhdfcbank
ACC00003,0.000281,13,8,1.0,1.125,1,8,82771.3612,1,ansh.trivedi605@upi
ACC00004,0.00037,17,10,1.0,1.1,1,10,75940.8863,1,yashoda.nadkarni96@okaxis
ACC00005,0.000297,11,7,1.0,1.2857,1,7,72122.9144,1,logan.halder617@okicici
ACC00006,0.000245,13,11,1.0,1.0,1,11,80092.1415,1,daniel.kapadia734@kotak
ACC00007,0.000154,13,10,1.0,1.1,1,10,77135.1515,1,anya.varty460@paytm
ACC00008,0.000531,26,6,1.0,1.3333,1,6,72109.0778,1,daksha.om826@oksbi
ACC00009,0.000603,31,6,1.0,1.0,1,6,79314.429,1,faqid.chandran285@oksbi
ACC00010,0.000253,14,11,1.0,1.1818,1,11,75958.6943,1,tripti.batra345@okhdfcbank
ACC00011,0.000385,15,9,1.0,1.0,1,9,64020.4292,1,aryan.uppal100@ybl
ACC00012,0.000261,20,15,1.0,1.1333,1,15,73986.642,1,nidra.sankar271@okicici
ACC00013,0.000647,27,6,1.0,1.0,1,6,82476.6752,1,chakrika.nath128@upi
ACC00014,0.000202,20,15,1.0667,1.3333,2,15,75575.9466,1,praneel.ramakrishnan301@ybl
ACC00015,0.000435,20,9,1.0,1.0,1,9,80180.0432,1,kiaan.yogi722@okhdfcbank
ACC00016,0.000391,19,8,1.0,1.0,1,8,83270.7942,1,vasana.konda234@paytm
ACC00017,0.000173,13,4,1.0,1.0,1,4,77978.3536,1,eiravati.garg239@okhdfcbank
ACC00018,0.000164,9,13,1.0,1.1538,1,13,74344.3359,1,ojas.kala465@ybl
ACC00019,0.00022,19,6,1.0,1.0,1,6,69872.408,1,gauri.andra364@okaxis
ACC00020,0.000425,24,14,1.0,1.0714,1,14,75690.7171,1,arya.pau960@okhdfcbank
ACC00021,0.000399,16,9,1.0,1.1111,1,9,69534.4538,1,upma.chaudhry176@kotak
ACC00022,0.000324,22,4,1.0,1.0,1,4,75866.7698,1,jhalak.sridhar474@upi
ACC00023,0.000243,15,8,1.0,1.25,1,8,73336.2679,1,lucky.sachdev705@kotak
ACC00024,0.00041,17,12,1.0,1.1667,1,12,78848.8044,1,neelima.dani333@okicici
ACC00025,0.000226,15,9,1.0,1.0,1,9,72736.6006,1,nikita.kibe33@ybl
ACC00026,0.000572,23,8,1.0,1.375,1,8,70957.4749,1,fiyaz.date68@okaxis
ACC00027,0.000183,9,7,1.0,1.0,1,7,72377.7681,1,upadhriti.dube736@ybl
ACC00028,0.000504,23,5,1.0,1.4,1,5,87063.8562,1,mugdha.purohit512@upi
ACC00029,0.000186,8,10,1.0,1.1,1,10,68653.2723,1,chaitanya.jani272@oksbi
ACC00030,0.000338,20,7,1.0,1.0,1,7,82252.5417,1,amruta.chaudhry575@kotak
ACC00031,0.000155,15,14,1.0,1.1429,1,14,71784.9409,1,gabriel.rao599@upi
ACC00032,0.000358,17,14,1.0,1.0714,1,14,82804.8863,1,panini.kalita371@okaxis
ACC00033,0.000572,17,8,1.0,1.125,1,8,68168.1109,1,hamsini.srivastava506@okhdfcbank
ACC00034,0.000384,17,10,1.0,1.3,1,10,78541.5076,1,garima.char113@oksbi
ACC00035,0.000276,13,9,1.0,1.1111,1,9,79408.9118,1,naksh.singhal697@upi
ACC00036,0.000205,22,10,1.0,1.1,1,10,77442.5403,1,champak.kibe395@upi
ACC00037,0.000179,11,10,1.0,1.3,1,10,73747.2223,1,avi.jayaraman542@paytm
ACC00038,0.000374,15,8,1.0,1.25,1,8,67942.5304,1,kiaan.barad966@okicici
ACC00039,0.000246,16,4,1.0,1.0,1,4,70064.9972,1,bishakha.mitra907@kotak
ACC00040,0.00054,25,10,1.0,1.0,1,10,74583.3978,1,lajita.handa657@ybl
ACC00041,0.000584,20,9,1.0,1.2222,1,9,80608.0139,1,niharika.pandya446@oksbi
ACC00042,0.000436,15,11,1.0,1.0909,1,11,78770.6401,1,indrajit.lala977@paytm
ACC00043,0.000294,14,6,1.0,1.1667,1,6,78186.5726,1,ladli.sengupta183@kotak
ACC00044,0.000525,23,14,1.0,1.0,1,14,75777.0848,1,nandini.dhingra641@paytm
ACC00045,0.000367,23,9,1.0,1.2222,1,9,75739.0331,1,anjali.andra204@oksbi
ACC00046,0.000377,23,7,1.0,1.1429,1,7,72802.2969,1,imaran.kapur166@kotak
ACC00047,0.000397,20,14,1.0,1.2143,1,14,79008.4493,1,daksha.saxena614@ybl
ACC00048,0.000329,18,17,1.0,1.1176,1,17,76051.9815,1,saumya.cheema115@ybl
ACC00049,0.000452,19,8,1.0,1.0,1,8,77901.8784,1,upkaar.biswas60@okaxis
ACC00050,0.000237,11,12,1.0,1.0833,1,12,72109.4217,1,vyanjana.panchal88@ibl
ACC00051,0.000144,11,8,1.0,1.125,1,8,76118.0523,1,indali.sen546@oksbi
ACC00052,0.000229,13,10,1.0,1.1,1,10,68803.7394,1,odika.sathe487@kotak
ACC00053,0.000283,18,9,1.0,1.1111,1,9,75346.0833,1,amaira.viswanathan541@upi
ACC00054,0.000433,20,9,1.0,1.1111,1,9,74409.705,1,jonathan.bali774@okaxis
ACC00055,0.000196,20,16,1.0625,1.1875,2,16,70168.7433,1,kashish.aurora688@ybl
ACC00056,0.000203,13,12,1.0,1.0833,1,12,71164.5246,1,jasmit.raghavan463@okhdfcbank
ACC00057,0.000295,27,8,1.0,1.0,1,8,74541.1724,1,christopher.bassi66@ybl
ACC00058,0.000213,15,10,1.0,1.0,1,10,77940.8222,1,upma.oak568@okaxis
ACC00059,0.000204,13,9,1.0,1.3333,1,9,70267.2693,1,vidhi.kala8@okhdfcbank
ACC00060,0.000393,18,7,1.0,1.0,1,7,71138.2776,1,gauri.bains70@okicici
ACC00061,0.00043,20,13,1.0,1.1538,1,13,73141.1172,1,urvashi.pathak527@okaxis
ACC00062,0.000409,15,16,1.0,1.3125,1,16,72018.4824,1,raagini.nayar498@okaxis
ACC00063,0.000225,12,11,1.0,1.0,1,11,79477.8766,1,bhavini.raju741@ibl
ACC00064,0.000231,18,11,1.0,1.0,1,11,84635.9291,1,aarush.nadkarni485@upi
ACC00065,0.000294,15,7,1.0,1.1429,1,7,79387.8823,1,rishi.rege100@upi
ACC00066,0.000292,19,13,1.0,1.0769,1,13,77913.1266,1,yadavi.gara421@ibl
ACC00067,0.000356,20,10,1.0,1.2,1,10,75007.6105,1,falan.issac670@okhdfcbank
ACC00068,0.000259,19,10,1.0,1.0,1,10,78820.7832,1,kamya.manne746@ybl
ACC00069,0.00025,16,9,1.0,1.0,1,9,74384.9286,1,abdul.pall197@okaxis
ACC00070,0.000379,20,11,1.0,1.0,1,11,72654.8746,1,gavin.parikh144@upi
ACC00071,0.0006,17,7,1.0,1.1429,1,7,71685.9564,1,adya.batta474@okaxis
ACC00072,0.000382,18,16,1.0,1.125,1,16,76092.7896,1,bimala.chatterjee828@kotak
ACC00073,0.000338,20,11,1.0,1.0909,1,11,74581.5959,1,warhi.anne668@kotak
ACC00074,0.000285,19,18,1.0556,1.2222,2,18,67486.6535,1,azaan.gola949@okaxis
ACC00075,0.000214,11,10,1.0,1.2,1,10,79982.5673,1,isaiah.kashyap498@ibl
ACC00076,0.00032,15,5,1.0,1.0,1,5,81802.2767,1,bachittar.seshadri411@okicici
ACC00077,0.00025,14,11,1.0,1.0909,1,11,78837.136,1,osha.varkey3@upi
ACC00078,0.000405,15,17,1.0,1.1176,1,17,79645.6542,1,naveen.nath804@ibl
ACC00079,0.000379,17,9,1.0,1.1111,1,9,76864.3798,1,ekanta.bala714@kotak
ACC00080,0.000522,19,7,1.0,1.1429,1,7,72473.2946,1,xavier.parsa195@paytm
ACC00081,0.000492,25,12,1.0,1.1667,1,12,66932.3706,1,pavani.hora594@kotak
ACC00082,0.000203,17,13,1.0,1.1538,1,13,74945.594,1,advika.chokshi322@okicici
ACC00083,0.000384,19,8,1.0,1.125,1,8,62341.299,1,manthan.badami489@kotak
ACC00084,0.000264,17,8,1.0,1.0,1,8,76950.9024,1,neelima.ganguly59@kotak
ACC00085,0.000224,17,11,1.0,1.0,1,11,74159.4878,1,lopa.tara191@okhdfcbank
ACC00086,0.000237,20,7,1.0,1.0,1,7,87028.8103,1,abhiram.pant692@okaxis
ACC00087,0.000322,21,11,1.0,1.0909,1,11,70269.3559,1,damyanti.nanda965@okaxis
ACC00088,0.000345,20,7,1.0,1.0,1,7,67789.1823,1,harini.char41@okhdfcbank
ACC00089,0.000377,20,11,1.0,1.0909,1,11,75693.0761,1,wriddhish.bajwa598@kotak
ACC00090,0.000329,23,15,1.0,1.2,1,15,75959.5136,1,oviya.raghavan210@ybl
ACC00091,0.000372,19,13,1.0,1.0,1,13,72567.4163,1,wridesh.mishra406@oksbi
ACC00092,0.000366,14,3,1.0,1.0,1,3,84279.2988,1,qabil.vaidya324@okhdfcbank
ACC00093,0.000327,14,9,1.0,1.0,1,9,77758.5847,1,sai.rama637@okhdfcbank
ACC00094,0.00022,17,10,1.1,1.2,2,10,67362.536,1,rushil.shenoy219@kotak
ACC00095,0.000566,23,7,1.0,1.1429,1,7,77682.1711,1,keya.agate956@ybl
ACC00096,0.000422,21,8,1.0,1.0,1,8,82331.113,1,kavya.mital379@paytm
ACC00097,0.000613,21,12,1.0,1.0,1,12,72427.554,1,pranav.kunda854@kotak
ACC00098,0.00035,22,9,1.0,1.1111,1,9,75297.0659,1,upma.sura827@kotak
ACC00099,0.000287,17,6,1.0,1.0,1,6,72446.0258,1,oviya.suri837@kotak
ACC00100,0.000474,21,16,1.0,1.1875,1,16,1053.3175,1,rachit.kannan107@oksbi
ACC00101,0.000422,17,5,1.0,1.0,1,5,3106.422,1,mahika.vora912@okhdfcbank
ACC00102,0.000268,16,11,1.0,1.0909,1,11,3193.5418,1,saksham.thaman279@paytm
ACC00103,0.000272,13,6,1.0,1.0,1,6,1654.3283,1,vaishnavi.mukherjee735@ybl
ACC00104,0.000298,21,12,1.0,1.0833,1,12,2165.9542,1,isha.raj650@paytm
ACC00105,0.00018,13,4,1.0,1.0,1,4,650.0025,1,amara.vasa258@okicici
ACC00106,0.000335,19,8,1.0,1.0,1,8,936.6662,1,gautam.dar434@paytm
ACC00107,0.000504,23,8,1.0,1.125,1,8,900.4762,1,omkaar.bora342@oksbi
ACC00108,0.000225,15,15,1.0,1.2667,1,15,1677.0933,1,yoshita.varkey760@ibl
ACC00109,0.000519,21,8,1.0,1.0,1,8,680.0638,1,christopher.sur438@kotak
ACC00110,0.000663,21,13,1.0769,1.0769,2,13,1270.7415,1,yahvi.jain78@oksbi
ACC00111,0.000409,20,9,1.0,1.0,1,9,456.5233,1,qushi.dua855@ybl
ACC00112,0.000185,9,10,1.0,1.2,1,10,662.415,1,tanmayi.bahl152@upi
ACC00113,0.000305,14,9,1.0,1.0,1,9,933.8122,1,victor.loke316@ybl
ACC00114,0.00021,16,6,1.0,1.0,1,6,795.4333,1,gaurang.viswanathan216@okaxis
ACC00115,0.000219,13,8,1.0,1.125,1,8,937.515,1,nathan.nazareth799@kotak
ACC00116,0.000332,19,13,1.0,1.3846,1,13,1024.0185,1,amrita.apte768@oksbi
ACC00117,0.00018,12,8,1.0,1.125,1,8,1313.9325,1,dhriti.sur167@oksbi
ACC00118,8.9e-05,9,10,1.0,1.0,1,10,876.691,1,kavya.korpal184@ybl
ACC00119,0.000168,10,8,1.0,1.0,1,8,692.625,1,lakshmi.pingle686@okaxis
ACC00120,0.000361,17,9,1.0,1.1111,1,9,986.3067,1,noah.sandal807@okhdfcbank
ACC00121,0.000381,17,10,1.1,1.1,2,10,1236.1,1,harsh.hora40@ibl
ACC00122,0.000418,16,7,1.0,1.0,1,7,2157.0757,1,gaurang.sem837@ibl
ACC00123,0.000185,12,10,1.0,1.0,1,10,575.777,1,tara.goyal841@okaxis
ACC00124,0.000328,20,10,1.0,1.3,1,10,1786.227,1,vanya.ram676@okaxis
ACC00125,0.000205,12,8,1.0,1.125,1,8,819.9788,1,chakrika.narayan286@okhdfcbank
ACC00126,0.000298,21,7,1.0,1.1429,1,7,2108.3014,1,gautam.kulkarni657@kotak
ACC00127,0.000304,15,8,1.0,1.0,1,8,719.2238,1,tanvi.dugar864@kotak
ACC00128,0.000301,13,9,1.0,1.0,1,9,1099.07,1,zayyan.wagle119@paytm
ACC00129,0.000374,16,10,1.0,1.0,1,10,1317.511,1,chanchal.divan986@paytm
ACC00130,0.000256,14,6,1.0,1.0,1,6,766.0,1,mason.bava611@upi
ACC00131,0.000465,23,10,1.0,1.2,1,10,1231.793,1,sai.ravel806@ybl
ACC00132,0.00056,22,6,1.0,1.0,1,6,1142.5383,1,ira.wable524@okhdfcbank
ACC00133,0.000177,12,10,1.0,1.0,1,10,1591.677,1,kala.mani195@paytm
ACC00134,0.000596,17,14,1.0,1.2143,1,14,879.9479,1,qarin.lala447@okicici
ACC00135,0.000509,22,11,1.0,1.0909,1,11,1527.8536,1,kashvi.nazareth552@okaxis
ACC00136,0.000395,24,18,1.0556,1.2222,2,18,1641.0756,1,fiyaz.parsa72@ybl
ACC00137,0.000288,11,11,1.0,1.0909,1,11,1523.6,1,ekalinga.pradhan680@okhdfcbank
ACC00138,0.000237,16,10,1.0,1.0,1,10,1171.458,1,dayamai.venkatesh317@upi
ACC00139,0.000395,12,10,1.0,1.0,1,10,2001.331,1,chakrika.raju714@paytm
ACC00140,0.000625,19,12,1.0,1.1667,1,12,1361.5558,1,tanveer.tak197@upi
ACC00141,0.000789,23,10,1.0,1.0,1,10,970.992,1,hitesh.bava767@oksbi
ACC00142,0.000286,18,8,1.0,1.0,1,8,1051.275,1,nidhi.amble309@upi
ACC00143,0.000213,16,5,1.0,1.0,1,5,375.586,1,neha.divan1@paytm
ACC00144,0.000203,17,12,1.0,1.1667,1,12,1625.8333,1,harrison.bakshi441@ybl
ACC00145,0.00022,21,12,1.0,1.1667,1,12,1767.1758,1,baljiwan.devan453@okaxis
ACC00146,0.000146,12,6,1.0,1.0,1,6,651.2867,1,robert.chokshi813@oksbi
ACC00147,0.000213,14,10,1.0,1.0,1,10,2211.158,1,aishani.sankaran528@ybl
ACC00148,0.000436,17,9,1.1111,1.1111,2,9,2436.4344,1,darsh.pillai975@okaxis
ACC00149,0.000433,18,8,1.0,1.0,1,8,705.82,1,abeer.behl826@okaxis
ACC00150,0.000154,12,16,1.0,1.25,1,16,1248.1825,1,samarth.rama48@okaxis
ACC00151,0.000399,29,7,1.0,1.2857,1,7,2826.6957,1,suhani.loke871@okhdfcbank
ACC00152,0.000293,17,8,1.0,1.25,1,8,908.265,1,timothy.thaman908@okaxis
ACC00153,0.000432,21,8,1.0,1.375,1,8,620.7938,1,triveni.parmer410@okaxis
ACC00154,0.000208,19,10,1.0,1.0,1,10,833.334,1,samaksh.keer705@okicici
ACC00155,0.000268,13,6,1.0,1.1667,1,6,801.6333,1,qabil.bahl436@okaxis
ACC00156,0.000174,12,4,1.0,1.25,1,4,694.72,1,megha.batra981@kotak
ACC00157,0.000327,15,8,1.0,1.0,1,8,1055.4188,1,jeet.konda571@okaxis
ACC00158,0.000266,14,14,1.0,1.2,1,15,1583.2527,1,laban.chana137@ibl
ACC00159,0.00021,16,13,1.0,1.0769,1,13,1134.4354,1,chatresh.chaudhry610@ybl
ACC00160,0.000253,16,13,1.0,1.0769,1,13,1027.56,1,imaran.singh835@kotak
ACC00161,0.000298,19,15,1.0,1.1333,1,15,1447.194,1,gaurang.sathe929@kotak
ACC00162,0.000343,17,12,1.0,1.0833,1,12,1348.3925,1,widisha.sachdev762@ibl
ACC00163,0.000406,19,11,1.0909,1.0909,2,11,822.5355,1,zinal.sachdeva770@okaxis
ACC00164,0.000315,15,8,1.0,1.0,1,8,1556.6762,1,tripti.karan797@kotak
ACC00165,0.000534,23,13,1.0769,1.2308,2,13,1334.9346,1,kabir.yadav245@paytm
ACC00166,0.000461,18,7,1.0,1.0,1,7,742.4943,1,damini.wagle731@paytm
ACC00167,0.000197,15,5,1.0,1.0,1,5,2099.926,1,bakhshi.chhabra344@ybl
ACC00168,0.000475,16,15,1.0,1.1333,1,15,854.9807,1,ekaraj.wali142@oksbi
ACC00169,0.00025,16,6,1.0,1.0,1,6,903.3783,1,ojasvi.das711@oksbi
ACC00170,0.000181,11,16,1.0,1.0,1,16,1104.68,1,tanveer.bhagat425@upi
ACC00171,0.000253,18,8,1.0,1.0,1,8,1393.1388,1,praneel.varty478@upi
ACC00172,0.000137,10,7,1.0,1.0,1,7,1296.2271,1,zaid.prabhu853@upi
ACC00173,0.000456,20,7,1.0,1.0,1,7,502.7314,1,manthan.kara599@okicici
ACC00174,0.000251,16,11,1.0909,1.1818,2,11,1082.5427,1,veer.randhawa489@okicici
ACC00175,0.000273,18,10,1.0,1.0,1,10,1776.752,1,gaurav.dutt772@upi
ACC00176,0.000144,11,10,1.0,1.1,1,10,1305.301,1,chameli.dugar766@kotak
ACC00177,0.000513,22,7,1.0,1.0,1,7,433.4414,1,kashish.kala500@okaxis
ACC00178,0.000258,12,10,1.0,1.3,1,10,1401.138,1,upasna.hari498@okicici
ACC00179,0.000396,19,7,1.0,1.1429,1,7,3263.1843,1,fiyaz.seth685@upi
ACC00180,0.000422,22,11,1.0,1.1818,1,11,912.6909,1,geetika.thakur479@oksbi
ACC00181,0.000296,13,12,1.0,1.1667,1,12,1181.0742,1,jai.biswas28@upi
ACC00182,0.000332,23,7,1.0,1.2857,1,7,2401.1886,1,gautam.nadkarni679@okicici
ACC00183,0.000351,17,15,1.0,1.2667,1,15,960.278,1,ati.soni439@oksbi
ACC00184,0.000383,16,9,1.0,1.1111,1,9,1423.1722,1,ayush.murty52@paytm
ACC00185,0.000365,21,13,1.0,1.0769,1,13,1744.2085,1,janani.borah217@ibl
ACC00186,0.000372,16,6,1.0,1.0,1,6,1318.9733,1,raghav.palan780@upi
ACC00187,0.000299,16,9,1.0,1.1111,1,9,980.1678,1,brinda.mitter975@upi
ACC00188,0.000388,22,12,1.0,1.4167,1,12,1326.3733,1,ekavir.khatri84@ibl
ACC00189,0.000296,20,9,1.0,1.1111,1,9,1687.6222,1,charvi.verma553@okicici
ACC00190,0.000186,10,8,1.0,1.125,1,8,1771.875,1,damyanti.taneja666@okhdfcbank
ACC00191,0.000451,17,6,1.0,1.0,1,6,864.07,1,forum.sawhney32@okaxis
ACC00192,0.000335,18,9,1.0,1.0,1,9,1552.8133,1,ekapad.kalita21@oksbi
ACC00193,0.000743,15,12,1.0,1.0,1,12,1788.8967,1,warinder.nagarajan485@okhdfcbank
ACC00194,0.000443,20,9,1.0,1.1111,1,9,1646.8422,1,noah.mangal477@paytm
ACC00195,0.000206,13,12,1.0,1.1667,1,12,765.2525,1,neel.rau621@okhdfcbank
ACC00196,0.000252,19,20,1.0,1.15,1,20,1069.2205,1,leela.dugar111@okicici
ACC00197,0.000771,26,12,1.0,1.0833,1,12,503.6667,1,maanas.kannan694@upi
ACC00198,0.00019,13,8,1.0,1.0,1,8,1411.01,1,gaurang.more204@okhdfcbank
ACC00199,0.000256,23,5,1.0,1.2,1,5,1464.254,1,sanaya.shetty851@okaxis
ACC00200,0.000397,19,11,1.0,1.1818,1,11,1320.5636,1,jeet.mani792@paytm
ACC00201,0.000439,21,7,1.0,1.1429,1,7,1879.7714,1,harita.choudhry124@okicici
ACC00202,0.000788,28,11,1.0,1.0,1,11,1401.3955,1,maanas.chhabra439@ybl
ACC00203,0.00032,20,15,1.0,1.0667,1,15,1024.6353,1,devansh.raju664@ybl
ACC00204,0.000476,21,12,1.0,1.25,1,12,979.085,1,aarini.parsa431@ibl
ACC00205,0.000276,14,10,1.0,1.1,1,10,4951.471,1,yamini.mohan984@ybl
ACC00206,0.000419,18,14,1.0,1.2143,1,14,1809.2593,1,warda.devi157@upi
ACC00207,0.00032,21,5,1.0,1.0,1,5,1798.678,1,aarnav.bhalla535@paytm
ACC00208,0.000357,17,13,1.0,1.0,1,13,932.7123,1,rajeshri.garde942@kotak
ACC00209,0.000281,16,13,1.0769,1.1538,2,13,1098.2454,1,vasana.bal447@paytm
ACC00210,0.000287,22,15,1.0,1.2667,1,15,1146.1033,1,bimala.butala252@okhdfcbank
ACC00211,0.000183,12,8,1.0,1.0,1,8,1993.2275,1,akshay.varma250@ibl
ACC00212,0.000409,16,13,1.0,1.0769,1,13,788.35,1,meghana.chander685@upi
ACC00213,0.000301,10,8,1.0,1.0,1,8,618.2462,1,qasim.dhawan507@ybl
ACC00214,0.000425,14,10,1.0,1.0,1,10,1544.568,1,qarin.pandit218@ybl
ACC00215,0.00022,19,8,1.0,1.125,1,8,1463.6788,1,samaksh.korpal287@paytm
ACC00216,9e-05,14,8,1.0,1.0,1,8,1202.4438,1,nicholas.bajaj530@okaxis
ACC00217,0.000218,20,11,1.0,1.0909,1,11,2076.6073,1,gaurang.varughese738@upi
ACC00218,0.0002,17,4,1.0,1.0,1,4,1968.55,1,quincy.kashyap777@okaxis
ACC00219,0.000351,24,11,1.0,1.0909,1,11,3465.5045,1,oscar.memon729@ibl
ACC00220,0.000301,14,5,1.0,1.2,1,5,1003.02,1,madhav.rege18@okhdfcbank
ACC00221,0.000392,21,8,1.0,1.0,1,8,972.85,1,darpan.gour415@okaxis
ACC00222,0.000658,20,10,1.0,1.4,1,10,1989.444,1,ikshita.aggarwal596@ybl
ACC00223,0.000297,17,13,1.0,1.1538,1,13,2389.3415,1,kalpit.kakar544@ybl
ACC00224,0.000298,11,11,1.0,1.0909,1,11,1259.1373,1,ekaraj.aggarwal564@ybl
ACC00225,0.000253,16,6,1.0,1.3333,1,6,1318.5233,1,simon.bhatt465@paytm
ACC00226,0.00046,18,12,1.0,1.0833,1,12,3297.6567,1,christopher.basak237@okhdfcbank
ACC00227,0.000425,13,10,1.0,1.0,1,10,935.176,1,pallavi.kanda123@kotak
ACC00228,0.000494,21,12,1.0,1.25,1,12,798.0908,1,samesh.chadha222@ibl
ACC00229,0.000338,17,14,1.0,1.0714,1,14,783.6357,1,saksham.yohannan604@kotak
ACC00230,0.000394,21,15,1.0,1.1333,1,15,1562.8327,1,wriddhish.mani103@okaxis
ACC00231,0.000376,19,13,1.0,1.1538,1,13,2586.5508,1,dalbir.d’alia370@oksbi
ACC00232,0.000323,20,12,1.0,1.1667,1,12,987.5925,1,zehaan.parekh726@kotak
ACC00233,0.000325,17,12,1.0,1.0833,1,12,1554.3208,1,nirja.sabharwal47@okicici
ACC00234,0.000507,18,10,10.0,10.0,10,10,1133.18,1,viraj.bali715@oksbi
ACC00235,0.000538,20,8,1.0,1.125,1,8,830.8962,1,sathvik.ganesan894@okicici
ACC00236,0.000567,27,7,1.0,1.0,1,7,1188.9457,1,wriddhish.merchant481@ibl
ACC00237,0.000444,26,7,1.0,1.0,1,7,1651.11,1,raagini.halder189@okicici
ACC00238,0.000508,21,16,1.0,1.1875,1,16,1111.77,1,chanchal.tata490@okhdfcbank
ACC00239,0.000446,19,10,1.0,1.0,1,10,2635.043,1,unnati.chaudhuri504@okhdfcbank
ACC00240,0.000345,18,16,1.0,1.25,1,16,1047.5363,1,meghana.vaidya703@okicici
ACC00241,0.00018,14,9,1.0,1.0,1,9,1160.39,1,wridesh.koshy831@paytm
ACC00242,0.000421,18,11,1.0,1.0909,1,11,1888.3445,1,kamala.patel122@kotak
ACC00243,0.000462,22,6,1.0,1.3333,1,6,1069.925,1,mohini.sinha611@okaxis
ACC00244,0.000285,23,10,1.1,1.1,2,10,865.458,1,darsh.krishnamurthy462@ibl
ACC00245,0.000605,19,10,1.0,1.0,1,10,755.81,1,veer.doctor603@upi
ACC00246,0.000179,11,11,1.0,1.0909,1,11,1699.5345,1,yatan.sule636@okicici
ACC00247,0.000428,16,8,1.0,1.0,1,8,886.7338,1,robert.pal102@okaxis
ACC00248,0.000296,15,14,1.0,1.0714,1,14,1486.4414,1,zayyan.choudhury677@okhdfcbank
ACC00249,0.000686,23,18,1.0,1.2778,1,18,1498.8117,1,qushi.kalita178@kotak
ACC00250,0.000343,24,10,1.0,1.1,1,10,1523.002,1,jalsa.varty3@upi
ACC00251,0.000309,16,8,1.0,1.25,1,8,275.465,1,rachit.dada609@ibl
ACC00252,0.000244,15,9,1.0,1.1111,1,9,1189.9056,1,dalbir.kashyap238@paytm
ACC00253,0.000265,15,4,1.0,1.0,1,4,1402.045,1,zansi.goda881@ibl
ACC00254,0.00022,16,15,1.0,1.0667,1,15,798.204,1,triya.acharya240@paytm
ACC00255,0.000302,17,19,1.0,1.1579,1,19,854.6132,1,waida.shetty824@okaxis
ACC00256,0.000554,17,10,1.0,1.5,1,10,866.341,1,bhavani.raghavan558@okaxis
ACC00257,0.000334,20,10,1.0,1.4,1,10,1859.025,1,gaurang.natarajan847@oksbi
ACC00258,0.000173,14,13,1.0,1.1538,1,13,1223.55,1,chakrika.sodhi170@paytm
ACC00259,0.000167,10,12,1.0,1.0,1,12,1209.065,1,mohini.sachdev845@paytm
ACC00260,0.000371,18,13,1.0,1.0769,1,13,1062.5462,1,jagvi.naidu480@paytm
ACC00261,0.000156,14,5,1.0,1.0,1,5,568.64,1,chaaya.mann513@kotak
ACC00262,0.000219,21,7,1.0,1.1429,1,7,929.0529,1,avi.contractor83@okicici
ACC00263,0.0005,25,12,1.0,1.1667,1,12,1601.3783,1,dev.nagi331@paytm
ACC00264,0.000716,20,10,1.0,1.0,1,10,723.178,1,suhani.shanker235@okicici
ACC00265,0.000254,20,7,1.0,1.1429,1,7,637.5343,1,yatan.chowdhury42@oksbi
ACC00266,0.00028,15,5,1.0,1.0,1,5,948.264,1,dayamai.gandhi668@ibl
ACC00267,0.000208,15,9,1.0,1.1111,1,9,4290.49,1,nidhi.srinivasan600@upi
ACC00268,0.000155,11,9,1.0,1.2222,1,9,3133.1589,1,pranav.ravi482@ybl
ACC00269,0.000405,25,8,1.0,1.125,1,8,1230.985,1,jatin.subramanian329@okhdfcbank
ACC00270,0.000344,17,9,1.0,1.0,1,9,2211.9478,1,bachittar.dewan422@ibl
ACC00271,0.000359,14,9,1.0,1.1111,1,9,841.1389,1,ria.setty968@upi
ACC00272,0.000325,12,15,1.0,1.1333,1,15,756.4607,1,qushi.mittal466@okhdfcbank
ACC00273,0.000194,17,5,1.0,1.0,1,5,1040.412,1,rajeshri.bahl332@okhdfcbank
ACC00274,0.000199,15,11,1.0909,1.0909,2,11,902.6282,1,arin.sekhon527@okicici
ACC00275,0.000345,22,8,1.0,1.0,1,8,741.6875,1,ekbal.sekhon424@okicici
ACC00276,0.000643,25,7,1.0,1.2857,1,7,3861.5657,1,guneet.varkey371@ibl
ACC00277,0.000332,21,7,1.0,1.1429,1,7,1496.6929,1,bhavya.minhas53@okaxis
ACC00278,0.00037,19,8,1.0,1.0,1,8,1828.0262,1,fiyaz.sachar135@paytm
ACC00279,0.000335,20,10,1.0,1.1,1,10,842.66,1,azad.oommen497@okhdfcbank
ACC00280,0.000302,13,14,1.0,1.0714,1,14,2158.2779,1,ikbal.upadhyay624@okaxis
ACC00281,0.000172,8,8,1.0,1.0,1,8,790.8462,1,leela.pau565@okicici
ACC00282,0.000433,22,7,1.0,1.0,1,7,487.5586,1,gauri.bhatt96@okaxis
ACC00283,0.000374,19,13,1.0,1.0769,1,13,868.8438,1,parth.baral970@okhdfcbank
ACC00284,0.000452,17,9,1.0,1.0,1,9,1521.9878,1,ishani.mohanty956@paytm
ACC00285,0.000454,16,12,1.0,1.0833,1,12,552.8317,1,wakeeta.prakash280@upi
ACC00286,0.000282,18,9,1.0,1.2222,1,9,1307.3933,1,parth.sahni250@ibl
ACC00287,0.000197,17,12,1.0833,1.1667,2,12,778.365,1,qushi.kapadia393@okaxis
ACC00288,0.000215,14,6,1.0,1.0,1,6,492.4767,1,ucchal.deep765@oksbi
ACC00289,0.00036,17,9,1.1111,1.2222,2,9,1143.3333,1,nikita.sekhon792@upi
ACC00290,0.000284,20,10,1.0,1.0,1,10,1923.622,1,ria.natt520@paytm
ACC00291,0.00022,17,10,1.0,1.0,1,10,1042.187,1,nikita.bassi744@paytm
ACC00292,0.000224,18,8,1.0,1.125,1,8,608.7075,1,isaac.dash676@ibl
ACC00293,0.000205,13,10,1.0,1.1,1,10,1492.514,1,anika.rastogi552@ibl
ACC00294,0.000127,16,9,1.0,1.0,1,9,1368.1156,1,anita.morar566@kotak
ACC00295,0.000398,13,8,1.0,1.125,1,8,1844.835,1,baghyawati.sundaram956@ybl
ACC00296,0.000317,17,6,1.0,1.0,1,6,1278.165,1,aadi.samra245@upi
ACC00297,0.000665,16,7,1.1429,1.1429,2,7,1160.5643,1,wahab.sankar795@upi
ACC00298,0.000259,20,6,1.0,1.0,1,6,1626.8617,1,om.sarkar763@ibl
ACC00299,0.000309,17,13,1.0,1.1538,1,13,1550.2277,1,warda.nigam680@oksbi
ACC00300,0.000323,22,9,1.0,1.0,1,9,924.2544,1,teerth.randhawa130@kotak
ACC00301,0.00032,16,13,1.0,1.0,1,13,918.18,1,owen.srinivas891@okhdfcbank
ACC00302,0.000256,11,8,1.0,1.125,1,8,768.37,1,shravya.divan539@ibl
ACC00303,0.000292,14,10,1.0,1.0,1,10,1350.807,1,aarini.ramesh148@upi
ACC00304,0.000275,16,9,1.0,1.0,1,9,7573.3967,1,ridhi.kala481@paytm
ACC00305,0.000407,23,8,1.0,1.125,1,8,1581.7675,1,radha.bhardwaj710@upi
ACC00306,0.000116,11,5,1.0,1.0,1,5,622.898,1,frado.misra337@kotak
ACC00307,0.000328,22,8,1.0,1.0,1,8,1741.415,1,samarth.barman642@ibl
ACC00308,0.000305,15,11,1.0,1.0909,1,11,1257.5364,1,vyanjana.shenoy633@okhdfcbank
ACC00309,0.0002,18,11,1.0,1.0909,1,11,706.7291,1,samesh.ravi701@paytm
ACC00310,0.000174,13,10,1.0,1.1,1,10,1348.354,1,bahadurjit.sami93@upi
ACC00311,0.000191,16,9,1.0,1.0,1,9,3767.1656,1,ojasvi.varma649@okhdfcbank
ACC00312,0.000234,12,12,1.0,1.0,1,12,1023.1367,1,ekavir.bhattacharyya711@paytm
ACC00313,0.000605,15,15,1.0667,1.2667,2,15,1518.2793,1,neel.arora333@okicici
ACC00314,0.000364,21,13,1.0,1.3077,1,13,2068.3085,1,jagdish.chawla384@upi
ACC00315,0.000525,18,11,1.0,1.0909,1,11,729.0073,1,abdul.madan544@upi
ACC00316,0.000403,17,6,1.0,1.0,1,6,847.735,1,riya.oza812@oksbi
ACC00317,0.000263,18,16,1.0,1.125,1,16,1258.6875,1,anthony.sandhu81@upi
ACC00318,0.000195,14,9,1.0,1.1111,1,9,742.4933,1,samar.kohli247@ibl
ACC00319,0.00012,13,10,1.0,1.3,1,10,945.607,1,vasudha.sodhi238@ibl
ACC00320,0.000389,19,10,1.0,1.0,1,10,604.558,1,daniel.balan262@okicici
ACC00321,0.000425,21,6,1.0,1.0,1,6,2764.56,1,gopal.sinha694@kotak
ACC00322,0.000264,17,14,1.0,1.2857,1,14,2162.4071,1,jackson.wable453@ybl
ACC00323,0.000394,22,13,1.0,1.1538,1,13,1526.8038,1,vedhika.choudhary655@upi
ACC00324,0.000308,16,10,1.0,1.0,1,10,925.318,1,qabil.prashad866@paytm
ACC00325,0.000227,15,11,1.0,1.0909,1,11,1563.1309,1,vedika.nair874@ibl
ACC00326,0.000228,17,5,1.0,1.2,1,5,899.13,1,ethan.comar391@ybl
ACC00327,0.000342,18,9,1.0,1.1111,1,9,1318.9467,1,lakshit.bahri717@paytm
ACC00328,0.000284,15,12,1.0,1.25,1,12,1430.2817,1,ekani.shan675@upi
ACC00329,0.000393,25,11,1.0,1.0909,1,11,980.1518,1,irya.narain580@okicici
ACC00330,0.000187,16,11,1.0,1.1818,1,11,687.3818,1,pranit.kumar509@paytm
ACC00331,0.000139,17,5,1.0,1.0,1,5,1819.07,1,udant.andra822@ybl
ACC00332,0.0002,17,9,1.0,1.1111,1,9,685.5711,1,vaishnavi.nadkarni195@paytm
ACC00333,0.000375,11,8,1.0,1.125,1,8,3907.0513,1,raagini.lanka100@okicici
ACC00334,0.000215,12,13,1.0,1.0769,1,13,1249.4515,1,warinder.bail452@okicici
ACC00335,0.0003,14,11,1.0,1.0909,1,11,1462.4209,1,nidhi.seshadri750@oksbi
ACC00336,0.000248,15,7,1.0,1.0,1,7,764.8529,1,udarsh.sura335@upi
ACC00337,0.000287,16,11,1.0,1.0909,1,11,1399.7736,1,praneel.pillay136@kotak
ACC00338,0.000282,16,9,1.0,1.0,1,9,810.4978,1,aarush.kapadia514@paytm
ACC00339,0.000265,13,9,1.0,1.0,1,9,788.73,1,wishi.pandya936@ibl
ACC00340,0.000367,17,11,1.0,1.0909,1,11,1544.9864,1,chatresh.shah892@ybl
ACC00341,0.000251,14,8,1.0,1.2222,1,9,1009.3311,1,dhriti.kumer987@okhdfcbank
ACC00342,0.000345,17,8,1.0,1.125,1,8,1219.4525,1,vyanjana.mannan990@okaxis
ACC00343,0.000398,17,12,1.0,1.1667,1,12,1849.8733,1,kiaan.sood824@kotak
ACC00344,0.000348,28,9,1.0,1.0,1,9,758.3378,1,parth.kannan810@upi
ACC00345,0.000399,22,9,1.0,1.0,1,9,1976.1244,1,dayamai.bahl550@okhdfcbank
ACC00346,0.00059,20,12,1.0,1.0833,1,12,578.7633,1,isha.om689@paytm
ACC00347,0.000422,16,10,1.0,1.1,1,10,989.415,1,turvi.das843@ybl
ACC00348,0.000292,22,5,1.0,1.0,1,5,1091.852,1,samaksh.parekh240@ibl
ACC00349,0.000456,20,8,1.0,1.0,1,8,983.6262,1,hemangini.baral906@kotak
ACC00350,0.00027,12,14,1.0714,1.0714,2,14,1610.2779,1,diya.dutta227@okhdfcbank
ACC00351,0.000302,23,7,1.0,1.1429,1,7,1879.3229,1,reva.bhasin310@upi
ACC00352,0.000316,18,9,1.0,1.0,1,9,905.9989,1,bachittar.rajagopalan47@okicici
ACC00353,0.000686,28,10,1.0,1.1,1,10,857.226,1,henry.puri119@okhdfcbank
ACC00354,0.000389,18,10,1.1,1.1,2,10,1511.026,1,ikshita.nadig139@upi
ACC00355,0.000302,22,14,1.0,1.3571,1,14,970.2986,1,kamya.sarraf687@kotak
ACC00356,0.00032,17,16,1.0,1.0625,1,16,1357.3319,1,indali.mahal761@oksbi
ACC00357,0.000206,16,13,1.0,1.0769,1,13,1527.7562,1,owen.shere102@ibl
ACC00358,0.000164,14,11,1.0,1.1818,1,11,577.1673,1,darsh.rajan962@paytm
ACC00359,0.000248,19,11,1.0,1.1818,1,11,1521.1291,1,zinal.mall380@okaxis
ACC00360,0.00023,14,11,1.0,1.0909,1,11,1511.7109,1,zayyan.doctor974@okaxis
ACC00361,0.000251,22,6,1.0,1.1667,1,6,873.1817,1,jhalak.sastry703@ybl
ACC00362,0.000242,12,11,1.0,1.0909,1,11,1908.0336,1,noah.shenoy368@okicici
ACC00363,0.000278,13,5,1.0,1.0,1,5,1656.9,1,abha.grover195@okhdfcbank
ACC00364,0.000216,17,12,1.0,1.1667,1,12,1461.4808,1,nathaniel.acharya679@okaxis
ACC00365,0.000148,18,15,1.0,1.0667,1,15,1043.8447,1,deepa.ahluwalia52@ybl
ACC00366,0.000236,19,8,1.0,1.0,1,8,1133.1112,1,shaurya.bumb806@okaxis
ACC00367,0.000256,17,12,1.0,1.0833,1,12,1122.8658,1,saanvi.chandran784@kotak
ACC00368,0.000247,24,12,1.0,1.0,1,12,961.085,1,dhruv.khatri222@okaxis
ACC00369,0.000364,16,13,1.0,1.0,1,13,1166.1108,1,aashi.rana152@okicici
ACC00370,0.000455,23,8,1.0,1.0,1,8,1079.1375,1,fiyaz.dani149@oksbi
ACC00371,0.000543,22,9,1.0,1.0,1,9,1109.4678,1,brinda.master818@oksbi
ACC00372,0.00021,18,8,1.0,1.25,1,8,585.7038,1,nimrat.swaminathan888@okicici
ACC00373,0.000508,22,8,1.0,1.0,1,8,1050.1075,1,indali.kuruvilla367@okaxis
ACC00374,0.000489,24,5,1.0,1.0,1,5,3184.288,1,balhaar.dash17@oksbi
ACC00375,0.000451,19,5,1.0,1.0,1,5,3949.97,1,pallavi.gopal130@upi
ACC00376,0.000143,15,9,1.0,1.0,1,9,1459.7667,1,bachittar.palan764@okhdfcbank
ACC00377,0.000262,19,10,1.0,1.0,1,10,1726.128,1,prisha.dhaliwal797@ybl
ACC00378,0.000299,23,14,1.0714,1.2143,2,14,1084.2793,1,edhitha.chada112@ibl
ACC00379,0.000269,13,10,1.0,1.1,1,10,760.191,1,anvi.chad969@okicici
ACC00380,0.00028,19,9,1.0,1.0,1,9,779.2056,1,netra.lad470@okicici
ACC00381,0.000712,15,10,1.0,1.1,1,10,1243.554,1,pallavi.balasubramanian868@upi
ACC00382,0.000375,18,11,1.0,1.2727,1,11,2110.7718,1,caleb.karnik111@ibl
ACC00383,0.000335,20,9,1.0,1.1111,1,9,1031.8911,1,aashi.dasgupta921@okhdfcbank
ACC00384,0.000401,22,7,1.0,1.0,1,7,1702.8457,1,onkar.bhatti152@okhdfcbank
ACC00385,0.000564,21,13,1.0,1.1538,1,13,1190.6754,1,vanya.balasubramanian640@kotak
ACC00386,0.000409,25,11,1.0,1.0909,1,11,3290.32,1,pranit.raval612@kotak
ACC00387,0.000337,16,12,1.0,1.25,1,12,449.49,1,gavin.bhandari518@upi
ACC00388,0.000618,15,4,1.0,1.0,1,4,272.57,1,samesh.mittal719@okhdfcbank
ACC00389,0.000265,13,9,1.0,1.1111,1,9,804.1878,1,damyanti.mahal887@okaxis
ACC00390,0.000256,17,10,1.0,1.0,1,10,1976.57,1,ishwar.mani910@okaxis
ACC00391,0.000312,13,10,1.0,1.0,1,10,1383.171,1,jeet.deshpande848@ibl
ACC00392,0.000292,17,9,1.0,1.1111,1,9,647.5733,1,avi.dyal748@okhdfcbank
ACC00393,0.000229,13,15,1.0,1.1333,1,15,891.372,1,jacob.garg321@paytm
ACC00394,0.000227,13,9,1.0,1.2222,1,9,748.2889,1,pranav.loke704@ibl
ACC00395,0.000303,17,4,1.0,1.25,1,4,1421.1475,1,jalsa.sehgal852@okhdfcbank
ACC00396,0.000346,12,12,1.0,1.0833,1,12,1300.5508,1,timothy.wali99@ybl
ACC00397,0.000208,18,10,1.0,1.1,1,10,2233.704,1,kashvi.sastry62@kotak
ACC00398,0.000214,17,9,1.0,1.2222,1,9,1213.53,1,nathaniel.kala687@okhdfcbank
ACC00399,0.000143,6,9,1.0,1.1111,1,9,2796.6178,1,peter.chokshi895@upi
ACC00400,0.000276,22,13,1.0,1.3077,1,13,1523.2985,1,baljiwan.vora615@paytm
ACC00401,0.000299,21,10,1.0,1.0,1,10,967.633,1,rushil.sahni592@kotak
ACC00402,0.000474,23,11,1.0,1.1818,1,11,1355.9336,1,prisha.goda673@ibl
ACC00403,0.000433,19,12,1.0,1.1667,1,12,1004.9233,1,jackson.bora111@ybl
ACC00404,0.000411,21,11,1.0,1.2727,1,11,885.9227,1,omisha.kaur118@paytm
ACC00405,0.000371,20,8,1.0,1.0,1,8,830.5975,1,samaksh.sahni827@upi
ACC00406,0.000457,25,10,1.1,1.4,2,10,543.013,1,jalsa.lanka839@kotak
ACC00407,0.000178,18,14,1.0714,1.0714,2,14,1192.7014,1,harish.devan952@paytm
ACC00408,0.000251,14,9,1.0,1.1111,1,9,983.0278,1,banjeet.sarma280@paytm
ACC00409,0.000345,18,10,1.0,1.1,1,10,962.336,1,ati.mishra7@oksbi
ACC00410,0.000458,20,17,1.0,1.0588,1,17,687.5582,1,advika.varkey674@upi
ACC00411,0.000445,17,10,1.0,1.0,1,10,1367.607,1,chanchal.bhandari759@okicici
ACC00412,0.000387,20,14,1.0714,1.2143,2,14,1482.505,1,mohammed.dewan544@okaxis
ACC00413,0.000264,17,5,1.0,1.0,1,5,1293.786,1,hemang.munshi465@ybl
ACC00414,0.000634,17,6,1.0,1.0,1,6,1383.1183,1,gavin.pillai320@ybl
ACC00415,0.000275,18,11,1.0,1.1818,1,11,2381.5591,1,praneel.date87@okicici
ACC00416,0.000263,19,9,1.0,1.2222,1,9,1622.0822,1,abha.krish773@okicici
ACC00417,0.000643,24,6,1.0,1.0,1,6,1452.1917,1,chandran.mahajan454@upi
ACC00418,0.00031,13,15,1.0,1.1333,1,15,1134.854,1,tamanna.chandra453@upi
ACC00419,0.000263,14,3,1.0,1.0,1,3,1471.25,1,agastya.shan774@kotak
ACC00420,0.00027,18,8,1.0,1.0,1,8,1207.9138,1,bhavya.comar441@okhdfcbank
ACC00421,0.000276,16,9,1.1111,1.2222,2,9,1093.3522,1,sachi.jayaraman695@ibl
ACC00422,0.00038,19,6,1.0,1.1667,1,6,1858.7667,1,gayathri.sankar316@okicici
ACC00423,0.000188,17,9,1.0,1.1111,1,9,3491.8111,1,chameli.kalita614@okicici
ACC00424,0.000446,23,7,1.0,1.1429,1,7,954.36,1,parth.barad309@okaxis
ACC00425,0.000925,18,12,1.0,1.0833,1,12,2142.8442,1,ishanvi.bahl262@paytm
ACC00426,0.000138,9,7,1.0,1.2857,1,7,1073.9043,1,owen.divan8@ibl
ACC00427,0.000275,18,13,1.0,1.0769,1,13,1009.6815,1,jasmit.barad133@upi
ACC00428,0.000194,11,10,1.0,1.1,1,10,2543.438,1,leela.garde236@kotak
ACC00429,0.000478,17,11,1.0,1.2727,1,11,1682.0373,1,rehaan.anne685@ybl
ACC00430,0.00045,21,7,1.0,1.0,1,7,2239.6543,1,udyati.loyal883@okicici
ACC00431,7.9e-05,9,14,1.0,1.2143,1,14,1272.9757,1,ekiya.ravi471@okhdfcbank
ACC00432,0.000348,19,8,1.0,1.125,1,8,3189.1175,1,ikbal.bassi440@upi
ACC00433,0.000317,15,12,1.0,1.0833,1,12,628.7575,1,mitali.dugal118@upi
ACC00434,0.000436,16,10,1.0,1.0,1,10,939.389,1,madhavi.dayal176@ibl
ACC00435,0.000383,13,8,1.0,1.0,1,8,1499.7425,1,meera.nanda448@okhdfcbank
ACC00436,0.00028,15,10,1.0,1.3,1,10,632.565,1,oscar.jhaveri604@upi
ACC00437,0.00016,13,11,1.0,1.2727,1,11,992.3355,1,ranbir.agrawal406@paytm
ACC00438,0.000344,9,9,1.0,1.1111,1,9,856.6833,1,ganga.grover342@oksbi
ACC00439,0.000527,22,6,1.0,1.0,1,6,378.7133,1,ekta.gara649@okhdfcbank
ACC00440,0.00026,19,13,1.0769,1.0769,2,13,1664.6408,1,madhav.soni199@ybl
ACC00441,0.000315,15,12,1.0,1.0833,1,12,1637.9242,1,janaki.ratti982@oksbi
ACC00442,0.000278,15,9,1.0,1.1111,1,9,1051.7778,1,timothy.bumb150@paytm
ACC00443,0.000364,26,12,1.0833,1.4167,2,12,1371.4433,1,balvan.grover617@oksbi
ACC00444,0.000246,10,13,1.0,1.0,1,13,2320.2677,1,deepa.mannan975@ibl
ACC00445,0.000333,18,11,1.0,1.0,1,11,1609.6345,1,bimala.ravi578@ibl
ACC00446,0.000177,11,8,1.0,1.125,1,8,799.8825,1,krisha.raj651@ybl
ACC00447,0.000227,17,11,1.0,1.1818,1,11,474.9736,1,damyanti.som451@okhdfcbank
ACC00448,0.000442,16,4,1.0,1.0,1,4,524.8625,1,ridhi.subramaniam647@paytm
ACC00449,0.000425,19,9,1.0,1.1111,1,9,1510.7533,1,pahal.srinivas58@ybl
ACC00450,0.000333,16,11,1.0,1.0,1,11,1411.2227,1,daniel.saxena318@ibl
ACC00451,0.000557,18,5,1.0,1.0,1,5,343.476,1,azaan.dash59@ybl
ACC00452,0.000397,15,12,1.0,1.1667,1,12,1344.9192,1,viraj.bala661@okhdfcbank
ACC00453,0.000302,15,12,1.0,1.1667,1,12,1140.37,1,devansh.chahal520@upi
ACC00454,0.000196,13,10,1.0,1.0,1,10,1089.624,1,dominic.desai568@okicici
ACC00455,0.000333,20,6,1.0,1.0,1,6,763.7217,1,mohammed.ahluwalia586@okaxis
ACC00456,8.1e-05,11,13,1.0,1.0,1,13,3433.1177,1,pallavi.master488@kotak
ACC00457,0.000213,19,11,1.0,1.0909,1,11,1063.7745,1,indali.chada462@okhdfcbank
ACC00458,0.000268,15,8,1.0,1.0,1,8,1746.2812,1,mahika.ramanathan87@kotak
ACC00459,0.000412,20,15,1.0,1.1333,1,15,1808.3287,1,timothy.rana254@ibl
ACC00460,0.000255,15,7,1.0,1.1429,1,7,1353.5329,1,mason.hans536@oksbi
ACC00461,0.000228,15,13,1.0,1.1538,1,13,522.6662,1,yatin.dhar940@paytm
ACC00462,0.00012,11,10,1.0,1.1,1,10,4398.257,1,ojasvi.mander794@ybl
ACC00463,0.000215,12,8,1.0,1.25,1,8,1593.0525,1,meera.mitra809@ybl
ACC00464,0.000421,20,11,1.0,1.1667,1,12,876.7483,1,yash.dave97@kotak
ACC00465,0.000247,13,9,1.0,1.1111,1,9,2880.9689,1,dayamai.dua259@oksbi
ACC00466,0.000414,23,6,1.0,1.0,1,6,1017.3133,1,ganga.savant597@oksbi
ACC00467,0.000257,13,8,1.0,1.0,1,8,1333.665,1,timothy.raghavan991@upi
ACC00468,0.00031,16,9,1.0,1.2222,1,9,945.6811,1,chandresh.sahni726@okhdfcbank
ACC00469,0.000475,14,5,1.0,1.0,1,5,1588.276,1,karan.chopra386@ybl
ACC00470,0.00021,18,11,1.0,1.0,1,11,1003.9445,1,ryan.mann720@kotak
ACC00471,0.000416,15,14,1.0,1.1429,1,14,1040.015,1,vasudha.grewal687@upi
ACC00472,0.000448,22,9,1.0,1.1111,1,9,930.9333,1,libni.lad19@ybl
ACC00473,0.000539,17,16,1.0,1.0,1,16,1306.7081,1,benjamin.shah974@okaxis
ACC00474,0.000199,18,11,1.0,1.0,1,11,1169.5245,1,avi.bains498@okaxis
ACC00475,0.00046,19,10,1.0,1.2,1,10,2354.176,1,waida.borde159@okhdfcbank
ACC00476,0.000327,16,13,1.0,1.1538,1,13,875.3092,1,jagrati.chhabra808@okhdfcbank
ACC00477,0.000301,12,11,1.0,1.0909,1,11,1170.8818,1,diya.vig553@kotak
ACC00478,0.000371,21,10,1.0,1.1,1,10,1129.464,1,raagini.dewan345@oksbi
ACC00479,0.000336,18,4,1.0,1.0,1,4,524.2275,1,yachana.kapoor158@oksbi
ACC00480,0.000323,17,12,1.0,1.25,1,12,995.5883,1,anvi.srivastava710@oksbi
ACC00481,0.000328,14,8,1.0,1.125,1,8,1435.0312,1,bhavya.dhar421@ybl
ACC00482,0.000228,16,10,1.1,1.1,2,10,1300.101,1,sarthak.kara626@paytm
ACC00483,0.000267,12,6,1.0,1.1667,1,6,1794.705,1,faqid.saha547@okaxis
ACC00484,0.000299,21,8,1.125,1.125,2,8,985.8338,1,vidhi.palla804@ibl
ACC00485,0.000218,18,10,1.0,1.1,1,10,1820.55,1,darpan.sibal695@ibl
ACC00486,0.000301,16,9,1.0,1.0,1,9,1899.5089,1,girish.chanda289@upi
ACC00487,0.000426,19,6,1.0,1.0,1,6,843.4317,1,warhi.bhatia429@oksbi
ACC00488,0.000442,22,8,1.0,1.125,1,8,3275.76,1,samesh.kari620@oksbi
ACC00489,0.000449,19,10,1.0,1.2,1,10,1418.561,1,david.sen657@ibl
ACC00490,0.000344,19,12,1.0,1.0,1,12,1544.8267,1,pratyush.chatterjee957@okhdfcbank
ACC00491,0.000203,6,11,1.0909,1.1818,2,11,968.4255,1,charita.wadhwa128@paytm
ACC00492,0.000267,10,8,1.0,1.125,1,8,2013.5525,1,dalaja.mittal165@paytm
ACC00493,0.000322,12,16,1.0,1.25,1,16,1189.8238,1,noah.handa151@upi
ACC00494,0.000231,16,4,1.0,1.0,1,4,380.0925,1,samuel.mutti837@ibl
ACC00495,0.00035,22,4,1.0,1.0,1,4,1318.505,1,harini.kapoor425@okicici
ACC00496,0.000211,11,13,1.0,1.0769,1,13,1660.65,1,manan.mane383@okaxis
ACC00497,0.000332,19,9,1.1111,1.1111,2,9,1530.73,1,qasim.mahajan384@okaxis
ACC00498,0.000283,18,10,1.0,1.1,1,10,366.64,1,jai.cherian954@okhdfcbank
ACC00499,0.000469,25,11,1.0,1.1818,1,11,1340.5864,1,ekiya.konda150@oksbi
ACC00500,0.000236,9,21,1.0,1.0952,1,21,1133.159,0,peter.comar940@ibl
ACC00501,0.000225,9,10,1.0,1.0,1,11,1269.2445,0,faras.varughese723@ibl
ACC00502,0.000156,12,9,1.0,1.0,1,9,582.5078,0,rushil.balay6@okhdfcbank
ACC00503,5.7e-05,6,12,1.0,1.0,1,12,518.76,0,krisha.mohanty221@oksbi
ACC00504,0.000228,11,8,1.0,1.0,1,8,2781.59,0,forum.kulkarni624@kotak
ACC00505,0.000173,9,12,1.0,1.0833,1,12,1358.3842,0,indali.tailor795@paytm
ACC00506,0.000104,11,10,1.1,1.1,2,10,600.763,0,dhruv.sangha125@okicici
ACC00507,0.000159,12,12,1.0,1.0833,1,12,1053.6033,0,nisha.kar655@ibl
ACC00508,0.000207,8,7,1.0,1.0,1,7,1099.9586,0,ijaya.shukla857@ibl
ACC00509,0.000138,7,11,1.0,1.2727,1,11,2515.2682,0,zarna.sani17@kotak
ACC00510,0.000116,8,10,1.0,1.4,1,10,1145.911,0,ethan.oak736@oksbi
ACC00511,6.9e-05,6,14,1.0,1.0714,1,14,1158.4921,0,vasudha.tiwari2@ybl
ACC00512,0.000122,8,10,1.0,1.0,1,10,1314.714,0,simon.sehgal427@oksbi
ACC00513,0.000139,8,13,1.0,1.0769,1,13,1422.7231,0,wyatt.singh999@ybl
ACC00514,0.000237,11,10,10.0,10.0,10,10,1360.734,0,anthony.tiwari558@kotak
ACC00515,0.000162,10,10,1.0,1.0,1,10,2017.968,0,sanaya.randhawa21@upi
ACC00516,0.000247,10,16,1.0,1.25,1,16,1413.3875,0,ishani.bahri651@upi
ACC00517,0.000169,12,12,1.0,1.0833,1,12,4586.9608,0,dev.mangal766@okicici
ACC00518,0.000211,9,12,1.0,1.25,1,12,849.7125,0,joshua.sane70@ybl
ACC00519,0.000105,7,11,1.0,1.0,1,11,1024.11,0,gaurangi.vohra673@okhdfcbank
ACC00520,3.6e-05,1,14,1.0,1.1429,1,14,4685.1964,0,guneet.ravi775@ybl
ACC00521,6.1e-05,8,9,1.0,1.1111,1,9,1048.8233,0,ojasvi.bansal361@kotak
ACC00522,0.000201,10,9,1.0,1.0,1,9,1124.2289,0,bimala.sura659@oksbi
ACC00523,9e-05,6,3,1.0,1.0,1,3,292.6633,0,alka.pathak491@oksbi
ACC00524,0.000101,9,7,1.0,1.0,1,7,2536.59,0,rohan.tripathi734@ibl
ACC00525,9e-05,6,15,1.0,1.0667,1,15,1648.2633,0,mekhala.divan207@okicici
ACC00526,0.000312,9,13,1.0,1.2308,1,13,1260.5723,0,yutika.rout324@paytm
ACC00527,0.000252,12,6,1.0,1.0,1,6,1503.1833,0,bhavini.anand835@kotak
ACC00528,0.000207,9,5,1.0,1.2,1,5,1704.084,0,diya.bath38@okaxis
ACC00529,0.000255,10,9,1.0,1.0,1,9,3631.9578,0,alexander.dey883@okicici
ACC00530,0.000229,11,5,1.0,1.0,1,5,774.77,0,ekantika.rajagopal128@ybl
ACC00531,0.000157,8,12,1.0,1.1667,1,12,1221.4192,0,vedant.morar762@ibl
ACC00532,0.000199,9,11,1.0,1.0909,1,11,511.0982,0,yatan.prasad998@oksbi
ACC00533,8.3e-05,4,9,1.0,1.0,1,9,2051.1889,0,harrison.ram510@ybl
ACC00534,0.000194,13,11,1.0,1.0,1,11,840.9945,0,samuel.vaidya821@okhdfcbank
ACC00535,0.000301,12,8,1.0,1.0,1,8,972.2038,0,gayathri.som441@oksbi
ACC00536,0.000141,8,11,1.0,1.2727,1,11,1181.5636,0,yatan.sarna329@okhdfcbank
ACC00537,0.000122,5,12,1.0,1.0833,1,12,1147.4942,0,qadim.nair677@paytm
ACC00538,0.000432,11,11,1.0,1.0,1,11,969.0236,0,avni.rajagopalan618@upi
ACC00539,0.000212,13,11,1.0,1.0,1,11,1330.0445,0,charan.randhawa455@ybl
ACC00540,0.000118,6,10,1.0,1.2,1,10,659.676,0,nikita.mital745@ybl
ACC00541,0.000203,8,17,1.0,1.2353,1,17,966.2576,0,anirudh.gaba282@okicici
ACC00542,0.00027,9,8,1.0,1.0,1,8,1073.595,0,yamini.balay653@upi
ACC00543,0.000156,6,8,1.0,1.0,1,8,1902.5562,0,frederick.kapoor821@oksbi
ACC00544,0.000243,10,15,1.0,1.0667,1,15,640.324,0,advik.lalla870@ibl
ACC00545,0.000199,11,11,1.0,1.1818,1,11,1454.9264,0,jasmit.balasubramanian69@okaxis
ACC00546,9e-05,6,10,1.0,1.2,1,10,1081.852,0,girindra.wagle393@okicici
ACC00547,0.000193,9,11,1.0,1.2727,1,11,473.2309,0,abdul.raval696@ibl
ACC00548,0.000145,6,7,1.0,1.0,1,7,914.24,0,maanas.karan455@okhdfcbank
ACC00549,0.000119,7,14,1.0,1.0714,1,14,1094.8221,0,anusha.dash543@ybl
ACC00550,0.000192,13,12,1.0,1.1667,1,12,914.7575,0,timothy.morar666@paytm
ACC00551,7.9e-05,9,9,1.0,1.1111,1,9,693.4922,0,charvi.gour27@oksbi
ACC00552,0.000162,8,9,1.0,1.1111,1,9,1732.5022,0,devansh.suresh397@kotak
ACC00553,0.000159,11,8,1.0,1.125,1,8,944.3138,0,wazir.basak794@paytm
ACC00554,0.000235,10,9,1.0,1.0,1,9,1175.9111,0,girish.lala627@paytm
ACC00555,0.000203,8,12,1.0,1.1667,1,12,2799.4175,0,mason.de126@oksbi
ACC00556,0.000289,12,11,1.0,1.1818,1,11,1138.9018,0,isaac.baria177@ibl
ACC00557,0.000502,12,7,1.0,1.1429,1,7,1192.0743,0,madhav.walla699@ybl
ACC00558,0.000125,14,10,1.0,1.1,1,10,806.533,0,harsh.maharaj67@kotak
ACC00559,0.000227,8,4,1.25,1.25,2,4,634.0525,0,gaurika.munshi913@paytm
ACC00560,0.000445,9,14,1.0,1.0714,1,14,1357.4657,0,william.wali727@oksbi
ACC00561,0.000179,11,11,1.0,1.1818,1,11,627.5909,0,aarnav.prabhakar230@okhdfcbank
ACC00562,5.6e-05,7,12,1.0,1.0,1,12,1314.605,0,suhani.ratti143@okaxis
ACC00563,0.000306,13,8,1.0,1.0,1,8,1325.115,0,yashawini.naidu370@kotak
ACC00564,0.000323,11,9,1.0,1.3333,1,9,1103.3444,0,dhruv.sood479@kotak
ACC00565,0.000116,11,10,1.0,1.1,1,10,1825.109,0,nicholas.kothari906@okhdfcbank
ACC00566,0.00023,9,7,1.0,1.0,1,7,976.2529,0,harrison.mandal408@ibl
ACC00567,0.000103,6,9,1.0,1.0,1,9,2244.1078,0,vivaan.nagarajan788@upi
ACC00568,6e-05,5,14,1.0,1.1429,1,14,1558.1629,0,upasna.mann129@ybl
ACC00569,0.000212,10,9,1.0,1.0,1,9,1880.2867,0,gopal.sani478@kotak
ACC00570,0.000141,6,7,1.0,1.0,1,7,473.2157,0,ganga.choudhry900@kotak
ACC00571,0.000181,13,7,1.1429,1.4286,2,7,576.7,0,hemani.pandey787@oksbi
ACC00572,0.000223,15,6,1.0,1.0,1,6,2530.2817,0,saksham.kapoor933@okicici
ACC00573,0.000131,7,7,1.0,1.0,1,7,2374.6129,0,rudra.gandhi157@paytm
ACC00574,0.000138,8,6,1.0,1.0,1,6,716.495,0,praneel.mital331@okaxis
ACC00575,0.000155,12,7,1.0,1.0,1,7,541.74,0,isaac.saraf917@paytm
ACC00576,0.000141,11,21,1.0,1.2857,1,21,1446.8381,0,chavvi.wadhwa202@kotak
ACC00577,0.000217,11,7,1.0,1.0,1,7,1219.8014,0,darsh.rajagopalan641@paytm
ACC00578,0.000184,6,4,1.0,1.0,1,4,461.34,0,nandini.shan96@kotak
ACC00579,0.000284,10,13,1.0,1.1538,1,13,695.7085,0,atharv.bhavsar965@oksbi
ACC00580,0.000118,8,14,1.0,1.0714,1,14,1639.7421,0,baghyawati.dass640@ybl
ACC00581,0.000151,7,9,1.0,1.2222,1,9,1590.6222,0,mason.swamy846@okicici
ACC00582,0.000277,13,10,1.0,1.2,1,10,800.502,0,mugdha.nath972@paytm
ACC00583,9.9e-05,9,8,1.0,1.0,1,8,791.5462,0,manya.bobal586@upi
ACC00584,9.8e-05,8,11,1.0,1.0,1,11,1193.65,0,dayamai.sekhon32@ibl
ACC00585,0.000247,14,7,1.0,1.2857,1,7,828.2829,0,aarush.mann658@paytm
ACC00586,0.000174,6,8,1.0,1.125,1,8,1385.6925,0,anamika.aggarwal825@upi
ACC00587,0.000129,8,9,1.0,1.1111,1,9,2393.6256,0,libni.rai75@okicici
ACC00588,0.000155,6,13,1.0,1.0769,1,13,1428.6546,0,manbir.walla426@ibl
ACC00589,0.00023,14,8,1.0,1.125,1,8,1755.15,0,hredhaan.dass349@oksbi
ACC00590,0.000147,8,9,1.0,1.0,1,9,405.0078,0,jagrati.kashyap736@ybl
ACC00591,0.000254,10,18,1.0,1.1667,1,18,1661.1189,0,radhika.joshi134@ybl
ACC00592,0.000204,12,13,1.0,1.0769,1,13,746.1477,0,chakradhar.dalal109@ybl
ACC00593,8.8e-05,6,10,1.0,1.0,1,11,1413.8309,0,chatura.warrior126@paytm
ACC00594,0.000158,9,12,12.0,12.0,12,12,709.5083,0,balvan.rana145@okhdfcbank
ACC00595,0.000299,14,10,1.0,1.1,1,10,635.276,0,gunbir.bhatt969@upi
ACC00596,6.6e-05,4,10,1.0,1.0,1,10,764.915,0,george.bhavsar255@oksbi
ACC00597,0.000116,10,19,1.0,1.1579,1,19,857.8695,0,mitali.rajagopal739@ybl
ACC00598,0.000386,13,11,1.0,1.0909,1,11,3488.3618,0,amara.raj164@ibl
ACC00599,0.00025,10,16,1.0,1.1765,1,17,1010.9771,0,rehaan.raja511@paytm
ACC00600,0.000294,8,5,1.0,1.0,1,5,816.316,0,william.goswami93@upi
ACC00601,0.000146,10,12,1.0,1.4167,1,12,1925.2567,0,jalsa.datta990@okaxis
ACC00602,0.00013,6,12,1.0,1.0,1,12,1019.7358,0,nidra.padmanabhan362@okicici
ACC00603,0.000138,8,10,1.0,1.0,1,10,916.029,0,guneet.kakar507@ibl
ACC00604,0.00018,9,9,1.0,1.1111,1,9,1083.5833,0,gauri.borah9@okhdfcbank
ACC00605,0.000167,8,11,1.0,1.0,1,11,1908.5536,0,wazir.saraf904@paytm
ACC00606,0.000103,10,11,1.0909,1.1818,2,11,1225.1564,0,qabil.goyal413@ybl
ACC00607,0.000261,10,15,1.0,1.1333,1,15,1002.84,0,sudiksha.sawhney53@kotak
ACC00608,7.8e-05,4,9,1.0,1.1111,1,9,2046.4822,0,jhalak.borde567@paytm
ACC00609,8.7e-05,11,7,1.0,1.0,1,7,741.4386,0,tanish.madan517@ibl
ACC00610,0.000165,10,13,1.0,1.0,1,13,3229.7323,0,lakshit.madan846@okhdfcbank
ACC00611,0.000209,8,7,1.0,1.0,1,7,637.0986,0,orinder.mukhopadhyay404@ybl
ACC00612,0.000237,5,11,1.0,1.0909,1,11,1482.8882,0,fiyaz.pillai962@ybl
ACC00613,0.000149,9,6,1.0,1.0,1,6,1571.1283,0,bhavini.pai617@kotak
ACC00614,0.000126,8,10,1.0,1.1,1,10,576.482,0,sarthak.dayal42@okicici
ACC00615,0.000286,16,12,1.0,1.1667,1,12,1610.1783,0,charan.virk731@ybl
ACC00616,0.000509,10,11,1.0,1.0909,1,11,871.9864,0,unnati.shukla468@oksbi
ACC00617,0.000249,7,9,1.0,1.1111,1,9,757.7944,0,ethan.rao144@ybl
ACC00618,0.000102,8,9,1.0,1.0,1,9,649.6489,0,oeshi.mander167@upi
ACC00619,7.7e-05,7,11,1.0,1.2727,1,11,1073.9445,0,samuel.majumdar863@paytm
ACC00620,0.000245,10,5,1.0,1.2,1,5,1320.01,0,jalsa.kapadia520@kotak
ACC00621,0.000174,7,7,1.0,1.0,1,7,838.16,0,tripti.brar726@paytm
ACC00622,0.000151,11,8,1.0,1.0,1,8,4834.505,0,fariq.sundaram18@ybl
ACC00623,0.000263,10,8,1.0,1.125,1,8,1400.2662,0,edhitha.gara113@upi
ACC00624,0.000158,8,24,1.0,1.2083,1,24,760.6283,0,chandran.oza816@okicici
ACC00625,0.00024,9,6,1.0,1.0,1,6,1398.4717,0,barkha.raju272@okaxis
ACC00626,0.000261,7,9,1.0,1.1111,1,9,1036.7589,0,dev.sarma492@oksbi
ACC00627,0.000275,10,9,1.0,1.2222,1,9,1129.1011,0,reva.malhotra739@upi
ACC00628,0.000103,5,8,1.0,1.25,1,8,1483.8888,0,abha.sharaf698@okaxis
ACC00629,0.000158,8,11,1.0909,1.2727,2,11,3569.8227,0,agastya.rao971@okhdfcbank
ACC00630,0.000152,9,5,1.0,1.0,1,5,1181.764,0,yashodhara.sarma452@ybl
ACC00631,0.00034,10,10,1.0,1.2,1,10,986.56,0,hritik.mistry423@okaxis
ACC00632,0.000182,6,9,1.0,1.0,1,9,2282.4522,0,ikshita.padmanabhan794@ibl
ACC00633,0.000296,9,13,1.0,1.0769,1,13,1667.0769,0,andrew.iyer142@kotak
ACC00634,0.000109,8,9,1.1111,1.1111,2,9,1870.8733,0,zinal.dube333@ibl
ACC00635,9.9e-05,9,9,1.0,1.0,1,9,771.9744,0,eshana.bhandari322@oksbi
ACC00636,0.000144,9,11,1.0,1.0,1,11,1241.3545,0,ikbal.agrawal351@kotak
ACC00637,0.000113,8,9,1.0,1.3333,1,9,1670.8511,0,liam.lad791@paytm
ACC00638,0.000197,11,12,1.0,1.1667,1,12,1532.7483,0,hiral.arora197@okaxis
ACC00639,0.000148,7,12,1.0,1.0,1,12,1453.4683,0,yuvraj.vaidya306@okaxis
ACC00640,0.000179,6,10,1.0,1.0,1,10,1825.228,0,lohit.issac296@okaxis
ACC00641,0.000191,10,11,1.0,1.3636,1,11,1089.0182,0,tarak.dass492@ybl
ACC00642,0.000253,14,17,1.0,1.2353,1,17,716.3112,0,harish.varughese739@paytm
ACC00643,0.0002,7,12,1.0,1.0833,1,12,774.4908,0,finn.kota588@kotak
ACC00644,0.000128,9,6,1.0,1.0,1,6,1026.885,0,eiravati.kaur839@ybl
ACC00645,0.000396,14,8,1.0,1.0,1,8,1939.7512,0,saksham.bakshi44@paytm
ACC00646,0.000308,14,7,1.0,1.1429,1,7,2039.6114,0,sai.varma947@ibl
ACC00647,0.000129,9,9,1.0,1.1111,1,9,1348.0533,0,lekha.mall491@okaxis
ACC00648,0.000308,12,8,1.0,1.0,1,8,1171.0975,0,nakul.suresh552@paytm
ACC00649,0.000171,11,4,1.0,1.0,1,4,1449.175,0,pooja.srivastava279@oksbi
ACC00650,4.4e-05,4,9,1.0,1.0,1,9,1575.1344,0,wishi.vala759@okaxis
ACC00651,7.3e-05,9,8,1.0,1.125,1,8,1490.5288,0,mason.naik686@kotak
ACC00652,0.000145,7,13,1.0,1.1538,1,13,579.7485,0,vihaan.andra239@okicici
ACC00653,0.00011,8,5,1.0,1.0,1,5,1605.364,0,shivani.ghosh339@ibl
ACC00654,0.000161,12,13,1.0,1.0769,1,13,2781.26,0,kamya.chaudhary790@oksbi
ACC00655,0.000135,6,12,1.0,1.0,1,12,961.6775,0,avni.chadha952@oksbi
ACC00656,0.000194,7,9,1.0,1.0,1,9,755.1556,0,chandran.issac958@ibl
ACC00657,0.000168,9,4,1.0,1.25,1,4,2762.86,0,qushi.natt205@paytm
ACC00658,0.000153,8,7,1.0,1.0,1,7,1131.8129,0,waida.yohannan662@okicici
ACC00659,0.000164,8,13,1.0,1.1538,1,13,3752.3769,0,yug.dara588@okaxis
ACC00660,0.00035,12,12,1.0,1.25,1,12,889.755,0,upkaar.narang741@okicici
ACC00661,0.000156,5,7,1.1429,1.2857,2,7,1070.6429,0,ekbal.bobal904@oksbi
ACC00662,0.00016,9,11,1.0,1.2727,1,11,1501.3182,0,nandini.choudhary407@ibl
ACC00663,0.000153,8,13,1.0,1.2308,1,13,1003.5969,0,vyanjana.luthra986@paytm
ACC00664,0.000177,6,9,1.0,1.0,1,9,1045.5767,0,harshil.khanna306@okhdfcbank
ACC00665,0.000128,8,10,1.0,1.1,1,10,3278.96,0,warinder.bhardwaj466@kotak
ACC00666,0.000256,6,9,1.0,1.0,1,9,796.3122,0,frederick.suresh911@oksbi
ACC00667,0.000198,6,4,1.0,1.0,1,4,1113.2025,0,chameli.yohannan280@okaxis
ACC00668,0.000144,7,10,1.0,1.1,1,10,829.107,0,anya.singh167@ibl
ACC00669,0.000321,13,6,1.0,1.1667,1,6,610.095,0,dayita.bala191@okicici
ACC00670,0.000104,5,4,1.0,1.0,1,4,890.1475,0,sachi.devi303@okaxis
ACC00671,0.000364,17,11,1.0,1.1818,1,11,475.5891,0,ekaja.divan877@upi
ACC00672,0.000145,7,11,1.0,1.0909,1,11,1508.7773,0,rushil.manda336@okhdfcbank
ACC00673,0.000123,10,10,1.0,1.2,1,10,1681.115,0,bimala.chaudhuri98@oksbi
ACC00674,0.000173,5,7,1.0,1.0,1,7,1210.6129,0,victor.boase332@okaxis
ACC00675,0.000154,5,4,1.0,1.0,1,4,1209.6275,0,chatresh.pal393@okaxis
ACC00676,0.000127,6,4,1.0,1.0,1,4,1359.1875,0,avni.mody274@ybl
ACC00677,9.9e-05,3,10,1.0,1.1,1,10,852.937,0,wakeeta.rege741@okicici
ACC00678,0.000125,10,10,1.0,1.1,1,10,1218.854,0,avni.aurora369@okaxis
ACC00679,0.000153,7,6,1.0,1.0,1,6,376.3083,0,watika.sodhi122@ibl
ACC00680,0.000171,8,9,1.0,1.2222,1,9,1503.58,0,ikshita.prasad416@kotak
ACC00681,0.000203,8,10,1.0,1.1,1,10,3316.713,0,eshana.baria121@paytm
ACC00682,0.000114,10,9,1.0,1.1111,1,9,1983.2567,0,fitan.khalsa227@okaxis
ACC00683,0.000196,13,12,1.0,1.1667,1,12,2289.0442,0,samarth.more157@ibl
ACC00684,0.000116,9,4,1.0,1.0,1,4,1011.5175,0,kiaan.bose426@kotak
ACC00685,0.000289,14,7,1.0,1.1429,1,7,781.1029,0,omaja.sheth551@okaxis
ACC00686,0.000132,8,7,1.0,1.0,1,7,1290.6757,0,chandani.butala773@okhdfcbank
ACC00687,0.000157,9,13,1.0,1.0,1,14,1539.1221,0,dominic.deep541@ybl
ACC00688,0.000215,11,16,1.0,1.1875,1,16,2256.3481,0,nathaniel.purohit115@okicici
ACC00689,0.000127,4,11,1.0,1.0909,1,11,1586.3191,0,chaitanya.baral208@kotak
ACC00690,0.000303,9,8,1.0,1.0,1,8,595.9688,0,george.manda336@kotak
ACC00691,0.000297,9,15,1.0,1.2,1,15,1427.1467,0,nilima.deep697@okaxis
ACC00692,0.000522,19,18,1.0556,1.1667,2,18,1422.1039,0,abdul.grover94@kotak
ACC00693,0.000121,5,12,1.0,1.25,1,12,1423.2608,0,kala.chandra57@ibl
ACC00694,8.3e-05,7,11,1.0,1.1818,1,11,1219.6273,0,mitali.jani426@ibl
ACC00695,9.1e-05,7,10,1.0,1.1,1,10,1668.181,0,yashvi.baral573@ibl
ACC00696,0.000147,8,7,1.0,1.0,1,7,2811.01,0,devansh.narasimhan23@upi
ACC00697,0.000394,12,9,1.0,1.0,1,9,881.0333,0,pavani.nath4@okaxis
ACC00698,0.000175,9,10,1.0,1.2,1,10,1568.285,0,sai.varghese47@upi
ACC00699,0.0002,15,12,1.0,1.0833,1,12,713.03,0,zinal.anand66@kotak
ACC00700,0.000166,12,13,1.0,1.3077,1,13,2832.5762,0,indira.pau957@ibl
ACC00701,0.000105,7,6,1.0,1.0,1,6,606.3833,0,deepa.buch419@oksbi
ACC00702,0.000188,7,8,1.0,1.125,1,8,1281.5375,0,laksh.chhabra657@upi
ACC00703,0.000121,12,13,1.0,1.1538,1,13,1132.9377,0,dayita.barad460@upi
ACC00704,8.7e-05,8,7,1.0,1.0,1,7,985.4771,0,utkarsh.ramaswamy700@kotak
ACC00705,0.000308,9,12,1.0,1.1667,1,12,1472.2733,0,jhalak.mandal881@ybl
ACC00706,0.000288,7,6,1.0,1.0,1,6,551.1433,0,pranav.madan551@upi
ACC00707,0.000191,8,6,1.0,1.0,1,6,1637.0783,0,aarav.shan746@okaxis
ACC00708,0.00015,6,12,1.0,1.1667,1,12,915.6908,0,bahadurjit.palla24@paytm
ACC00709,0.000247,10,12,1.0,1.0833,1,12,1341.2975,0,watika.grewal737@kotak
ACC00710,0.000129,9,12,1.0,1.0833,1,12,1204.1617,0,janya.more389@okaxis
ACC00711,0.000249,13,9,1.0,1.0,1,9,750.08,0,qadim.sridhar355@oksbi
ACC00712,0.00013,6,10,1.0,1.1,1,10,1055.961,0,hemang.roy960@okhdfcbank
ACC00713,0.000173,7,9,1.0,1.1111,1,9,1614.4356,0,guneet.hayre677@upi
ACC00714,0.00011,9,11,1.0,1.0909,1,11,417.8791,0,onkar.suresh959@okicici
ACC00715,5.9e-05,7,13,1.0,1.0769,1,13,1252.5,0,ryan.mistry69@okhdfcbank
ACC00716,0.000291,13,10,1.0,1.0,1,10,1521.357,0,idika.deshpande458@okicici
ACC00717,0.000177,10,5,1.0,1.2,1,5,2046.856,0,andrew.tripathi46@upi
ACC00718,0.000267,9,8,1.0,1.375,1,8,3404.455,0,mitali.bajaj553@okaxis
ACC00719,0.000189,7,13,1.0769,1.0769,2,13,929.3954,0,leela.prashad516@paytm
ACC00720,0.00016,11,11,1.0,1.1818,1,11,1311.8091,0,aradhana.rajagopalan939@ybl
ACC00721,0.000184,7,12,1.0,1.1667,1,12,1554.4675,0,charita.bahri792@ybl
ACC00722,0.000192,15,11,1.0,1.0909,1,11,1035.2982,0,yashvi.swamy898@oksbi
ACC00723,0.000131,7,11,1.0,1.0,1,11,466.1627,0,forum.golla424@paytm
ACC00724,0.000287,14,7,1.0,1.0,1,7,701.4114,0,riya.yohannan571@oksbi
ACC00725,6.4e-05,7,7,1.0,1.1429,1,7,1044.0514,0,orinder.rau508@okicici
ACC00726,0.000258,7,9,1.0,1.2222,1,9,1852.8478,0,samuel.varkey688@upi
ACC00727,0.000171,13,12,1.0,1.0,1,12,1222.96,0,yutika.lalla714@upi
ACC00728,0.000193,10,10,1.0,1.1,1,10,604.957,0,chaaya.dada308@upi
ACC00729,0.000188,10,10,1.0,1.1,1,10,923.637,0,atharv.das551@ibl
ACC00730,9.4e-05,8,10,1.0,1.3,1,10,1883.929,0,aarini.rau231@paytm
ACC00731,0.000328,11,6,1.0,1.0,1,6,408.5267,0,ansh.kale475@okicici
ACC00732,0.00046,18,11,1.0,1.0909,1,11,1574.7364,0,vritti.de992@upi
ACC00733,0.000212,9,10,1.0,1.0,1,10,832.04,0,chandran.shan138@upi
ACC00734,0.000149,6,13,1.0,1.1538,1,13,1357.4738,0,devika.sekhon209@ybl
ACC00735,0.000188,8,10,1.0,1.1,1,10,804.577,0,dayita.yogi868@ybl
ACC00736,0.000128,9,11,1.0,1.0909,1,11,1395.3818,0,akshay.ganguly742@okaxis
ACC00737,0.000108,10,8,1.0,1.25,1,8,588.3875,0,netra.rama387@okicici
ACC00738,0.000187,9,13,1.0,1.0,1,13,1010.8308,0,shravya.sandal824@kotak
ACC00739,0.000356,13,3,1.0,1.3333,1,3,778.2367,0,noah.mannan214@ybl
ACC00740,0.000162,5,5,1.0,1.0,1,5,1291.478,0,reva.sampath217@okaxis
ACC00741,0.000138,11,14,1.0,1.0714,1,14,780.38,0,udyati.patel773@ibl
ACC00742,0.000122,7,13,1.0,1.0769,1,13,1068.8823,0,vasatika.sane619@okaxis
ACC00743,0.000207,7,7,1.0,1.0,1,7,1485.33,0,charvi.barman566@ybl
ACC00744,4.4e-05,3,8,1.0,1.0,1,8,1746.2488,0,sai.chatterjee478@kotak
ACC00745,0.000207,14,12,1.0,1.25,1,12,753.2158,0,gaurangi.vasa268@ybl
ACC00746,0.000141,13,7,1.0,1.0,1,7,1438.08,0,oeshi.dhillon478@okhdfcbank
ACC00747,0.000321,12,15,1.0,1.0667,1,15,1405.6353,0,brijesh.swamy860@ybl
ACC00748,0.00045,14,14,1.0,1.3571,1,14,1722.755,0,aadi.choudhry321@upi
ACC00749,0.000148,8,4,1.0,1.0,1,4,733.91,0,sachi.batra885@okaxis
ACC00750,7.4e-05,8,6,1.0,1.1667,1,6,1025.9683,0,rohan.dugal268@kotak
ACC00751,0.000164,14,5,1.0,1.0,1,5,2146.4,0,falan.gaba738@upi
ACC00752,0.000255,12,11,1.0,1.0909,1,11,1699.2164,0,garima.mahajan201@ybl
ACC00753,8.9e-05,6,10,1.0,1.2,1,10,1660.585,0,falan.varghese584@okaxis
ACC00754,0.000126,8,9,1.0,1.2222,1,9,1225.6989,0,jyoti.venkatesh671@ybl
ACC00755,9.1e-05,7,12,1.0833,1.1667,2,12,943.125,0,harshil.char842@ibl
ACC00756,0.00025,13,6,1.0,1.1667,1,6,520.0083,0,chandran.loyal173@ybl
ACC00757,0.000205,11,11,1.0,1.0,1,11,2179.6473,0,odika.venkataraman738@kotak
ACC00758,9.6e-05,8,7,1.0,1.1429,1,7,1191.7243,0,jagvi.mandal939@kotak
ACC00759,9.3e-05,6,13,1.0,1.1538,1,13,1164.8323,0,brinda.kota35@okhdfcbank
ACC00760,0.000197,14,8,1.0,1.0,1,8,877.8625,0,ishwar.viswanathan7@upi
ACC00761,0.000269,15,7,1.0,1.2857,1,7,360.3686,0,wridesh.singhal646@okaxis
ACC00762,8.5e-05,6,9,1.0,1.0,1,9,485.4278,0,varenya.pillay155@okicici
ACC00763,0.000174,10,17,1.0588,1.7059,2,17,1457.0671,0,oscar.bala467@ybl
ACC00764,0.000184,8,15,1.0,1.2,1,15,929.9893,0,rishi.swamy654@ibl
ACC00765,0.000257,9,9,1.0,1.0,1,9,1166.7678,0,arjun.sarma7@kotak
ACC00766,0.000126,8,16,1.0,1.4375,1,16,1291.9238,0,lakshmi.bains13@okicici
ACC00767,0.000173,12,14,1.0,1.0714,1,14,1251.6564,0,eesha.kadakia282@kotak
ACC00768,0.000119,9,9,1.0,1.0,1,9,1224.2022,0,chatresh.khurana515@upi
ACC00769,0.000111,9,10,1.0,1.0,1,10,732.808,0,libni.sama941@okhdfcbank
ACC00770,0.000277,9,8,1.0,1.0,1,8,847.4325,0,sachi.bansal247@okaxis
ACC00771,0.000332,12,15,1.0,1.1333,1,15,827.1,0,anmol.toor259@ybl
ACC00772,0.000177,8,6,1.0,1.1667,1,6,765.59,0,harini.mall407@okhdfcbank
ACC00773,0.000185,8,7,1.0,1.4286,1,7,2646.11,0,om.solanki471@okaxis
ACC00774,0.000268,10,10,1.0,1.2,1,10,540.828,0,damini.tella701@okhdfcbank
ACC00775,0.0002,11,11,1.0,1.0909,1,11,1056.92,0,hemal.chand416@upi
ACC00776,0.000168,13,22,1.0455,1.6364,2,22,1179.0155,0,meghana.kanda488@okicici
ACC00777,0.000157,7,9,1.0,1.1111,1,9,602.3711,0,harini.kapoor176@okhdfcbank
ACC00778,0.000165,11,11,1.0,1.0909,1,11,920.0455,0,tristan.mammen445@ybl
ACC00779,0.000268,9,10,1.0,1.0,1,10,838.646,0,jatin.tailor998@okhdfcbank
ACC00780,0.00026,11,5,1.0,1.2,1,5,2052.866,0,atharv.agate236@okaxis
ACC00781,0.00027,19,11,1.0,1.1818,1,11,1023.5955,0,fiyaz.wable278@okicici
ACC00782,0.00012,12,13,1.0,1.0769,1,13,4517.9654,0,vedant.soni948@paytm
ACC00783,0.000238,8,8,1.0,1.125,1,8,2045.7125,0,peter.salvi674@okicici
ACC00784,0.000424,13,10,1.0,1.1,1,10,1078.366,0,anita.boase323@okicici
ACC00785,0.000213,10,9,1.0,1.0,1,9,1819.9978,0,joshua.behl148@upi
ACC00786,8.1e-05,6,9,1.0,1.1111,1,9,411.4978,0,kevin.bali167@okaxis
ACC00787,0.00023,10,11,1.0,1.2727,1,11,1590.5818,0,indira.khurana870@upi
ACC00788,0.000146,11,9,1.0,1.2222,1,9,679.5044,0,aahana.kala394@oksbi
ACC00789,0.00029,8,3,1.0,1.0,1,3,553.3333,0,aradhana.kant764@ybl
ACC00790,0.000213,16,9,1.0,1.3333,1,9,3164.2489,0,matthew.choudhary448@okaxis
ACC00791,7.7e-05,5,8,1.0,1.125,1,8,951.3438,0,ekantika.manne620@upi
ACC00792,5.7e-05,4,11,1.0,1.0909,1,11,2642.5945,0,ekapad.chaudhry650@paytm
ACC00793,0.000228,10,15,1.0,1.0,1,15,1443.6473,0,caleb.samra234@ybl
ACC00794,0.000363,15,12,1.0,1.0,1,12,1967.9975,0,ekta.dara443@oksbi
ACC00795,0.000121,5,6,1.0,1.0,1,6,3009.32,0,jonathan.sharaf390@okhdfcbank
ACC00796,0.000148,14,11,1.0,1.0909,1,11,1631.5318,0,divya.deshpande818@okaxis
ACC00797,0.000304,11,17,1.0,1.1176,1,17,717.9412,0,jagdish.barad275@oksbi
ACC00798,0.000131,6,12,1.0,1.1667,1,12,813.1133,0,laksh.goda803@oksbi
ACC00799,0.000188,10,11,1.0,1.0909,1,11,995.3709,0,nathan.jain370@okhdfcbank
ACC00800,0.0003,12,9,1.0,1.0,1,9,724.9433,0,jatin.kakar966@paytm
ACC00801,0.000179,8,15,1.0,1.1333,1,15,2196.2513,0,brijesh.devan780@paytm
ACC00802,7.1e-05,6,5,1.0,1.0,1,5,1702.74,0,ikshita.nagy90@oksbi
ACC00803,0.00016,11,10,1.0,1.0,1,10,2390.073,0,xiti.bhandari571@kotak
ACC00804,0.000235,11,13,1.0,1.0769,1,13,1224.9492,0,avi.anand106@okicici
ACC00805,0.000245,8,14,1.0,1.0714,1,14,1128.3136,0,naksh.toor568@okhdfcbank
ACC00806,0.000123,6,13,1.0,1.0769,1,13,2092.7723,0,anmol.bali804@ybl
ACC00807,9e-05,7,9,1.0,1.0,1,9,1131.3978,0,yasti.gokhale299@upi
ACC00808,0.000223,8,8,1.0,1.0,1,8,1147.8462,0,aryan.chowdhury87@kotak
ACC00809,0.000181,12,11,1.0909,1.1818,2,11,748.6945,0,shivansh.raval534@oksbi
ACC00810,0.000165,12,11,1.0,1.2727,1,11,2432.6118,0,arunima.singh143@paytm
ACC00811,0.000256,7,3,1.0,1.0,1,3,900.6933,0,ishani.sunder505@oksbi
ACC00812,0.000123,12,4,1.0,1.25,1,4,667.13,0,anmol.ramaswamy446@paytm
ACC00813,0.00016,10,10,1.0,1.0,1,10,1748.978,0,liam.shanker496@okhdfcbank
ACC00814,0.000233,11,16,1.0,1.4375,1,16,704.1106,0,girik.bath967@okaxis
ACC00815,0.00013,9,14,1.0,1.1429,1,14,1087.1943,0,kai.talwar632@okaxis
ACC00816,0.000144,12,11,1.0,1.2727,1,11,677.6291,0,anthony.parmar139@paytm
ACC00817,0.000379,7,6,1.0,1.0,1,6,2230.3833,0,rohan.kashyap341@upi
ACC00818,0.000469,12,6,1.0,1.0,1,6,916.7333,0,kabir.sama343@upi
ACC00819,6.5e-05,5,11,1.0,1.0,1,11,1257.6691,0,advika.brahmbhatt308@ybl
ACC00820,0.000113,9,10,1.0,1.1,1,10,1473.979,0,aachal.oza206@ibl
ACC00821,0.000265,7,12,1.0,1.0833,1,12,1722.2817,0,yasti.mangat988@upi
ACC00822,6.3e-05,7,11,1.0,1.0909,1,11,808.6109,0,dakshesh.sridhar753@ibl
ACC00823,0.000163,12,9,1.0,1.0,1,9,1211.1078,0,yashodhara.das249@ybl
ACC00824,0.000146,5,13,1.0,1.0769,1,13,1142.8915,0,falan.tak837@upi
ACC00825,9e-05,7,7,1.1429,1.2857,2,7,815.7671,0,ekaraj.walia955@okaxis
ACC00826,4.9e-05,4,9,1.0,1.0,1,9,516.9122,0,balveer.konda185@kotak
ACC00827,0.000171,15,8,1.0,1.0,1,9,2105.0789,0,chameli.singh473@okaxis
ACC00828,6e-05,5,13,1.0769,1.1538,2,13,2293.1846,0,bakhshi.johal299@okhdfcbank
ACC00829,0.000184,12,12,1.0,1.0769,1,13,2772.8746,0,lipika.memon512@oksbi
ACC00830,0.000257,6,7,1.0,1.0,1,7,1720.3186,0,charles.sangha259@oksbi
ACC00831,0.000155,11,7,1.0,1.1429,1,7,691.04,0,panini.mander387@okhdfcbank
ACC00832,0.00013,10,10,1.0,1.1,1,10,742.276,0,amara.chaudhary491@upi
ACC00833,9e-05,3,10,1.0,1.1,1,10,1151.342,0,yashica.pillay946@upi
ACC00834,0.000317,11,7,1.0,1.0,1,7,900.3671,0,faras.rege810@ybl
ACC00835,9.7e-05,4,9,1.0,1.1111,1,9,1555.5622,0,riya.gill654@okhdfcbank
ACC00836,0.000391,13,6,1.0,1.0,1,6,819.99,0,zilmil.shenoy255@ybl
ACC00837,9.7e-05,6,10,1.0,1.1,1,10,1545.073,0,imaran.sampath628@okicici
ACC00838,0.00012,6,11,1.0,1.2727,1,11,1140.7991,0,tara.bassi694@upi
ACC00839,0.000214,6,4,1.0,1.25,1,4,503.955,0,ryan.verma441@okhdfcbank
ACC00840,0.000232,10,9,1.0,1.1111,1,9,1828.5178,0,yashodhara.behl265@okaxis
ACC00841,9.9e-05,13,11,1.0909,1.1818,2,11,1458.9936,0,yutika.pai532@kotak
ACC00842,0.000372,11,2,1.0,1.0,1,2,463.54,0,gaurang.ram590@okaxis
ACC00843,0.000109,6,8,1.0,1.25,1,8,2384.5288,0,christopher.oommen401@ibl
ACC00844,0.000237,14,8,1.0,1.0,1,8,2101.1488,0,chameli.more513@oksbi
ACC00845,0.00034,11,6,1.0,1.1667,1,6,1903.64,0,mitesh.sunder495@okhdfcbank
ACC00846,6.9e-05,4,16,1.0,1.0625,1,16,1381.5588,0,tristan.amble943@okhdfcbank
ACC00847,0.000142,10,7,1.0,1.1429,1,7,2171.2243,0,ishita.nadkarni964@oksbi
ACC00848,0.000242,10,7,1.0,1.0,1,7,1260.0829,0,nicholas.jha352@ibl
ACC00849,0.000203,11,9,1.0,1.1111,1,9,673.1856,0,chanchal.butala495@ybl
ACC00850,0.000317,10,16,1.0625,1.25,2,16,923.5419,0,vaishnavi.vora449@ibl
ACC00851,5.7e-05,6,10,1.0,1.2,1,10,909.848,0,ekantika.nazareth308@okicici
ACC00852,0.000187,13,14,1.0,1.0714,1,14,1171.8579,0,yagnesh.ramanathan870@ybl
ACC00853,0.000265,14,8,1.0,1.0,1,8,659.9675,0,unni.behl820@oksbi
ACC00854,0.000134,10,9,9.0,9.0,9,9,1400.7678,0,kalpit.parekh179@kotak
ACC00855,0.000114,6,10,1.0,1.0,1,10,569.597,0,tarak.narayan574@upi
ACC00856,0.000253,8,13,1.0,1.1538,1,13,657.4015,0,bhavini.hayre817@upi
ACC00857,0.000145,11,9,1.0,1.1111,1,9,956.3267,0,leela.arya656@upi
ACC00858,0.000178,11,12,1.0,1.0833,1,12,2330.85,0,maanav.kakar756@okaxis
ACC00859,0.000204,8,9,1.0,1.1111,1,9,984.6822,0,faraj.nori440@upi
ACC00860,0.000557,13,9,1.0,1.0,1,10,865.221,0,henry.peri220@okaxis
ACC00861,0.000167,7,13,1.0,1.1538,1,13,1650.9946,0,warjas.merchant721@okhdfcbank
ACC00862,3.7e-05,3,6,1.0,1.1667,1,6,932.7917,0,wishi.mani819@kotak
ACC00863,0.00012,8,6,1.0,1.5,1,6,1658.4183,0,garima.modi334@okaxis
ACC00864,7.7e-05,7,6,1.0,1.0,1,6,1744.365,0,nitesh.cherian269@ibl
ACC00865,0.000163,8,6,1.0,1.1667,1,6,1042.2467,0,karan.ganguly321@upi
ACC00866,0.000165,7,9,1.0,1.0,1,9,1525.5644,0,daksha.sodhi602@okhdfcbank
ACC00867,0.000206,10,6,1.0,1.1667,1,6,1308.4817,0,zehaan.de866@ibl
ACC00868,8.4e-05,7,3,1.0,1.0,1,3,1220.1633,0,eshana.sen834@paytm
ACC00869,0.000185,11,18,1.0,1.2222,1,18,1953.0244,0,ansh.varty87@oksbi
ACC00870,0.000287,15,13,1.2308,1.3077,3,13,1825.6223,0,suhani.swaminathan245@paytm
ACC00871,0.000214,11,13,1.0,1.0,1,13,884.7808,0,yochana.ahuja383@oksbi
ACC00872,0.000125,4,15,1.0667,1.2667,2,15,1413.9913,0,teerth.dave429@oksbi
ACC00873,0.000246,8,16,1.0,1.0625,1,16,901.2888,0,radhika.subramanian434@oksbi
ACC00874,0.000122,8,11,1.0,1.0909,1,11,1066.0455,0,ekta.dube551@oksbi
ACC00875,0.000123,6,8,1.0,1.125,1,8,926.8625,0,max.krishna502@paytm
ACC00876,0.00018,13,12,1.0,1.4167,1,12,1462.875,0,triya.krishnamurthy323@ibl
ACC00877,0.000156,7,12,1.0,1.0,1,12,1746.8158,0,george.rajagopal887@ybl
ACC00878,0.000287,11,14,1.0,1.1429,1,14,904.7036,0,gopal.hans140@okaxis
ACC00879,0.000144,7,6,1.0,1.0,1,6,556.9833,0,irya.gala518@ibl
ACC00880,0.000217,10,7,1.0,1.2857,1,7,777.75,0,nikita.dhawan504@upi
ACC00881,9.1e-05,6,6,1.0,1.0,1,6,1170.9017,0,advaith.nair172@okhdfcbank
ACC00882,0.000269,9,8,1.0,1.25,1,8,1203.2738,0,jagdish.mani815@okaxis
ACC00883,0.000205,10,9,1.0,1.1111,1,9,759.46,0,aadi.nori282@okaxis
ACC00884,0.000155,8,14,1.0,1.2857,1,14,1573.7564,0,reva.halder173@ibl
ACC00885,0.000137,6,10,1.0,1.2,1,10,1630.235,0,wridesh.pandya792@ibl
ACC00886,0.000111,5,8,1.0,1.125,1,8,2239.2462,0,ansh.swaminathan116@okhdfcbank
ACC00887,6.8e-05,7,9,1.0,1.0,1,9,2040.6944,0,nathaniel.nagarajan557@ybl
ACC00888,0.000158,10,11,1.0,1.0,1,11,1605.1373,0,kamya.jayaraman775@okicici
ACC00889,7.7e-05,5,16,1.0625,1.1875,2,16,1736.2375,0,yahvi.misra224@upi
ACC00890,0.000109,7,9,1.0,1.1111,1,9,1093.0133,0,upasna.dutt850@okaxis
ACC00891,0.000118,11,14,1.0,1.2857,1,14,788.1421,0,laksh.gade34@ibl
ACC00892,7.6e-05,6,10,1.0,1.1,1,10,884.576,0,faraj.thakur883@okhdfcbank
ACC00893,0.000105,6,7,1.0,1.0,1,7,1292.5443,0,turvi.sidhu121@okaxis
ACC00894,0.000327,12,13,1.0,1.0,1,13,1503.6862,0,vasana.dave756@ybl
ACC00895,0.000147,6,8,1.0,1.0,1,8,1035.6225,0,hredhaan.palla439@oksbi
ACC00896,0.000518,11,14,1.0,1.0714,1,14,858.0671,0,kevin.narang804@okaxis
ACC00897,0.000295,10,10,1.0,1.0,1,10,495.144,0,balvan.sarin61@ybl
ACC00898,4.4e-05,4,12,1.0,1.1667,1,12,1744.9275,0,pratyush.amble612@kotak
ACC00899,0.000243,9,6,1.0,1.1667,1,6,884.8233,0,manthan.om721@paytm
ACC00900,4.4e-05,1,12,1.0,1.0833,1,12,1198.1958,0,falan.brahmbhatt274@kotak
ACC00901,0.000173,8,12,1.0,1.0833,1,12,1798.8375,0,avi.dutt986@upi
ACC00902,0.000247,10,15,1.0,1.2,1,15,2999.186,0,dalaja.vyas888@oksbi
ACC00903,0.000603,15,3,1.0,1.0,1,3,3109.68,0,victor.bala150@ybl
ACC00904,0.000298,14,6,1.0,1.0,1,6,1796.7917,0,hiral.morar864@upi
ACC00905,7.3e-05,6,12,1.0,1.0833,1,12,2471.6058,0,bina.sachdeva592@paytm
ACC00906,0.000141,6,8,1.0,1.25,1,8,1254.3875,0,lakshit.pradhan463@okhdfcbank
ACC00907,7.7e-05,6,6,1.0,1.0,1,6,323.4033,0,vinaya.srinivas528@paytm
ACC00908,0.000266,14,15,1.0,1.2,1,15,2193.5573,0,reyansh.mannan974@ibl
ACC00909,8.5e-05,5,9,9.0,9.0,9,9,1954.74,0,guneet.nadkarni3@okhdfcbank
ACC00910,0.000131,7,9,1.0,1.0,1,9,841.8156,0,vasana.dash681@ybl
ACC00911,0.000114,11,8,1.0,1.125,1,8,652.5438,0,unni.cherian548@upi
ACC00912,0.000162,10,7,1.0,1.0,1,7,1095.5614,0,ojasvi.magar845@okaxis
ACC00913,0.00016,11,14,1.0,1.2143,1,14,1529.1907,0,chaman.dani331@paytm
ACC00914,0.000186,11,18,1.0,1.2778,1,18,1492.6044,0,zansi.sachdev592@oksbi
ACC00915,0.000207,11,7,1.0,1.0,1,7,1055.2757,0,eshana.pandey497@ybl
ACC00916,0.0002,7,11,1.0,1.1818,1,11,836.2855,0,peter.subramanian102@ibl
ACC00917,0.000202,10,14,1.0,1.2143,1,14,1156.7764,0,darpan.chowdhury952@oksbi
ACC00918,9.9e-05,9,13,1.0,1.0,1,13,1781.9662,0,oviya.parikh1@upi
ACC00919,7.6e-05,3,14,1.0,1.0714,1,14,967.1529,0,chavvi.tiwari932@oksbi
ACC00920,0.000365,14,11,1.0,1.0909,1,11,781.9445,0,shivansh.muni896@paytm
ACC00921,0.000225,13,13,1.0,1.1429,1,14,917.0579,0,libni.sekhon370@paytm
ACC00922,0.000157,5,8,1.0,1.125,1,8,825.5325,0,warinder.panchal681@oksbi
ACC00923,0.000269,15,12,1.0,1.0833,1,12,1143.0467,0,priya.oak641@paytm
ACC00924,0.00019,7,11,1.0,1.0909,1,11,2737.6518,0,vritti.karan672@okhdfcbank
ACC00925,0.000101,10,10,1.0,1.0,1,10,919.296,0,ranbir.shan219@ibl
ACC00926,0.000161,9,4,1.0,1.0,1,4,1168.7525,0,eshana.datta608@okaxis
ACC00927,7.6e-05,4,13,1.0,1.1538,1,13,986.9662,0,shravya.raman456@okicici
ACC00928,9.6e-05,5,14,1.0,1.2143,1,14,596.0914,0,mitali.pal352@okhdfcbank
ACC00929,0.000277,11,7,1.0,1.1429,1,7,1822.6914,0,avi.dada136@ibl
ACC00930,0.000202,9,12,1.0,1.0833,1,12,504.9142,0,siddharth.shroff393@okhdfcbank
ACC00931,0.00016,5,7,7.0,7.0,7,7,1356.6486,0,maya.kamdar321@ybl
ACC00932,9.7e-05,8,4,1.0,1.0,1,4,2493.3775,0,devika.verma392@oksbi
ACC00933,0.000196,10,4,1.0,1.0,1,4,1661.6,0,aachal.virk544@okicici
ACC00934,0.000319,9,10,1.0,1.1,1,10,1376.268,0,ekavir.kari169@ibl
ACC00935,0.000265,9,6,1.0,1.0,1,6,588.43,0,gopal.bhattacharyya219@oksbi
ACC00936,0.000169,7,7,1.0,1.1429,1,7,809.0257,0,sai.verma704@ibl
ACC00937,0.000244,14,12,1.0,1.0,1,12,688.87,0,madhav.ratti919@okhdfcbank
ACC00938,0.000126,9,10,1.0,1.0,1,10,1500.62,0,mitesh.pandit127@upi
ACC00939,0.000179,14,12,1.0,1.3333,1,12,2177.4967,0,rajata.goda323@oksbi
ACC00940,0.000144,10,11,1.0,1.1818,1,11,807.1245,0,veer.mahajan661@okhdfcbank
ACC00941,0.000218,14,11,1.0,1.0909,1,11,991.5291,0,ekiya.madan616@paytm
ACC00942,0.000198,9,9,1.0,1.0,1,9,2949.3578,0,amol.dara868@paytm
ACC00943,0.000115,11,12,1.0,1.0,1,12,1553.6917,0,vinaya.hans622@kotak
ACC00944,0.000164,9,8,1.125,1.125,2,8,687.6088,0,manbir.mann402@paytm
ACC00945,0.000158,8,10,1.0,1.1,1,10,922.134,0,shaurya.kala920@okaxis
ACC00946,5.3e-05,4,6,1.0,1.1667,1,6,759.3883,0,fariq.upadhyay116@okaxis
ACC00947,0.000207,12,9,1.0,1.1111,1,9,919.6778,0,lekha.kalla609@okhdfcbank
ACC00948,0.000186,11,10,1.0,1.1,1,10,1519.855,0,ekaja.golla370@ybl
ACC00949,0.000113,10,6,1.0,1.1667,1,6,773.1983,0,alexander.sura882@upi
ACC00950,0.000157,5,11,1.0,1.1818,1,11,5113.53,0,krish.sodhi700@oksbi
ACC00951,0.000139,9,12,1.0,1.1667,1,12,1184.7183,0,onkar.vyas75@okicici
ACC00952,0.000137,10,10,1.0,1.0,1,10,715.578,0,warinder.issac15@paytm
ACC00953,0.000124,7,12,1.0,1.1667,1,12,1502.7667,0,ethan.arora945@okicici
ACC00954,0.000223,11,8,1.0,1.125,1,8,444.6888,0,ayaan.bala294@kotak
ACC00955,0.000325,11,7,1.0,1.1429,1,7,991.8214,0,kamala.anne719@upi
ACC00956,0.000208,10,16,1.0,1.5,1,16,2255.0756,0,keya.palla550@kotak
ACC00957,0.000119,5,10,1.0,1.1818,1,11,913.8809,0,timothy.tiwari285@okhdfcbank
ACC00958,9.6e-05,6,12,1.0,1.0833,1,12,3580.0458,0,raksha.badal524@okaxis
ACC00959,9.3e-05,5,8,1.0,1.0,1,8,961.945,0,yashvi.dua335@upi
ACC00960,0.000231,16,10,1.0,1.0,1,10,1860.737,0,faras.nanda782@okhdfcbank
ACC00961,0.000128,11,14,14.0,14.0,14,14,971.5607,0,pavani.kant448@okaxis
ACC00962,0.000141,9,13,1.0769,1.2308,2,13,1764.7385,0,ladli.bawa89@upi
ACC00963,0.000226,9,9,1.0,1.0,1,9,848.9244,0,madhavi.suri627@okicici
ACC00964,0.000127,6,11,1.0,1.1818,1,11,691.73,0,quincy.karnik760@oksbi
ACC00965,0.000159,9,7,1.0,1.1429,1,7,895.4414,0,max.lal725@oksbi
ACC00966,9.9e-05,7,9,1.0,1.0,1,9,857.0567,0,nathan.sama509@ybl
ACC00967,0.000175,9,10,1.0,1.0,1,10,1085.204,0,ojasvi.dash802@paytm
ACC00968,0.000202,7,9,1.0,1.0,1,9,574.6733,0,mugdha.bhagat130@paytm
ACC00969,8e-05,5,11,1.0,1.2727,1,11,1116.7282,0,chaman.bhavsar922@okicici
ACC00970,0.000122,8,10,1.0,1.1,1,10,3888.658,0,logan.goda440@paytm
ACC00971,0.000318,9,11,1.0,1.0,1,11,972.7282,0,wyatt.mohanty270@okhdfcbank
ACC00972,8.8e-05,8,11,1.0909,1.1818,2,11,671.5845,0,ikbal.mukherjee524@ybl
ACC00973,0.000232,11,19,1.0526,1.1579,2,19,1360.7384,0,pushti.arya880@oksbi
ACC00974,0.000168,11,9,1.0,1.0,1,9,1641.0111,0,robert.jain262@okhdfcbank
ACC00975,0.000192,5,13,1.0,1.2308,1,13,887.3923,0,viraj.ratti741@okhdfcbank
ACC00976,8.6e-05,8,8,1.0,1.0,1,8,695.8788,0,kashvi.talwar522@okicici
ACC00977,0.000321,10,7,1.0,1.1429,1,7,1898.8943,0,daksha.narang884@okicici
ACC00978,0.000181,8,8,1.0,1.375,1,8,270.5388,0,divya.das484@ybl
ACC00979,0.000156,10,11,1.0,1.1818,1,11,1659.9664,0,nihal.chada184@okicici
ACC00980,0.000159,8,12,1.0,1.3333,1,12,1099.3,0,orinder.saran936@upi
ACC00981,0.000256,15,10,1.0,1.0,1,10,1794.362,0,balendra.magar255@upi
ACC00982,0.000197,11,9,1.1111,1.1111,2,9,2262.2533,0,thomas.sinha846@okhdfcbank
ACC00983,0.000139,12,9,1.0,1.1111,1,9,1120.7333,0,niharika.dar123@kotak
ACC00984,0.000201,14,6,1.0,1.1667,1,6,806.3717,0,neel.bhat229@kotak
ACC00985,9.1e-05,6,7,1.0,1.0,1,7,1376.2643,0,chavvi.shukla71@ibl
ACC00986,0.000224,10,19,1.0,1.0526,1,19,674.9758,0,wishi.chaudhary866@paytm
ACC00987,0.000152,11,10,1.0,1.2,1,10,1006.507,0,christopher.shenoy567@ibl
ACC00988,0.000146,8,7,1.0,1.0,1,7,1464.69,0,ayush.bhatt206@paytm
ACC00989,0.000125,5,7,1.0,1.1429,1,7,1896.5929,0,fitan.bansal312@okaxis
ACC00990,0.000194,13,11,1.0,1.2727,1,11,1739.9191,0,aachal.reddy606@ibl
ACC00991,8.5e-05,9,10,1.0,1.0,1,10,1243.264,0,warinder.bhalla923@kotak
ACC00992,0.000283,12,7,1.0,1.1429,1,7,1366.6829,0,zaitra.arya7@upi
ACC00993,0.000206,12,9,1.0,1.0,1,9,2128.4233,0,vyanjana.dass555@ybl
ACC00994,0.000155,11,10,1.0,1.1,1,10,812.866,0,ucchal.kari2@upi
ACC00995,0.000117,5,7,1.0,1.1429,1,7,1378.1671,0,nisha.mani211@kotak
ACC00996,0.000251,13,7,1.0,1.1429,1,7,822.9057,0,hritik.randhawa504@okicici
ACC00997,8.2e-05,10,9,1.0,1.2222,1,9,1206.7967,0,harsh.magar287@okhdfcbank
ACC00998,0.000142,6,9,1.0,1.1111,1,9,4017.5611,0,maanas.khanna919@kotak
ACC00999,0.000424,15,10,1.0,1.0,1,10,671.203,0,vasana.issac918@ybl
ACC01000,0.000185,11,9,1.0,1.0,1,9,1386.5656,0,simon.shenoy87@okhdfcbank
ACC01001,0.000307,17,11,1.0,1.1818,1,11,1153.1573,0,oni.palla653@upi
ACC01002,0.000142,12,11,1.0,1.0,1,11,1646.3745,0,edhitha.upadhyay582@okicici
ACC01003,9.7e-05,7,4,1.0,1.0,1,4,872.4425,0,chasmum.srinivasan988@oksbi
ACC01004,9.7e-05,10,11,1.0,1.0909,1,11,825.4855,0,anita.kapadia268@ybl
ACC01005,0.000148,9,4,1.0,1.0,1,4,2308.6525,0,nitesh.gade852@ybl
ACC01006,0.000344,11,13,1.0,1.0769,1,13,726.5085,0,triveni.mohanty279@okaxis
ACC01007,7.6e-05,6,15,1.0,1.3333,1,15,1806.594,0,zarna.kota140@okhdfcbank
ACC01008,0.000138,7,12,1.0,1.0,1,12,1747.115,0,ekiya.devan169@ibl
ACC01009,0.000177,7,10,1.0,1.1,1,10,818.629,0,osha.narasimhan417@okhdfcbank
ACC01010,0.000117,6,13,1.0,1.0769,1,13,1631.75,0,unnati.chakrabarti988@okaxis
ACC01011,0.000194,7,12,1.0,1.0833,1,12,927.6117,0,guneet.sinha475@paytm
ACC01012,0.000141,6,8,1.0,1.125,1,8,3480.8888,0,logan.nazareth162@paytm
ACC01013,0.00021,7,9,1.0,1.0,1,9,2112.1244,0,isaiah.modi221@ybl
ACC01014,0.000168,14,16,1.0,1.1875,1,16,1020.9631,0,anamika.salvi729@okaxis
ACC01015,0.000317,13,10,1.0,1.0,1,10,552.616,0,ati.balay526@okicici
ACC01016,0.000204,8,10,1.0,1.1,1,10,459.975,0,dhriti.rege840@oksbi
ACC01017,0.000161,7,10,1.0,1.1,1,10,2345.044,0,sachi.lala876@ibl
ACC01018,0.000189,6,9,1.0,1.0,1,9,845.8478,0,lajita.halder564@okaxis
ACC01019,0.000359,11,6,1.0,1.1667,1,6,1861.8267,0,azaan.kari105@oksbi
ACC01020,0.000129,10,13,1.0,1.1538,1,13,536.9331,0,shivani.kala64@okaxis
ACC01021,0.000307,12,10,1.0,1.2,1,10,2010.405,0,amaira.pradhan844@upi
ACC01022,9.7e-05,6,10,1.0,1.2,1,10,1760.596,0,arunima.lalla646@okhdfcbank
ACC01023,0.000343,10,11,1.0,1.0,1,11,2206.1345,0,hema.chandran266@okhdfcbank
ACC01024,7.3e-05,6,7,1.0,1.0,1,7,1667.95,0,ira.vora203@ibl
ACC01025,0.000127,9,5,1.0,1.0,1,5,2791.58,0,januja.sama927@ybl
ACC01026,0.00028,14,13,1.0769,1.2308,2,13,1173.5954,0,isaiah.krishnamurthy965@ibl
ACC01027,0.000105,6,13,1.0,1.1538,1,13,1916.4938,0,harsh.trivedi947@upi
ACC01028,0.000378,8,15,1.0,1.0,1,15,2912.274,0,aradhana.lalla31@upi
ACC01029,0.000102,9,8,1.0,1.0,1,8,1379.73,0,amaira.kalla363@okaxis
ACC01030,0.000104,11,12,1.0,1.1667,1,12,2126.5375,0,hema.kade287@ibl
ACC01031,0.000241,9,9,1.0,1.1111,1,9,4044.15,0,quincy.bera629@okaxis
ACC01032,0.000174,8,12,1.0,1.4167,1,12,866.1842,0,waida.raman422@kotak
ACC01033,8.6e-05,7,6,1.0,1.0,1,6,757.5533,0,yuvraj.choudhry90@paytm
ACC01034,0.000128,9,12,1.0,1.25,1,12,2256.2925,0,rachit.kala430@okaxis
ACC01035,0.00035,8,10,1.0,1.1,1,10,1242.172,0,abeer.banik646@kotak
ACC01036,5.1e-05,5,4,4.0,4.0,4,4,1602.305,0,onkar.rajagopalan801@ybl
ACC01037,0.000135,7,8,1.0,1.0,1,8,1387.1513,0,varsha.lala801@ibl
ACC01038,0.000124,7,8,1.0,1.0,1,8,1158.975,0,gopal.dada515@ybl
ACC01039,0.000128,7,12,1.0,1.0,1,12,1231.0583,0,triya.sha185@okicici
ACC01040,0.000164,8,11,1.0,1.0909,1,11,1269.0782,0,om.sheth225@okicici
ACC01041,0.000244,10,8,1.0,1.25,1,8,932.24,0,karan.pandya829@ibl
ACC01042,0.000205,9,5,1.0,1.0,1,5,1145.326,0,jason.sidhu786@okaxis
ACC01043,9.5e-05,10,12,1.0,1.1667,1,12,1102.4108,0,yuvraj.ray254@okaxis
ACC01044,0.000112,8,9,1.0,1.0,1,9,1101.3,0,ranbir.modi836@okicici
ACC01045,9.4e-05,6,11,1.0,1.0909,1,11,810.7727,0,adya.tiwari867@upi
ACC01046,0.000233,10,9,1.0,1.0,1,9,716.1478,0,anita.balasubramanian866@oksbi
ACC01047,0.000219,11,13,1.0,1.0769,1,13,820.7354,0,azad.sankar607@ybl
ACC01048,0.000189,11,8,1.0,1.0,1,8,1416.9112,0,chatura.iyer29@ybl
ACC01049,9.5e-05,4,7,1.0,1.2857,1,7,870.58,0,farhan.murty146@okaxis
ACC01050,0.000155,7,8,1.0,1.25,1,8,1364.3925,0,netra.amble317@oksbi
ACC01051,0.000167,7,13,1.0,1.0769,1,13,943.3054,0,rudra.chander93@okicici
ACC01052,0.000352,10,8,1.0,1.125,1,8,630.18,0,ekbal.kothari225@okicici
ACC01053,0.000167,9,9,1.0,1.0,1,9,1666.8944,0,charan.de1@ybl
ACC01054,0.000115,16,10,1.0,1.1,1,10,2867.574,0,kritika.bora826@oksbi
ACC01055,0.000126,11,8,1.0,1.125,1,8,862.5612,0,baljiwan.andra182@ybl
ACC01056,0.0001,7,8,1.0,1.125,1,8,662.2025,0,hemani.deshmukh152@oksbi
ACC01057,8.1e-05,6,8,1.0,1.0,1,8,1514.95,0,ranveer.iyengar539@ybl
ACC01058,0.000218,13,12,1.0,1.1667,1,12,1399.9308,0,gaurika.memon722@upi
ACC01059,0.000219,12,13,1.0,1.0,1,13,1487.8746,0,vedant.koshy345@paytm
ACC01060,0.000225,10,8,1.0,1.125,1,8,1251.6325,0,anika.behl162@upi
ACC01061,0.0001,6,6,1.0,1.0,1,6,2079.25,0,arunima.krishnan325@oksbi
ACC01062,0.000139,12,13,1.0,1.2308,1,13,994.6931,0,yatin.hayer911@ybl
ACC01063,0.000227,15,5,1.0,1.2,1,5,449.774,0,tristan.sridhar604@oksbi
ACC01064,0.00016,13,3,1.0,1.0,1,3,467.4133,0,hemani.mani752@paytm
ACC01065,0.000119,10,12,1.0,1.1667,1,12,1025.6767,0,amara.dara747@okicici
ACC01066,0.000305,7,7,1.0,1.0,1,7,1259.8957,0,netra.more872@okicici
ACC01067,0.000191,15,8,1.0,1.0,1,8,730.7638,0,vasudha.chakraborty326@okaxis
ACC01068,0.000228,9,17,1.0,1.1176,1,17,1455.0241,0,udyati.date960@ibl
ACC01069,0.000122,5,10,1.0,1.2,1,10,1405.579,0,varenya.din764@okhdfcbank
ACC01070,8.1e-05,7,9,1.0,1.1111,1,9,1016.2367,0,lavanya.gala328@oksbi
ACC01071,0.000149,10,10,1.0,1.1,1,10,1691.771,0,anmol.deep726@ybl
ACC01072,0.000124,13,7,1.0,1.0,1,7,2622.8014,0,kamala.padmanabhan272@okaxis
ACC01073,0.000127,9,11,1.0,1.0909,1,11,1064.81,0,aradhana.varkey70@ybl
ACC01074,7.2e-05,6,6,1.0,1.0,1,6,2539.265,0,vaishnavi.gole111@okicici
ACC01075,0.00013,7,11,1.0,1.0,1,11,1611.3291,0,eshana.bhat449@upi
ACC01076,0.000291,9,14,1.0,1.2143,1,14,1018.7614,0,fitan.naik505@upi
ACC01077,6.8e-05,4,15,1.0,1.1333,1,15,1265.896,0,radha.golla385@okhdfcbank
ACC01078,0.000121,8,7,1.0,1.1429,1,7,1302.3314,0,mohammed.sidhu885@okaxis
ACC01079,7.6e-05,3,5,1.0,1.0,1,5,2483.716,0,krishna.palla76@okicici
ACC01080,0.000128,10,10,1.0,1.1,1,10,742.805,0,kalpit.khare327@paytm
ACC01081,0.000237,14,11,1.0,1.1818,1,11,1856.7936,0,ijaya.mukhopadhyay351@oksbi
ACC01082,0.000212,10,11,1.0,1.0909,1,11,2125.8709,0,harini.yadav750@okhdfcbank
ACC01083,8.5e-05,6,13,1.0,1.1538,1,13,907.9338,0,tejas.bhasin347@ibl
ACC01084,0.000157,9,7,1.0,1.1429,1,7,882.5143,0,jagrati.din966@oksbi
ACC01085,0.000179,8,11,1.0909,1.3636,2,11,938.1945,0,yochana.grover161@okicici
ACC01086,0.000126,6,10,1.0,1.3,1,10,1629.647,0,vamakshi.deshpande211@okaxis
ACC01087,0.000199,9,12,1.0,1.3333,1,12,1242.2242,0,chanakya.gole568@kotak
ACC01088,0.0003,7,11,1.0,1.1818,1,11,853.4536,0,daksh.sibal289@paytm
ACC01089,0.000103,4,9,1.0,1.0,1,9,873.1544,0,upkaar.raman51@upi
ACC01090,0.000129,8,9,1.0,1.0,1,9,1052.6956,0,nihal.kuruvilla861@ibl
ACC01091,0.000116,9,8,1.0,1.125,1,8,636.995,0,jeet.ghose370@okicici
ACC01092,0.000107,7,10,1.1,1.3,2,10,902.192,0,wishi.sehgal302@ibl
ACC01093,0.000172,10,5,1.0,1.2,1,5,2450.31,0,joshua.bera27@okaxis
ACC01094,0.000351,8,10,1.0,1.3,1,10,1070.966,0,peter.barad299@okhdfcbank
ACC01095,0.000131,9,7,1.0,1.1429,1,7,1554.6886,0,yahvi.chanda119@paytm
ACC01096,0.000185,8,7,1.0,1.0,1,7,2037.7943,0,suhani.hora501@paytm
ACC01097,7.2e-05,6,11,1.0,1.1818,1,11,2054.4018,0,sathvik.mane558@upi
ACC01098,0.000283,10,10,1.1,1.2,2,10,3286.237,0,mekhala.kaur907@upi
ACC01099,0.000168,9,6,1.0,1.0,1,6,916.7117,0,ekta.basu457@okicici
ACC01100,0.000239,11,9,1.0,1.0,1,9,1141.12,0,gabriel.chanda477@paytm
ACC01101,8.5e-05,6,9,1.0,1.0,1,9,2290.1,0,indira.de276@okicici
ACC01102,0.000136,9,15,1.0,1.0,1,15,573.328,0,gaurangi.narang714@okhdfcbank
ACC01103,0.000202,11,8,1.0,1.125,1,8,1440.3675,0,ubika.keer353@kotak
ACC01104,0.00024,10,5,1.0,1.0,1,5,395.284,0,lakshit.dhar604@okaxis
ACC01105,8.9e-05,4,9,1.0,1.0,1,9,532.7067,0,xavier.shan861@upi
ACC01106,9.4e-05,8,15,1.0,1.0,1,15,1504.7133,0,udarsh.pillai989@kotak
ACC01107,0.000209,11,9,1.0,1.0,1,9,1138.2756,0,tripti.chada903@okaxis
ACC01108,0.000101,9,13,1.0,1.0769,1,13,1041.6015,0,vanya.pandit81@upi
ACC01109,9.5e-05,9,15,1.0,1.1333,1,15,678.2947,0,janaki.sachar585@kotak
ACC01110,0.000116,10,11,1.0,1.0909,1,11,2095.4018,0,omisha.warrior636@oksbi
ACC01111,0.000372,12,8,1.0,1.125,1,8,1592.4912,0,ranveer.hans460@oksbi
ACC01112,0.000116,10,9,1.0,1.1111,1,9,1100.0756,0,gunbir.tella828@okaxis
ACC01113,6.2e-05,8,10,1.0,1.0,1,10,764.376,0,idika.merchant434@okhdfcbank
ACC01114,0.000328,11,16,1.0,1.0625,1,16,882.86,0,charles.bose843@oksbi
ACC01115,7.4e-05,8,11,1.0,1.0,1,11,1361.8545,0,abhiram.barad328@okhdfcbank
ACC01116,0.000232,12,8,1.0,1.125,1,8,1013.725,0,janya.dhillon570@upi
ACC01117,4.7e-05,4,13,1.0,1.1538,1,13,1141.6192,0,yamini.narayan878@paytm
ACC01118,0.000194,9,9,1.1111,1.2222,2,9,1785.4933,0,gaurika.master940@okicici
ACC01119,0.000133,7,13,1.0769,1.1538,2,13,1136.4631,0,darsh.narayan536@upi
ACC01120,9e-05,9,9,1.0,1.0,1,9,2249.2489,0,lohit.ranganathan154@oksbi
ACC01121,0.000243,13,9,1.0,1.1111,1,9,1925.5322,0,bhavani.khosla597@okhdfcbank
ACC01122,8.6e-05,8,13,1.0,1.0769,1,13,2098.11,0,zayan.bail799@okhdfcbank
ACC01123,8.5e-05,5,5,1.0,1.0,1,5,2340.33,0,dev.mutti549@ybl
ACC01124,0.000194,8,5,1.0,1.0,1,5,2158.848,0,lakshmi.sen393@ibl
ACC01125,0.000238,11,14,1.0,1.1429,1,14,1948.1507,0,balhaar.loke485@okicici
ACC01126,0.000151,9,7,1.0,1.0,1,7,1380.0557,0,leena.jaggi413@oksbi
ACC01127,8.5e-05,7,9,1.0,1.2222,1,9,863.2644,0,oviya.bala698@upi
ACC01128,0.000126,8,15,1.0,1.0667,1,15,926.5667,0,dipta.sankaran911@ybl
ACC01129,0.000178,8,14,1.0,1.2143,1,14,1510.0257,0,hiral.mand764@ibl
ACC01130,0.000135,10,6,1.0,1.0,1,6,601.6483,0,aarnav.chana21@ybl
ACC01131,0.000157,11,16,1.0,1.125,1,16,2675.0188,0,siya.gera288@ibl
ACC01132,0.000113,7,13,1.0,1.0769,1,13,1145.8854,0,jack.kaur234@oksbi
ACC01133,0.000163,9,9,1.0,1.0,1,9,1309.2978,0,triya.sahni454@ybl
ACC01134,0.000191,5,8,1.0,1.0,1,8,1463.6162,0,chatresh.mutti427@okhdfcbank
ACC01135,0.000223,8,9,1.0,1.0,1,9,1223.0,0,diya.pillay217@upi
ACC01136,0.000269,12,6,1.0,1.1667,1,6,564.7867,0,chaitaly.sankar529@ybl
ACC01137,0.000151,10,6,1.0,1.0,1,6,853.96,0,hritik.pradhan811@oksbi
ACC01138,0.000176,10,13,1.0,1.3077,1,13,1039.9446,0,hemangini.nadig727@kotak
ACC01139,0.000283,12,6,1.0,1.0,1,6,968.7767,0,daksha.kashyap800@kotak
ACC01140,0.000148,4,8,1.0,1.25,1,8,1586.885,0,daniel.thakkar178@okaxis
ACC01141,0.000106,7,7,1.0,1.0,1,7,927.1429,0,ganga.ravi60@okaxis
ACC01142,0.000205,14,6,1.0,1.0,1,6,1169.8533,0,shivansh.natarajan52@ybl
ACC01143,0.000162,11,16,1.0,1.0625,1,16,844.7312,0,max.murty378@ibl
ACC01144,0.000131,9,9,1.0,1.0,1,9,1439.6767,0,sara.bail651@okhdfcbank
ACC01145,0.000179,12,3,1.0,1.0,1,3,515.3533,0,leela.mukherjee382@ibl
ACC01146,0.00034,10,12,1.0,1.1667,1,12,2161.3417,0,gagan.seshadri182@ibl
ACC01147,0.000158,8,2,1.0,1.0,1,2,1139.94,0,krishna.butala359@ybl
ACC01148,0.000191,12,15,1.0,1.2,1,15,922.918,0,baghyawati.majumdar916@paytm
ACC01149,0.000481,12,9,1.0,1.1111,1,9,672.6467,0,mitali.narain29@upi
ACC01150,0.000231,10,12,1.0,1.4167,1,12,1018.1758,0,netra.gulati875@okaxis
ACC01151,9e-05,8,14,1.0,1.0714,1,14,3807.1457,0,nicholas.rajagopal231@okaxis
ACC01152,0.000231,11,17,1.0,1.3529,1,17,858.5776,0,om.gade420@kotak
ACC01153,0.000198,7,19,1.0,1.2105,1,19,1203.58,0,priya.shetty800@okicici
ACC01154,0.000147,5,8,1.0,1.0,1,8,745.5262,0,jonathan.dua663@oksbi
ACC01155,4.7e-05,3,11,1.0,1.0909,1,11,1107.5755,0,kamala.sinha9@okaxis
ACC01156,0.000127,8,12,1.0,1.0833,1,12,1337.37,0,anthony.narayan825@paytm
ACC01157,0.000317,14,8,1.0,1.0,1,8,574.8888,0,vasudha.shenoy917@upi
ACC01158,0.000126,10,8,1.0,1.0,1,8,1094.41,0,gautam.majumdar259@okaxis
ACC01159,8.5e-05,7,8,1.0,1.0,1,8,892.8912,0,indali.maharaj694@kotak
ACC01160,0.000156,7,3,1.0,1.0,1,3,891.3733,0,jalsa.mohanty599@okhdfcbank
ACC01161,0.000132,12,12,1.0,1.0833,1,12,1192.9717,0,tanmayi.gokhale679@ybl
ACC01162,0.000187,7,10,1.0,1.1,1,10,1234.033,0,tristan.parikh609@paytm
ACC01163,0.000129,7,10,1.0,1.1,1,10,1514.137,0,anmol.sridhar111@ibl
ACC01164,0.000136,11,10,1.0,1.2,1,10,659.247,0,jeremiah.chada284@ybl
ACC01165,0.000154,11,11,1.0,1.0,1,11,1017.0555,0,christopher.palan672@paytm
ACC01166,0.000219,13,10,1.0,1.1,1,10,686.505,0,robert.vora530@okaxis
ACC01167,0.00037,19,9,1.0,1.1111,1,9,1010.6644,0,nachiket.nair878@upi
ACC01168,0.000731,19,6,1.0,1.0,1,6,2444.3783,0,sarthak.chand144@okicici
ACC01169,0.000102,10,7,1.0,1.0,1,7,1272.7114,0,sai.sant266@upi
ACC01170,0.000377,11,7,1.0,1.0,1,7,2050.37,0,hritik.memon755@okicici
ACC01171,0.00012,6,9,1.0,1.1111,1,9,1781.9822,0,varenya.dugal586@okaxis
ACC01172,0.0003,18,11,1.0,1.0909,1,11,2411.7264,0,raksha.pau731@okaxis
ACC01173,0.000164,6,7,1.0,1.1429,1,7,994.5743,0,parth.baria804@ibl
ACC01174,0.00015,8,9,1.0,1.1111,1,9,1110.6478,0,radhika.talwar308@oksbi
ACC01175,0.000195,11,6,1.0,1.1667,1,6,962.9583,0,abeer.bhatti301@okhdfcbank
ACC01176,0.000117,10,11,1.0,1.1818,1,11,798.4264,0,gunbir.upadhyay759@paytm
ACC01177,0.000151,7,8,1.0,1.125,1,8,2389.6675,0,manya.chatterjee935@oksbi
ACC01178,0.000301,12,9,1.0,1.0,1,9,388.8678,0,sachi.kadakia92@okaxis
ACC01179,0.000173,7,11,1.0,1.0909,1,11,1519.7355,0,mohammed.randhawa763@paytm
ACC01180,0.000174,11,8,1.0,1.125,1,8,1140.2175,0,udarsh.chokshi909@ybl
ACC01181,0.000202,13,11,1.0,1.0909,1,11,936.1136,0,arin.badal600@paytm
ACC01182,0.000122,13,9,1.0,1.1111,1,9,718.8111,0,amara.hegde121@ibl
ACC01183,5.4e-05,4,12,1.0,1.0,1,12,2052.2333,0,yutika.lall650@okhdfcbank
ACC01184,0.000134,6,9,1.0,1.1111,1,9,1238.4033,0,max.oak513@okhdfcbank
ACC01185,5.2e-05,1,11,1.0,1.0909,1,11,608.8991,0,oni.narayanan306@upi
ACC01186,0.000144,4,6,1.0,1.1667,1,6,1396.5417,0,irya.chand875@oksbi
ACC01187,0.000182,5,10,1.0,1.1,1,10,904.467,0,aadi.kadakia351@upi
ACC01188,0.000134,5,7,1.0,1.0,1,7,990.2829,0,zansi.toor147@ybl
ACC01189,0.00013,9,12,1.0,1.1667,1,12,862.8192,0,akshay.tailor83@ibl
ACC01190,0.000233,13,7,1.0,1.0,1,7,1251.5514,0,william.de182@ybl
ACC01191,0.000101,9,10,1.0,1.1,1,10,1346.784,0,laksh.pal463@paytm
ACC01192,0.000124,9,10,1.0,1.0,1,10,833.608,0,unnati.yogi793@oksbi
ACC01193,0.000312,12,6,1.0,1.0,1,6,1085.5217,0,nikita.pall163@ibl
ACC01194,0.000359,8,8,1.0,1.0,1,8,1588.7225,0,chaman.dutta630@upi
ACC01195,0.000126,7,11,1.0909,1.1818,2,11,1779.94,0,harini.deep440@ibl
ACC01196,9.9e-05,7,8,1.0,1.0,1,8,911.24,0,banjeet.gupta39@kotak
ACC01197,0.000144,6,12,1.0,1.0833,1,12,1886.16,0,ojasvi.raj383@okicici
ACC01198,0.000197,10,8,1.0,1.0,1,8,2169.4138,0,warjas.bose854@kotak
ACC01199,0.00013,7,12,1.0,1.0833,1,12,916.4983,0,idika.sha693@okicici
ACC01200,0.0001,7,11,1.0,1.2727,1,11,791.8355,0,rayaan.salvi711@ybl
ACC01201,0.000214,14,8,1.0,1.25,1,8,812.1,0,aarna.verma106@upi
ACC01202,0.000369,16,11,1.0,1.0,1,11,801.4355,0,jairaj.sagar314@oksbi
ACC01203,0.000172,11,12,1.0,1.1667,1,12,1371.9425,0,hemang.suresh47@paytm
ACC01204,0.000172,9,8,1.0,1.0,1,8,606.7575,0,dev.loyal746@kotak
ACC01205,0.000388,9,9,1.0,1.0,1,9,1853.5989,0,kala.lala346@upi
ACC01206,0.000109,7,11,1.0,1.0909,1,11,1480.9345,0,gabriel.shetty924@ibl
ACC01207,0.000138,8,8,1.0,1.0,1,8,2100.2388,0,charles.buch193@oksbi
ACC01208,0.000111,12,5,1.0,1.0,1,5,5440.702,0,banjeet.gupta234@okaxis
ACC01209,0.00015,8,9,1.0,1.2222,1,9,1701.5744,0,neelima.rout752@okicici
ACC01210,0.000109,7,7,1.0,1.1429,1,7,577.4557,0,rishi.yadav174@okhdfcbank
ACC01211,0.00024,11,12,1.0,1.0,1,12,1389.465,0,advik.mitter667@okicici
ACC01212,0.000395,8,8,1.0,1.0,1,8,707.6238,0,aadhya.bera656@paytm
ACC01213,0.000138,7,12,1.0,1.0833,1,12,1002.8408,0,tanish.bhatti50@okicici
ACC01214,0.000241,12,9,1.0,1.1111,1,9,1188.4267,0,wridesh.mahal857@okicici
ACC01215,0.000326,11,16,1.0625,1.25,2,16,825.8769,0,barkha.rama119@upi
ACC01216,0.000224,11,11,1.0,1.0909,1,11,1122.9309,0,ishani.srivastava127@kotak
ACC01217,0.000167,9,12,1.0,1.1667,1,12,2293.2675,0,pushti.madan719@oksbi
ACC01218,8.1e-05,6,12,1.1667,1.1667,2,12,662.9458,0,dalaja.virk703@okicici
ACC01219,0.000234,11,18,1.0,1.2778,1,18,1186.745,0,praneel.bhatia678@okhdfcbank
ACC01220,0.000126,10,11,1.0,1.0909,1,11,1250.1645,0,osha.parmar638@oksbi
ACC01221,0.000174,14,8,1.0,1.0,1,8,606.475,0,anamika.doshi921@okhdfcbank
ACC01222,0.000186,10,6,1.0,1.0,1,6,1204.295,0,ekanta.talwar633@okhdfcbank
ACC01223,0.000158,7,6,1.0,1.0,1,6,622.2567,0,ati.ramakrishnan804@okhdfcbank
ACC01224,0.000356,13,9,1.0,1.1111,1,9,2941.7811,0,isaac.gulati624@okaxis
ACC01225,0.000177,8,11,1.0,1.0,1,11,807.1509,0,kamala.ravel536@okaxis
ACC01226,0.000136,9,8,1.0,1.0,1,8,845.7775,0,hredhaan.tiwari420@paytm
ACC01227,0.000137,10,11,1.0,1.0,1,11,2060.7455,0,wyatt.kata562@ibl
ACC01228,0.000217,7,3,1.0,1.0,1,3,1295.72,0,suhani.madan956@ibl
ACC01229,0.000378,16,9,1.0,1.0,1,9,1715.6489,0,aahana.sanghvi3@okicici
ACC01230,0.000237,9,11,1.0,1.0,1,11,1542.0773,0,vrinda.garg856@ibl
ACC01231,0.000267,13,10,1.0,1.1,1,10,1316.014,0,yutika.madan799@kotak
ACC01232,0.000124,8,6,1.0,1.1667,1,6,639.5967,0,balendra.suresh741@okhdfcbank
ACC01233,0.000228,11,9,1.0,1.2222,1,9,1226.2933,0,mahika.dua237@ibl
ACC01234,0.00027,7,9,1.1111,1.1111,2,9,572.1756,0,lekha.bhakta476@okicici
ACC01235,8.4e-05,7,13,1.0,1.1538,1,13,1496.9715,0,sanya.mishra179@okicici
ACC01236,6.3e-05,8,7,1.0,1.0,1,7,1251.0171,0,riya.baria821@ybl
ACC01237,0.000193,10,8,1.0,1.375,1,8,1842.8475,0,girindra.ramachandran119@okhdfcbank
ACC01238,0.000148,9,6,1.0,1.0,1,6,1092.1,0,krishna.buch873@oksbi
ACC01239,0.000339,18,15,1.0,1.2,1,15,941.678,0,caleb.peri367@ibl
ACC01240,0.000149,11,7,1.0,1.2857,1,7,526.23,0,samuel.nagy900@okhdfcbank
ACC01241,0.000351,15,9,1.0,1.1111,1,9,643.6022,0,amrita.puri351@oksbi
ACC01242,9.7e-05,8,6,1.0,1.0,1,6,719.0533,0,parth.setty410@ibl
ACC01243,0.00023,13,9,9.0,9.0,9,9,983.6644,0,vivaan.kalita395@ibl
ACC01244,0.000151,8,14,1.0,1.0714,1,14,1823.2457,0,tristan.ganesan908@oksbi
ACC01245,0.000174,9,8,1.0,1.125,1,8,405.075,0,saanvi.deshmukh713@okicici
ACC01246,8.6e-05,5,7,1.0,1.1429,1,7,1351.18,0,aarnav.sahota427@ibl
ACC01247,0.000222,11,9,1.0,1.1111,1,9,2849.95,0,edhitha.patil449@oksbi
ACC01248,0.000488,11,9,1.0,1.2222,1,9,686.6844,0,anusha.more798@ybl
ACC01249,0.000245,11,11,1.0,1.0909,1,11,1175.7718,0,zehaan.walia884@oksbi
ACC01250,6.2e-05,8,14,1.0,1.0714,1,14,2086.9936,0,upasna.radhakrishnan116@upi
ACC01251,0.000216,7,14,1.0,1.2143,1,14,1205.7679,0,inaya.kumer65@paytm
ACC01252,3.5e-05,2,7,1.0,1.1429,1,7,668.1414,0,ekantika.krish722@kotak
ACC01253,0.000177,18,10,1.0,1.0,1,10,1557.503,0,gaurangi.ranganathan579@okaxis
ACC01254,0.000315,9,11,1.0,1.0,1,11,1427.5264,0,neel.mohanty536@okhdfcbank
ACC01255,0.000216,11,13,1.0,1.1538,1,13,1034.5138,0,aradhana.bir745@okaxis
ACC01256,0.000193,11,5,5.0,5.0,5,5,241.496,0,odika.atwal680@upi
ACC01257,0.00023,9,11,1.0,1.1818,1,11,1043.4564,0,zehaan.vora847@kotak
ACC01258,0.000265,13,13,1.0,1.0769,1,13,1716.5462,0,alexander.kapadia12@oksbi
ACC01259,0.000214,12,10,1.0,1.2,1,10,659.365,0,bimala.varty481@ibl
ACC01260,0.000112,6,7,1.0,1.2857,1,7,653.58,0,yutika.dugal770@ibl
ACC01261,6.5e-05,5,16,1.0,1.3125,1,16,970.7481,0,ekta.pandya339@paytm
ACC01262,5.8e-05,6,11,1.0909,1.0909,2,11,572.2218,0,chandran.varkey229@kotak
ACC01263,0.000163,5,9,1.1111,1.4444,2,9,833.7489,0,mohammed.biswas837@okaxis
ACC01264,0.000158,10,13,1.0,1.3077,1,13,1928.1092,0,chandani.butala455@ibl
ACC01265,0.000187,9,6,1.0,1.5,1,6,878.51,0,odika.sura511@ibl
ACC01266,0.000151,14,8,1.0,1.125,1,8,771.6075,0,omya.kapoor510@okicici
ACC01267,7.1e-05,11,14,1.0,1.0,1,14,839.1886,0,leela.iyer423@okicici
ACC01268,0.000188,6,10,1.0,1.0,1,10,987.019,0,ijaya.sunder1@okhdfcbank
ACC01269,0.000151,8,9,1.0,1.1111,1,9,1737.1611,0,warhi.karnik653@paytm
ACC01270,0.000184,12,8,1.0,1.0,1,8,577.1537,0,krish.shroff212@ibl
ACC01271,0.000256,15,17,1.0,1.2353,1,17,945.9906,0,radhika.goel846@okicici
ACC01272,0.000286,13,9,1.0,1.0,1,9,1743.6733,0,frado.bir466@ybl
ACC01273,0.000222,12,12,1.0,1.25,1,12,956.7208,0,orinder.goel635@ibl
ACC01274,0.000165,9,15,1.0,1.2,1,15,1144.17,0,ethan.madan464@okhdfcbank
ACC01275,0.000114,5,11,1.0,1.0909,1,11,2446.0336,0,yagnesh.borde675@okaxis
ACC01276,6.1e-05,6,12,1.0,1.1667,1,12,922.6992,0,janaki.bhargava364@paytm
ACC01277,0.000338,11,10,1.0,1.0,1,10,1693.535,0,peter.basak383@okhdfcbank
ACC01278,0.000174,10,13,1.0769,1.4615,2,13,1152.4077,0,tanveer.majumdar505@oksbi
ACC01279,0.000226,9,12,1.0,1.0,1,13,4139.7077,0,samesh.sridhar261@okaxis
ACC01280,0.000194,6,12,1.0,1.0833,1,12,1104.0867,0,chakrika.bains953@upi
ACC01281,0.000132,12,18,1.0556,1.1111,2,18,1004.19,0,lipika.vig845@okaxis
ACC01282,6.2e-05,6,11,1.0,1.0,1,11,1514.9645,0,ekaraj.pant776@upi
ACC01283,9.3e-05,10,11,1.0,1.0909,1,11,1238.3864,0,radha.sood858@okhdfcbank
ACC01284,0.000163,8,7,1.0,1.1429,1,7,5062.8214,0,pratyush.loyal675@kotak
ACC01285,0.000104,3,14,1.0,1.1429,1,14,1050.29,0,raghav.bobal5@kotak
ACC01286,0.000186,9,10,1.0,1.2,1,10,706.212,0,luke.mahajan958@upi
ACC01287,0.000177,10,15,1.0,1.1333,1,15,1111.5007,0,jagat.contractor947@kotak
ACC01288,9.9e-05,8,12,1.0,1.1667,1,12,1742.9933,0,vihaan.sundaram593@oksbi
ACC01289,0.000101,7,10,1.0,1.0,1,10,1501.711,0,yashoda.narula397@ybl
ACC01290,0.000161,7,11,1.0,1.0,1,11,1161.4245,0,balendra.jain429@okaxis
ACC01291,0.000178,11,13,1.0,1.0,1,13,1190.9646,0,saumya.sankaran987@ybl
ACC01292,0.000344,12,12,1.0,1.0,1,12,853.1925,0,maanav.gopal825@oksbi
ACC01293,5.3e-05,6,12,1.0,1.1667,1,12,856.4608,0,adweta.lata617@kotak
ACC01294,0.000239,7,11,1.0909,1.0909,2,11,801.0164,0,diya.choudhry719@kotak
ACC01295,0.000197,12,10,1.0,1.0,1,10,856.242,0,kamya.kata755@kotak
ACC01296,6.4e-05,7,9,1.0,1.0,1,9,1039.8411,0,geetika.comar215@paytm
ACC01297,0.000219,13,11,1.0,1.0909,1,11,1088.2127,0,divya.devan136@oksbi
ACC01298,0.000102,7,8,1.0,1.125,1,8,655.295,0,yauvani.bakshi711@ybl
ACC01299,0.000121,8,11,1.0,1.0,1,11,1186.7318,0,abhiram.ranganathan361@kotak
ACC01300,0.000191,11,8,1.0,1.0,1,8,2453.285,0,ishani.shetty585@upi
ACC01301,0.000134,14,8,1.0,1.125,1,8,753.2875,0,peter.walla899@upi
ACC01302,0.000142,10,10,1.0,1.1,1,10,3076.908,0,rehaan.choudhry110@okicici
ACC01303,0.000229,7,14,1.0,1.2143,1,14,1621.9529,0,saumya.shetty55@okicici
ACC01304,8.9e-05,3,13,1.0,1.1538,1,13,1410.5569,0,bina.uppal769@oksbi
ACC01305,6.4e-05,8,10,1.0,1.1,1,10,1168.978,0,yadavi.bhatt257@oksbi
ACC01306,0.000146,16,3,1.0,1.0,1,3,362.7833,0,charita.banerjee804@paytm
ACC01307,0.000108,8,17,1.0588,1.1765,2,17,1904.9912,0,yachana.varghese555@okicici
ACC01308,0.000174,11,2,1.0,1.0,1,2,654.355,0,udant.nagi464@okhdfcbank
ACC01309,6e-05,5,12,1.0,1.1667,1,12,2337.085,0,lohit.atwal692@kotak
ACC01310,0.000177,10,14,1.0,1.2143,1,14,1439.5307,0,agastya.mishra663@kotak
ACC01311,0.000192,15,10,1.0,1.0,1,10,5580.832,0,tripti.wadhwa524@paytm
ACC01312,0.000176,10,14,1.0714,1.0714,2,14,1965.26,0,aarini.loyal397@upi
ACC01313,0.000134,9,16,1.0,1.1875,1,16,856.9469,0,yoshita.ravi56@okicici
ACC01314,0.000359,9,7,1.0,1.0,1,7,1260.9429,0,udant.bumb636@ibl
ACC01315,0.000214,12,10,1.0,1.2,1,10,709.145,0,wakeeta.rau722@ybl
ACC01316,0.000166,9,10,1.0,1.0,1,10,1634.247,0,arin.mangal757@okaxis
ACC01317,0.000217,8,8,1.0,1.0,1,8,1407.1287,0,ojasvi.butala460@oksbi
ACC01318,4.6e-05,4,14,1.0,1.1429,1,14,1333.9186,0,anthony.reddy986@oksbi
ACC01319,0.000247,9,6,1.0,1.0,1,6,1004.1383,0,chatresh.anand387@okicici
ACC01320,0.000131,8,16,1.0,1.1875,1,16,1063.2712,0,kai.mittal570@paytm
ACC01321,0.000398,11,12,1.0,1.0833,1,12,846.6967,0,amara.narayanan599@paytm
ACC01322,7e-05,5,10,1.0,1.0,1,11,793.9382,0,avi.munshi478@oksbi
ACC01323,0.000154,8,14,1.0714,1.1429,2,14,1149.5643,0,neha.zacharia951@ybl
ACC01324,0.000199,12,11,1.0,1.0,1,11,566.8609,0,barkha.sahni793@paytm
ACC01325,0.000168,8,9,1.0,1.1111,1,9,611.3789,0,balhaar.som587@kotak
ACC01326,0.000169,9,9,1.0,1.2222,1,9,1091.1867,0,rushil.uppal803@ybl
ACC01327,7e-05,3,8,1.0,1.125,1,8,467.2925,0,reyansh.taneja980@oksbi
ACC01328,0.000145,10,9,1.0,1.1111,1,9,1285.7378,0,shravya.baral806@kotak
ACC01329,8.9e-05,6,7,1.1429,1.1429,2,7,2152.4457,0,kiaan.ganesan557@kotak
ACC01330,0.000155,7,8,1.0,1.0,1,8,1430.9275,0,brijesh.d’alia358@okaxis
ACC01331,0.000107,10,6,1.0,1.1667,1,6,1386.795,0,dhruv.pillai340@ybl
ACC01332,0.000204,13,9,1.0,1.1111,1,9,1292.0444,0,triveni.tara224@kotak
ACC01333,0.000268,10,10,1.0,1.1,1,10,788.511,0,samaksh.yadav844@okicici
ACC01334,0.000131,8,10,1.0,1.0,1,10,1086.46,0,rushil.loyal355@ibl
ACC01335,0.000186,7,10,1.0,1.2,1,10,1624.547,0,niharika.chandran629@okaxis
ACC01336,0.000209,11,11,1.0,1.0,1,11,4002.0882,0,anya.rai907@ybl
ACC01337,0.000189,9,8,1.0,1.0,1,8,792.475,0,eshana.kanda968@okhdfcbank
ACC01338,0.00032,9,6,1.0,1.0,1,6,311.25,0,bhavani.muni554@paytm
ACC01339,0.000123,8,5,1.0,1.0,1,5,495.996,0,kabir.kulkarni842@ybl
ACC01340,0.000166,7,10,1.0,1.1,1,10,1075.865,0,rachit.shenoy521@ibl
ACC01341,0.000211,10,7,1.0,1.1429,1,7,1302.9971,0,hema.khare304@okaxis
ACC01342,0.000223,8,7,1.0,1.0,1,7,1314.7314,0,naveen.sarna85@okhdfcbank
ACC01343,0.000206,14,6,1.0,1.0,1,6,426.675,0,zaid.sankar551@kotak
ACC01344,0.000227,11,9,1.0,1.1111,1,9,611.0922,0,zayyan.magar68@okaxis
ACC01345,0.000193,8,13,1.0,1.0769,1,13,957.5008,0,hemani.shah702@upi
ACC01346,0.000105,7,12,1.0,1.1667,1,12,719.9467,0,anvi.pathak551@upi
ACC01347,0.000168,8,10,1.1,1.1,2,10,1426.537,0,jagdish.narasimhan703@oksbi
ACC01348,0.000172,12,6,1.0,1.0,1,6,1879.1067,0,sai.sachdeva735@ybl
ACC01349,0.000258,14,8,1.0,1.0,1,8,1199.47,0,aachal.datta76@okicici
ACC01350,0.000174,8,14,1.0,1.1429,1,14,776.6971,0,daniel.sangha258@kotak
ACC01351,0.000162,10,12,1.0,1.0833,1,12,1097.3192,0,mason.modi842@okaxis
ACC01352,8.8e-05,4,11,1.0,1.0,1,11,1225.4291,0,bhavika.khanna398@ibl
ACC01353,0.000247,10,10,1.0,1.1,1,10,4206.078,0,rayaan.sabharwal324@okicici
ACC01354,0.000202,8,8,1.0,1.125,1,8,741.0038,0,vritti.lad122@kotak
ACC01355,0.00017,5,11,1.0,1.0909,1,11,1216.7064,0,chaitanya.prasad738@okhdfcbank
ACC01356,0.000168,11,12,1.0,1.0,1,12,1345.1258,0,sudiksha.bassi718@okhdfcbank
ACC01357,0.00021,13,14,1.0,1.0,1,14,1913.73,0,krish.parmar109@paytm
ACC01358,0.000303,13,12,1.0,1.0,1,12,1104.0033,0,kashish.lata89@paytm
ACC01359,0.000237,14,10,1.0,1.2,1,10,850.399,0,urmi.khosla405@okicici
ACC01360,0.000198,9,10,1.0,1.2,1,10,702.023,0,vasana.chaudhary547@okaxis
ACC01361,0.000121,6,10,1.0,1.0,1,10,1446.093,0,tanish.sagar401@kotak
ACC01362,0.000381,6,9,1.0,1.1111,1,9,1015.8444,0,samarth.sood148@paytm
ACC01363,0.000226,10,8,1.0,1.125,1,8,957.5912,0,balhaar.balan567@kotak
ACC01364,0.000162,7,10,1.0,1.1,1,10,955.136,0,chandran.gulati43@okicici
ACC01365,0.000212,11,8,1.0,1.125,1,8,987.7075,0,quincy.parekh404@kotak
ACC01366,0.000157,9,10,1.0,1.1,1,10,2254.644,0,wridesh.srinivasan313@okaxis
ACC01367,0.000193,10,15,1.0,1.0667,1,15,1071.6873,0,ishani.gera423@kotak
ACC01368,0.000141,10,11,1.0,1.0,1,11,1228.41,0,reva.savant189@okaxis
ACC01369,0.0003,15,7,1.0,1.0,1,7,1222.42,0,aarush.reddy259@okaxis
ACC01370,0.00014,8,13,1.0,1.2308,1,13,1229.5423,0,benjamin.prabhu688@okicici
ACC01371,0.000178,8,10,1.0,1.2,1,10,2436.7,0,shivani.padmanabhan661@kotak
ACC01372,0.000115,8,12,1.0,1.0,1,12,1132.1667,0,qushi.anne688@okhdfcbank
ACC01373,0.000107,12,8,1.0,1.0,1,8,852.685,0,nikita.hora203@ibl
ACC01374,0.000226,12,7,1.0,1.0,1,7,1448.77,0,ubika.srinivasan132@okaxis
ACC01375,0.000138,11,5,1.0,1.0,1,5,1992.526,0,bishakha.sarkar635@okhdfcbank
ACC01376,0.000163,11,7,1.0,1.1429,1,7,872.0971,0,saumya.saraf498@ibl
ACC01377,0.000382,8,11,1.0,1.2727,1,11,1161.3327,0,yashoda.agarwal676@paytm
ACC01378,0.000147,13,10,1.0,1.2,1,10,1066.899,0,janaki.viswanathan580@ybl
ACC01379,9.7e-05,7,10,1.1,1.1,2,10,881.992,0,lakshit.talwar173@okicici
ACC01380,0.000166,10,11,1.0,1.2727,1,11,794.3045,0,vedhika.kamdar805@okaxis
ACC01381,0.000242,8,10,1.1,1.1,2,10,741.285,0,nitesh.sarkar861@ybl
ACC01382,0.000138,9,13,1.0,1.0769,1,13,794.5469,0,ishwar.sankaran751@ybl
ACC01383,0.000115,7,14,1.0,1.0714,1,14,1335.8521,0,devansh.sehgal457@ybl
ACC01384,0.000151,14,7,1.0,1.0,1,7,753.0929,0,anvi.bahri565@okhdfcbank
ACC01385,0.000298,13,6,1.0,1.0,1,6,1750.86,0,eta.chaudhary622@okhdfcbank
ACC01386,9.8e-05,8,11,1.0,1.0909,1,11,1683.3309,0,bhavani.tak847@oksbi
ACC01387,0.000253,13,10,1.0,1.1,1,10,1402.59,0,zashil.suresh270@okhdfcbank
ACC01388,0.000289,10,10,1.0,1.3,1,10,839.93,0,omaja.krishnan870@kotak
ACC01389,0.000249,9,10,1.0,1.2,1,10,1699.483,0,hitesh.varkey596@upi
ACC01390,0.000197,9,7,1.0,1.1429,1,7,1325.35,0,libni.sachdev929@okicici
ACC01391,0.000136,6,10,1.0,1.1,1,10,454.247,0,inaya.narula557@kotak
ACC01392,0.000112,11,12,1.0,1.25,1,12,680.85,0,ayushman.char794@oksbi
ACC01393,3.6e-05,3,9,1.0,1.0,1,9,997.6967,0,chanakya.kuruvilla229@paytm
ACC01394,0.000306,8,7,1.0,1.1429,1,7,1580.8857,0,arin.walia514@kotak
ACC01395,0.000243,8,12,1.0,1.0833,1,12,1202.2525,0,hemang.zachariah373@kotak
ACC01396,0.000145,11,8,1.0,1.0,1,8,1466.3162,0,yatan.kari245@oksbi
ACC01397,0.000322,8,10,1.0,1.1,1,10,1702.617,0,wishi.aggarwal457@oksbi
ACC01398,8.9e-05,5,5,1.0,1.0,1,5,1031.182,0,yatin.bahri972@oksbi
ACC01399,0.000148,8,11,1.0,1.0,1,11,1639.11,0,charita.gole42@okaxis
ACC01400,0.000179,11,14,1.0,1.2143,1,14,704.4371,0,saumya.gopal65@paytm
ACC01401,0.000184,13,9,1.0,1.1111,1,9,955.0444,0,geetika.goyal44@okaxis
ACC01402,0.000348,8,10,1.0,1.1,1,10,1369.076,0,dalbir.lal370@upi
ACC01403,0.000281,7,10,1.0,1.1,1,10,579.94,0,sneha.seshadri903@okicici
ACC01404,9.6e-05,10,11,1.0,1.0909,1,11,2133.6491,0,ronith.tripathi332@okhdfcbank
ACC01405,7.9e-05,7,9,1.0,1.1111,1,9,1785.7222,0,devansh.ram850@paytm
ACC01406,0.000112,6,11,1.0,1.0909,1,11,644.4582,0,reva.bajwa558@oksbi
ACC01407,0.000282,9,11,1.0,1.3636,1,11,1874.5291,0,ekani.murty388@ybl
ACC01408,0.000129,10,10,1.0,1.0,1,10,743.006,0,banjeet.balasubramanian920@okhdfcbank
ACC01409,0.000221,12,13,1.0,1.1538,1,13,711.3392,0,dalbir.gill386@okaxis
ACC01410,0.000181,11,7,1.0,1.2857,1,7,1906.6243,0,darika.keer362@ybl
ACC01411,0.000186,7,13,1.0,1.0769,1,13,1048.4238,0,akshay.solanki494@okicici
ACC01412,9e-05,10,10,1.0,1.1,1,10,966.958,0,omkaar.luthra451@oksbi
ACC01413,9.3e-05,6,10,1.0,1.0,1,10,760.583,0,ekta.nagar527@paytm
ACC01414,9.2e-05,5,11,1.0,1.0909,1,11,1431.85,0,mason.devan192@oksbi
ACC01415,0.000184,7,17,1.0,1.1176,1,17,1274.9218,0,nakul.rout735@okhdfcbank
ACC01416,0.000107,8,10,1.0,1.2,1,10,1802.224,0,chanchal.nori831@ybl
ACC01417,0.000155,9,14,1.0714,1.1429,2,14,1106.3764,0,vedika.kumar692@ibl
ACC01418,0.00011,5,10,1.0,1.2,1,10,1057.156,0,naveen.chana605@oksbi
ACC01419,0.000197,14,13,1.0,1.0769,1,13,1376.9262,0,warda.narayan250@okicici
ACC01420,0.000127,9,6,1.0,1.0,1,6,701.6733,0,veda.d’alia607@oksbi
ACC01421,0.000322,10,11,1.0,1.0,1,11,918.6473,0,aarush.pandit525@okicici
ACC01422,0.000177,7,9,1.0,1.1,1,10,706.592,0,siddharth.mane58@oksbi
ACC01423,0.000157,9,6,1.0,1.0,1,6,690.865,0,wridesh.suresh530@upi
ACC01424,0.000251,12,8,1.0,1.0,1,8,1336.125,0,hitesh.dixit653@okicici
ACC01425,0.000104,10,6,1.0,1.1667,1,6,1578.5933,0,warhi.golla222@ibl
ACC01426,0.000297,15,11,1.0,1.0909,1,11,871.78,0,tamanna.sunder889@ibl
ACC01427,0.000252,10,9,1.0,1.0,1,9,1148.5489,0,hemangini.tank851@upi
ACC01428,0.00017,8,9,1.1111,1.1111,2,9,2622.4744,0,garima.virk814@oksbi
ACC01429,0.000128,9,6,1.0,1.0,1,6,406.9417,0,urvashi.dey524@paytm
ACC01430,0.000149,13,8,1.125,1.25,2,8,669.27,0,varenya.sura703@ybl
ACC01431,0.000174,12,11,1.0,1.0909,1,11,796.9164,0,ria.walia605@okhdfcbank
ACC01432,0.000246,11,12,1.0,1.0833,1,12,1796.7692,0,lavanya.sengupta395@oksbi
ACC01433,0.000279,6,13,1.0,1.0714,1,14,1493.9293,0,girish.chandran208@kotak
ACC01434,0.000174,8,6,1.0,1.0,1,6,916.8983,0,januja.dara430@oksbi
ACC01435,0.000298,17,8,1.0,1.125,1,8,478.58,0,nisha.kamdar182@ibl
ACC01436,8.9e-05,4,10,1.0,1.0,1,10,1176.171,0,dominic.issac40@kotak
ACC01437,0.000157,10,12,1.0,1.0,1,12,700.6492,0,balendra.bava121@okhdfcbank
ACC01438,0.000381,17,15,1.0,1.1333,1,15,1081.348,0,radha.arya134@kotak
ACC01439,0.000147,10,6,1.0,1.0,1,6,1585.7367,0,jasmit.sandal695@upi
ACC01440,0.000248,9,12,1.0,1.25,1,12,1119.2258,0,ekantika.sandhu380@okicici
ACC01441,0.000147,7,8,1.0,1.125,1,8,1298.4062,0,upma.sani235@ibl
ACC01442,0.000229,12,11,1.0,1.0909,1,11,946.1382,0,anamika.sankar604@okhdfcbank
ACC01443,0.000171,7,16,1.0,1.1875,1,16,717.2031,0,tanish.rai261@ibl
ACC01444,0.000167,11,10,1.0,1.2,1,10,841.624,0,isaiah.randhawa86@paytm
ACC01445,0.00032,12,13,1.0,1.2308,1,13,972.8392,0,vedika.dalal557@upi
ACC01446,0.000177,10,6,1.0,1.0,1,6,588.0433,0,aarini.sharma6@okicici
ACC01447,0.000188,12,9,1.0,1.0,1,9,2232.1878,0,ojasvi.kibe121@kotak
ACC01448,0.000295,14,13,1.0,1.1538,1,13,1575.6223,0,guneet.bhat671@okaxis
ACC01449,0.000219,7,10,1.0,1.0,1,10,972.528,0,tanveer.sachar371@okhdfcbank
ACC01450,0.000335,7,10,1.0,1.0,1,10,973.528,0,chaitanya.walia668@paytm
ACC01451,0.000112,8,11,1.0,1.0,1,11,1056.9145,0,vamakshi.loyal549@upi
ACC01452,0.000125,7,4,1.0,1.0,1,4,2814.8775,0,agastya.mitter627@paytm
ACC01453,0.000155,11,9,1.0,1.0,1,9,690.4622,0,manthan.palan209@upi
ACC01454,0.000116,11,6,1.0,1.1667,1,6,1863.5167,0,chandresh.sarma571@ibl
ACC01455,0.000317,12,9,1.0,1.2222,1,9,606.4522,0,amol.oommen573@kotak
ACC01456,0.000159,11,15,1.0,1.2667,1,15,3099.3413,0,ucchal.tank315@ybl
ACC01457,0.000106,10,8,1.0,1.375,1,8,1426.7775,0,ira.mangal142@okhdfcbank
ACC01458,0.000162,9,6,1.0,1.0,1,6,1709.885,0,manya.nadkarni802@oksbi
ACC01459,8.9e-05,10,5,1.0,1.0,1,5,462.322,0,mason.dayal521@upi
ACC01460,0.000129,10,6,1.0,1.3333,1,6,911.9517,0,nidhi.shenoy564@okicici
ACC01461,0.00011,9,18,1.0,1.1667,1,18,998.7739,0,chanakya.kuruvilla988@okicici
ACC01462,0.000233,13,8,1.0,1.0,1,8,930.0938,0,odika.kalla149@ibl
ACC01463,0.000221,9,9,1.0,1.1111,1,9,1482.1111,0,kiaan.boase91@okhdfcbank
ACC01464,0.000146,10,7,1.0,1.1429,1,7,1062.3529,0,chaaya.narain380@okhdfcbank
ACC01465,0.000171,5,9,1.0,1.1111,1,9,798.2544,0,abhimanyu.rajagopalan742@upi
ACC01466,0.000227,10,10,1.0,1.1,1,10,1610.684,0,dakshesh.vaidya672@kotak
ACC01467,0.000275,5,14,1.0,1.0714,1,14,918.9329,0,girik.dass987@okicici
ACC01468,0.000322,11,11,1.0,1.2727,1,11,876.6764,0,ekanta.thakur507@ibl
ACC01469,0.00015,9,11,1.0,1.0909,1,11,2075.5409,0,kashish.gade871@kotak
ACC01470,0.000407,12,12,1.0,1.1667,1,12,635.0708,0,qasim.ben35@kotak
ACC01471,0.000119,7,14,1.0,1.2857,1,14,872.2957,0,jack.gopal238@oksbi
ACC01472,0.000169,8,7,1.0,1.1429,1,7,2943.5771,0,harsh.wali245@okicici
ACC01473,0.000167,7,10,1.0,1.0,1,10,644.311,0,zinal.mangat283@upi
ACC01474,0.000183,10,8,1.0,1.0,1,8,632.4562,0,advaith.puri405@upi
ACC01475,8.5e-05,5,15,1.0,1.0,1,15,1333.0267,0,nicholas.lanka531@okicici
ACC01476,0.000108,9,16,1.0,1.125,1,16,1246.9338,0,wahab.bath563@paytm
ACC01477,9.3e-05,9,8,1.0,1.0,1,8,1145.52,0,aarush.krishnan357@ybl
ACC01478,0.000147,8,10,1.0,1.0,1,10,1092.808,0,darsh.kar621@okaxis
ACC01479,0.000156,7,9,1.0,1.0,1,9,1344.7756,0,qushi.kanda589@okicici
ACC01480,0.000117,13,8,1.0,1.125,1,8,1142.5075,0,onkar.gupta417@kotak
ACC01481,0.000252,11,8,1.0,1.125,1,8,1238.3738,0,januja.trivedi75@kotak
ACC01482,0.000212,7,12,1.0,1.0,1,12,1289.5792,0,radhika.mohanty970@okhdfcbank
ACC01483,4.7e-05,3,10,1.0,1.0,1,10,1574.669,0,priya.rao898@kotak
ACC01484,0.000232,11,4,1.0,1.0,1,4,2366.0575,0,idika.dixit711@ibl
ACC01485,0.000197,11,9,1.0,1.2222,1,9,2289.0589,0,hredhaan.garg496@okaxis
ACC01486,7e-05,8,8,1.0,1.0,1,8,959.0612,0,balvan.bajaj470@ibl
ACC01487,0.0002,13,9,1.0,1.1111,1,9,1078.6789,0,widisha.hora29@ibl
ACC01488,0.000413,10,10,1.0,1.0,1,10,2418.534,0,mugdha.golla70@upi
ACC01489,0.000115,7,7,1.0,1.0,1,7,3003.0114,0,udarsh.gour719@okaxis
ACC01490,0.000144,10,6,1.0,1.0,1,6,1026.3217,0,falak.kohli979@ybl
ACC01491,0.000212,12,12,1.0,1.0833,1,12,1740.4675,0,diya.chakrabarti10@paytm
ACC01492,0.000174,6,8,1.0,1.25,1,8,1658.32,0,bhanumati.agrawal96@upi
ACC01493,0.00018,6,8,1.0,1.0,1,8,1287.1925,0,urmi.kurian568@oksbi
ACC01494,7.8e-05,6,10,1.0,1.3,1,10,656.69,0,ayushman.pai363@okaxis
ACC01495,7.4e-05,4,7,1.0,1.1429,1,7,1056.5129,0,geetika.mammen188@okaxis
ACC01496,0.000167,9,9,1.0,1.0,1,9,1307.6867,0,janya.lal205@okaxis
ACC01497,0.000123,5,10,1.0,1.1,1,10,756.391,0,chaaya.ratta272@okaxis
ACC01498,0.000167,12,17,1.0,1.2353,1,17,1090.1341,0,priya.nanda855@okaxis
ACC01499,0.000223,10,9,1.0,1.1111,1,9,940.2589,0,raksha.nayak160@okhdfcbank
ACC01500,0.000145,8,7,1.0,1.0,1,7,448.5486,0,varsha.gera693@ibl
ACC01501,0.000186,8,14,1.0,1.0714,1,14,569.4021,0,ethan.bahri783@kotak
ACC01502,0.000266,10,7,1.0,1.0,1,7,517.6614,0,anusha.pal494@ybl
ACC01503,0.000161,5,10,1.0,1.1,1,10,2587.102,0,praneel.sanghvi505@paytm
ACC01504,0.000163,8,10,1.0,1.3,1,10,699.579,0,kritika.barad783@kotak
ACC01505,0.000151,9,9,1.0,1.1111,1,9,5256.2411,0,charvi.dhar228@oksbi
ACC01506,0.0001,3,10,1.0,1.2,1,10,1003.062,0,nisha.mital819@upi
ACC01507,0.000127,10,14,1.0,1.1429,1,14,654.6157,0,omisha.tank34@kotak
ACC01508,0.000339,7,19,1.0,1.2105,1,19,1201.1742,0,ekani.kurian882@oksbi
ACC01509,0.000258,9,12,1.0,1.0833,1,12,3406.6108,0,brinda.kapoor716@kotak
ACC01510,0.000137,10,8,1.0,1.25,1,8,1011.985,0,lajita.parsa706@okicici
ACC01511,7.8e-05,5,10,1.0,1.1,1,10,1369.31,0,vinaya.kala216@upi
ACC01512,0.000175,10,11,1.0,1.0909,1,11,547.3191,0,nachiket.rai334@ybl
ACC01513,0.000106,8,12,1.0,1.0833,1,12,1063.22,0,varsha.kothari266@oksbi
ACC01514,0.000158,9,10,1.0,1.1,1,10,4643.47,0,benjamin.sathe243@paytm
ACC01515,0.0001,6,9,1.0,1.1111,1,9,1427.8889,0,bhavya.vig352@ybl
ACC01516,0.000232,9,13,1.0,1.0,1,13,646.9415,0,warinder.goda435@okaxis
ACC01517,6e-05,4,9,1.0,1.1111,1,9,738.1856,0,vasatika.bajwa771@ybl
ACC01518,8.1e-05,7,10,1.1,1.5,2,10,1234.43,0,agastya.kuruvilla411@paytm
ACC01519,9.2e-05,10,10,1.0,1.2,1,10,827.015,0,manya.nadig586@oksbi
ACC01520,0.000174,9,7,1.0,1.0,1,7,1022.5471,0,faraj.bose235@okhdfcbank
ACC01521,0.000179,9,10,1.0,1.3,1,10,1524.976,0,hitesh.koshy242@kotak
ACC01522,0.000373,16,10,1.0,1.1,1,10,1449.536,0,yatin.jani391@okaxis
ACC01523,0.000121,9,9,1.0,1.1111,1,9,1578.09,0,yasti.badal983@oksbi
ACC01524,0.000193,9,12,1.0,1.0,1,12,1811.9633,0,elijah.chandra10@oksbi
ACC01525,9e-05,5,12,1.0,1.0,1,12,1101.7375,0,xiti.wason138@kotak
ACC01526,0.00027,11,10,1.0,1.1,1,10,1046.622,0,harinakshi.chawla324@ibl
ACC01527,0.000269,8,9,1.0,1.1111,1,9,682.7911,0,lucky.savant576@okicici
ACC01528,0.000204,9,9,1.0,1.0,1,9,1297.3022,0,ikshita.mahal708@oksbi
ACC01529,0.000185,8,3,1.0,1.0,1,3,170.66,0,triveni.sandhu834@paytm
ACC01530,0.000164,9,7,1.0,1.0,1,7,3901.1843,0,bhavika.behl645@okhdfcbank
ACC01531,0.000179,11,15,1.0667,1.2,2,15,1229.9893,0,gagan.ramaswamy343@paytm
ACC01532,0.000254,15,9,1.0,1.2222,1,9,2550.4267,0,liam.chand574@kotak
ACC01533,0.000122,11,12,1.0,1.0833,1,12,1073.945,0,gunbir.kalita21@upi
ACC01534,6e-05,6,11,1.0,1.0909,1,11,786.0482,0,jagdish.narasimhan889@okaxis
ACC01535,0.000128,8,10,1.0,1.0,1,10,655.816,0,pranit.venkatesh666@kotak
ACC01536,0.000102,8,11,1.0,1.0833,1,12,1113.2967,0,balendra.oak292@ybl
ACC01537,0.000214,13,11,1.0,1.0909,1,11,1207.75,0,gabriel.karpe523@ibl
ACC01538,7.5e-05,8,11,1.0,1.0,1,11,791.1555,0,adya.modi391@paytm
ACC01539,0.000148,8,9,1.0,1.0,1,9,2510.4833,0,benjamin.iyengar980@oksbi
ACC01540,0.000436,15,10,1.1,1.1,2,10,883.889,0,liam.dhingra828@ybl
ACC01541,9.2e-05,6,9,1.0,1.1111,1,9,1500.0067,0,divya.bahl628@upi
ACC01542,0.00012,5,10,1.0,1.3,1,10,901.501,0,charvi.pau166@ybl
ACC01543,9.6e-05,3,7,1.0,1.1429,1,7,744.6686,0,qadim.raghavan325@paytm
ACC01544,5.5e-05,6,12,1.0,1.0833,1,12,1080.1417,0,logan.sem661@upi
ACC01545,0.000305,17,5,1.0,1.0,1,5,829.192,0,tamanna.kala800@ybl
ACC01546,0.000183,8,6,1.0,1.0,1,6,1114.88,0,upkaar.chander989@ibl
ACC01547,0.000275,17,7,1.0,1.0,1,7,7988.1814,0,nathan.morar189@okicici
ACC01548,0.000223,14,9,1.0,1.0,1,9,753.9644,0,yachana.agarwal241@paytm
ACC01549,0.000153,5,13,1.0,1.0,1,13,1915.1038,0,leela.deep171@upi
ACC01550,0.000141,10,17,1.0,1.1176,1,17,1243.5506,0,dipta.shere66@ibl
ACC01551,0.000181,14,9,1.0,1.0,1,9,1062.7489,0,michael.nazareth27@upi
ACC01552,0.000162,11,10,1.0,1.1,1,10,901.715,0,ishaan.dubey86@okhdfcbank
ACC01553,0.000148,10,10,1.0,1.1,1,10,1432.699,0,balvan.varughese160@okhdfcbank
ACC01554,0.000144,8,13,1.0,1.3077,1,13,1356.4408,0,niharika.choudhry235@okaxis
ACC01555,0.00019,10,12,1.0,1.1667,1,12,1013.81,0,vidhi.salvi642@oksbi
ACC01556,0.00016,6,13,1.0,1.1538,1,13,1281.0238,0,harrison.sagar859@oksbi
ACC01557,0.000112,4,8,1.0,1.0,1,8,1105.4325,0,liam.kohli680@ybl
ACC01558,0.000113,7,5,1.0,1.0,1,5,1342.062,0,zayyan.nagarajan488@ibl
ACC01559,0.000157,8,9,1.0,1.1111,1,9,1235.6611,0,xiti.sarin562@ibl
ACC01560,0.000232,9,13,1.0,1.1538,1,13,1302.6962,0,jatin.deshpande553@oksbi
ACC01561,0.000175,11,12,1.0,1.0833,1,12,2636.0117,0,triveni.sagar468@upi
ACC01562,0.000115,9,11,1.0,1.1818,1,11,879.9518,0,thomas.kurian655@kotak
ACC01563,7.8e-05,7,13,1.0,1.1538,1,13,1097.7923,0,abhiram.kota494@kotak
ACC01564,0.000139,13,11,1.0,1.3636,1,11,1655.4527,0,daniel.bora92@ibl
ACC01565,0.000371,13,5,1.0,1.0,1,5,3092.762,0,faris.patla423@paytm
ACC01566,0.000102,8,12,1.0,1.0833,1,12,1099.7708,0,harita.jani11@okicici
ACC01567,0.000209,8,11,1.0,1.0909,1,11,1297.0645,0,manya.sekhon777@oksbi
ACC01568,0.000254,10,13,1.0,1.3077,1,13,910.7023,0,chaitaly.patel481@kotak
ACC01569,0.000363,17,8,1.0,1.0,1,8,1735.2212,0,raghav.arora945@ibl
ACC01570,0.000184,14,6,1.0,1.1667,1,6,463.5817,0,harshil.nigam10@upi
ACC01571,0.000106,8,16,1.0,1.0625,1,16,887.0575,0,shivani.baral237@okicici
ACC01572,0.000272,9,18,1.0,1.1667,1,18,1037.6789,0,elijah.chand194@upi
ACC01573,0.000182,11,9,1.0,1.1111,1,9,1377.7978,0,azad.sant405@okaxis
ACC01574,0.000138,4,11,1.0,1.0909,1,11,1688.8091,0,ayushman.sood755@upi
ACC01575,0.000171,7,9,1.0,1.1111,1,9,985.2789,0,orinder.tripathi270@okhdfcbank
ACC01576,0.000124,7,14,1.0,1.2143,1,14,901.7879,0,idika.nigam246@kotak
ACC01577,9.1e-05,7,13,1.0,1.0,1,13,945.5962,0,jhalak.sengupta711@paytm
ACC01578,0.000125,8,3,1.0,1.0,1,3,1167.9067,0,vincent.bahri761@kotak
ACC01579,0.000195,7,5,1.0,1.0,1,5,2655.412,0,aashi.khare193@okhdfcbank
ACC01580,0.000191,8,6,1.0,1.0,1,6,434.8717,0,advik.varty297@okhdfcbank
ACC01581,0.00029,13,11,1.0,1.0,1,11,889.6327,0,michael.saha464@paytm
ACC01582,0.0001,8,7,1.0,1.0,1,7,577.5757,0,yug.sharaf193@ybl
ACC01583,0.000147,10,16,1.0,1.25,1,16,929.0188,0,meera.bandi51@kotak
ACC01584,8.6e-05,7,11,1.0,1.0909,1,11,1744.58,0,warinder.patil996@okhdfcbank
ACC01585,0.000101,7,12,1.0,1.0833,1,12,1063.7317,0,peter.karnik129@ibl
ACC01586,0.000186,6,12,1.0,1.1667,1,12,1152.1742,0,krishna.dhingra93@oksbi
ACC01587,0.000143,5,9,1.0,1.1111,1,9,2867.9611,0,sai.chad223@ybl
ACC01588,0.000133,7,9,1.0,1.0,1,9,1060.8411,0,harita.varty805@ibl
ACC01589,0.000117,12,11,1.0909,1.1818,2,11,2137.1073,0,abeer.aurora714@okicici
ACC01590,0.000153,6,10,1.0,1.0,1,10,2462.398,0,tarak.tata864@oksbi
ACC01591,0.000183,6,7,1.0,1.1429,1,7,888.1457,0,vasudha.gulati795@upi
ACC01592,0.000294,13,17,1.0,1.1176,1,17,2018.7941,0,mugdha.kale482@oksbi
ACC01593,7.6e-05,9,9,1.0,1.2222,1,9,1101.2233,0,xiti.sodhi257@upi
ACC01594,0.000233,11,5,1.0,1.0,1,5,1125.104,0,hardik.taneja998@okaxis
ACC01595,0.000237,12,10,1.0,1.2,1,10,1460.763,0,advay.sathe999@ibl
ACC01596,0.000129,11,9,1.0,1.0,1,9,794.7967,0,qabil.kibe35@okaxis
ACC01597,0.000124,6,10,1.0,1.1,1,10,1748.24,0,ishwar.jani790@okhdfcbank
ACC01598,0.000241,15,7,1.0,1.0,1,7,1485.4071,0,warjas.borah214@ibl
ACC01599,0.000118,4,13,1.0,1.0769,1,13,2177.6492,0,jairaj.kaul985@paytm
ACC01600,0.000344,13,6,1.0,1.0,1,6,250.7,0,ojas.karpe645@okicici
ACC01601,0.000267,13,6,1.0,1.0,1,6,1203.1917,0,yatan.hora126@paytm
ACC01602,0.000287,13,10,1.0,1.1,1,10,992.01,0,meghana.warrior306@okaxis
ACC01603,0.000225,6,11,1.0,1.0,1,11,620.69,0,amara.shan885@okaxis
ACC01604,0.000172,9,2,1.0,1.0,1,2,458.085,0,farhan.guha649@upi
ACC01605,0.000203,12,15,1.0,1.0667,1,15,1504.136,0,geetika.ray172@paytm
ACC01606,7.3e-05,6,12,1.0,1.1667,1,12,1218.1025,0,kavya.vig406@okaxis
ACC01607,8.4e-05,7,12,1.0,1.1667,1,12,1848.8017,0,vedhika.bobal596@ibl
ACC01608,0.000314,13,9,1.0,1.1111,1,9,556.9889,0,girindra.ahuja381@okhdfcbank
ACC01609,0.000113,11,6,1.0,1.0,1,6,1935.9433,0,william.oommen512@okhdfcbank
ACC01610,0.000216,6,12,1.0,1.0,1,12,810.2433,0,nidra.basak954@okicici
ACC01611,0.000214,12,11,1.0,1.1818,1,11,2251.6836,0,raagini.rastogi661@oksbi
ACC01612,0.000107,8,7,1.0,1.0,1,7,1007.9143,0,logan.gill110@oksbi
ACC01613,0.000267,7,9,1.0,1.0,1,9,1016.7378,0,mekhala.narasimhan325@kotak
ACC01614,0.000216,5,13,1.0,1.1538,1,13,1340.4377,0,jeet.sastry914@ibl
ACC01615,0.000105,8,9,1.0,1.0,1,9,868.9956,0,bina.pant706@upi
ACC01616,0.000517,14,7,1.0,1.0,1,7,629.53,0,ayush.subramanian138@paytm
ACC01617,0.000214,8,10,1.0,1.1,1,10,1314.838,0,widisha.chopra724@ibl
ACC01618,4.2e-05,4,14,1.0,1.0714,1,14,1103.7414,0,yashvi.sahota556@ibl
ACC01619,7.6e-05,4,14,1.0,1.2143,1,14,1340.9471,0,idika.master192@kotak
ACC01620,8.8e-05,6,8,1.0,1.0,1,8,1309.0712,0,lavanya.banerjee750@ibl
ACC01621,0.000108,11,13,1.0769,1.0769,2,13,1124.9308,0,peter.gola852@kotak
ACC01622,8e-05,9,5,1.0,1.0,1,5,1234.966,0,rushil.vaidya544@oksbi
ACC01623,0.000163,10,9,1.0,1.0,1,9,4368.2122,0,bahadurjit.cherian840@paytm
ACC01624,3.8e-05,2,9,1.0,1.2222,1,9,2024.3978,0,balendra.ahuja465@okicici
ACC01625,0.000267,10,8,1.0,1.0,1,8,719.1888,0,aarna.mandal752@oksbi
ACC01626,0.000173,10,7,1.0,1.0,1,7,1034.3457,0,tanveer.bhatnagar878@ybl
ACC01627,0.000406,14,13,1.0,1.3077,1,13,1528.1508,0,jasmit.korpal329@okhdfcbank
ACC01628,0.000141,7,10,1.0,1.2727,1,11,429.2673,0,vedhika.krishnamurthy397@okaxis
ACC01629,0.000275,15,6,1.0,1.1667,1,6,1014.9867,0,nitesh.bath510@kotak
ACC01630,0.00026,9,12,1.0,1.0,1,12,818.075,0,sudiksha.prashad290@ybl
ACC01631,0.000186,9,10,1.0,1.1,1,10,1293.39,0,ati.baral330@okhdfcbank
ACC01632,0.000209,12,5,1.0,1.0,1,5,1260.588,0,mitali.bumb675@okhdfcbank
ACC01633,0.000182,11,21,1.0,1.1905,1,21,1256.321,0,ira.bumb961@oksbi
ACC01634,0.000242,7,19,1.0,1.2105,1,19,1029.7311,0,deepa.reddy33@okaxis
ACC01635,0.000245,13,9,1.0,1.0,1,9,564.8411,0,advay.om197@okhdfcbank
ACC01636,0.000213,9,13,1.0,1.1538,1,13,547.8323,0,tristan.kumar658@upi
ACC01637,0.000139,11,15,1.0,1.125,1,16,1659.1731,0,edhitha.mistry639@paytm
ACC01638,0.00019,8,10,1.0,1.1,1,10,880.935,0,harrison.roy227@okhdfcbank
ACC01639,0.000104,5,10,1.0,1.1,1,10,2167.775,0,faris.sankaran672@ibl
ACC01640,9.3e-05,6,6,1.0,1.0,1,6,916.2533,0,wyatt.ravi821@okicici
ACC01641,9.5e-05,7,15,1.0667,1.2,2,15,1580.428,0,samaksh.dasgupta762@upi
ACC01642,9.7e-05,5,11,1.0,1.0,1,11,1988.96,0,harinakshi.ganesan726@okicici
ACC01643,8.8e-05,6,10,1.0,1.1,1,10,1080.848,0,anthony.atwal542@okicici
ACC01644,0.000205,12,10,1.0,1.0,1,10,4005.631,0,sai.bava312@okhdfcbank
ACC01645,0.000152,10,11,1.0,1.0,1,11,1344.0455,0,geetika.dewan100@okhdfcbank
ACC01646,0.000388,9,14,1.0,1.0,1,14,2054.8664,0,aradhana.more395@okaxis
ACC01647,0.000128,10,9,1.0,1.0,1,9,1756.8,0,neha.chakrabarti673@okaxis
ACC01648,0.000109,11,9,1.0,1.0,1,9,880.3689,0,nihal.sanghvi971@oksbi
ACC01649,0.000226,13,9,1.0,1.0,1,9,1612.4656,0,irya.mitter572@upi
ACC01650,0.00026,5,10,1.0,1.2,1,10,859.603,0,jack.bala654@ybl
ACC01651,0.000293,11,15,1.0,1.2,1,15,971.4633,0,robert.walla682@upi
ACC01652,0.000153,13,13,1.0,1.0,1,13,1610.3031,0,dev.patil812@oksbi
ACC01653,0.000151,5,12,1.0,1.25,1,12,562.1342,0,abhiram.palan517@ybl
ACC01654,0.000182,8,5,1.0,1.0,1,5,1847.09,0,nandini.thaman615@ibl
ACC01655,0.000215,9,9,1.0,1.0,1,9,1630.2211,0,ansh.borra564@ybl
ACC01656,0.00017,6,8,1.0,1.125,1,8,1590.455,0,faraj.srinivasan783@upi
ACC01657,0.000245,11,10,1.0,1.0,1,10,2641.817,0,devika.karnik247@kotak
ACC01658,0.000122,8,13,1.0,1.0,1,13,903.0531,0,arya.mangal785@kotak
ACC01659,0.000149,12,10,1.0,1.1,1,10,797.738,0,ekalinga.pal985@ibl
ACC01660,0.000294,8,7,1.0,1.0,1,7,2217.4743,0,chaitaly.dash1@okicici
ACC01661,0.000174,11,7,1.0,1.0,1,7,894.18,0,simon.badami17@kotak
ACC01662,0.000133,6,9,1.0,1.1111,1,9,1245.4222,0,jeet.doshi7@paytm
ACC01663,8.1e-05,8,11,1.0,1.2727,1,11,506.2745,0,bhavna.bala877@ybl
ACC01664,0.00033,11,16,1.0,1.0625,1,16,1210.435,0,zaitra.sha842@paytm
ACC01665,0.000135,8,6,1.0,1.1667,1,6,1379.905,0,gayathri.pall570@oksbi
ACC01666,0.000238,9,10,1.0,1.0,1,10,1555.63,0,kashvi.dara472@ybl
ACC01667,0.00012,5,9,1.0,1.1111,1,9,1705.0856,0,amol.yadav272@ybl
ACC01668,0.000183,13,10,1.0,1.2,1,10,922.093,0,champak.chanda239@paytm
ACC01669,0.000351,11,9,1.0,1.3333,1,9,1791.1233,0,siddharth.sidhu585@upi
ACC01670,7.5e-05,4,9,1.0,1.0,1,9,709.3367,0,janaki.d’alia752@okhdfcbank
ACC01671,0.000181,8,12,1.0,1.0833,1,12,1326.6442,0,idika.bhattacharyya495@oksbi
ACC01672,0.000124,9,7,1.0,1.0,1,7,937.1386,0,samuel.mall921@okhdfcbank
ACC01673,0.000357,12,12,1.0,1.0,1,12,1371.535,0,daksh.kala308@okicici
ACC01674,0.000213,9,9,1.0,1.0,1,9,1150.4756,0,atharv.sathe81@okicici
ACC01675,0.000344,18,1,1.0,1.0,1,1,1340.92,0,banjeet.mittal901@upi
ACC01676,4.3e-05,3,11,1.0,1.1818,1,11,659.7009,0,madhavi.ganesh124@okaxis
ACC01677,0.000229,14,15,1.0,1.0667,1,15,756.1093,0,chaaya.tandon650@upi
ACC01678,0.000249,16,5,1.0,1.0,1,5,1117.386,0,bimala.pai537@okicici
ACC01679,8.5e-05,4,9,1.0,1.1111,1,9,942.3989,0,nidra.cherian579@oksbi
ACC01680,0.00011,10,14,1.0,1.2143,1,14,1262.7736,0,hemang.kannan715@okaxis
ACC01681,9.7e-05,8,21,1.0,1.0952,1,21,1275.2671,0,yashasvi.bhatnagar690@upi
ACC01682,0.000118,8,9,1.0,1.1111,1,9,1345.3822,0,krishna.ratta610@kotak
ACC01683,6.6e-05,4,5,1.0,1.0,1,5,2586.094,0,quincy.tak443@paytm
ACC01684,0.000326,10,12,1.0,1.0833,1,12,1217.865,0,onveer.kade136@ybl
ACC01685,0.000218,7,6,1.0,1.1667,1,6,2477.1017,0,faqid.banerjee586@okicici
ACC01686,9.1e-05,5,9,1.0,1.0,1,9,1570.0856,0,ekalinga.ben269@okhdfcbank
ACC01687,5.2e-05,3,11,1.0,1.0909,1,11,2214.2764,0,neel.bhatnagar445@oksbi
ACC01688,0.000233,9,10,1.0,1.1,1,10,813.143,0,wakeeta.kapadia573@okaxis
ACC01689,0.000161,13,9,1.0,1.0,1,9,1290.3244,0,diya.patla668@okaxis
ACC01690,0.000203,9,16,1.0625,1.1875,2,16,913.8156,0,balveer.dyal754@kotak
ACC01691,9.7e-05,6,13,1.0,1.1538,1,13,2200.3562,0,yatan.dutta74@paytm
ACC01692,5.4e-05,7,5,1.0,1.0,1,5,1171.068,0,zehaan.palla702@okhdfcbank
ACC01693,0.000103,12,13,1.0,1.1538,1,13,2521.2431,0,vincent.chatterjee424@upi
ACC01694,0.000113,9,10,1.0,1.0,1,10,1425.714,0,aarna.deol196@ybl
ACC01695,0.000234,15,5,1.0,1.0,1,5,618.758,0,sai.vyas672@okicici
ACC01696,0.00021,9,8,1.0,1.0,1,8,869.8112,0,lekha.pant359@ibl
ACC01697,0.000263,14,9,1.0,1.0,1,9,1363.2156,0,aadi.khare452@okicici
ACC01698,0.000186,10,11,1.0,1.0909,1,11,1625.1964,0,yashica.shankar702@ybl
ACC01699,0.000138,9,11,1.0,1.1818,1,11,1643.5855,0,yatan.bobal746@okhdfcbank
ACC01700,0.000195,10,12,1.0,1.1667,1,12,1856.4392,0,hitesh.bassi56@okaxis
ACC01701,0.0001,5,7,1.0,1.0,1,7,2605.4529,0,rishi.swamy890@paytm
ACC01702,0.000289,15,8,1.0,1.125,1,8,271.2062,0,wakeeta.gala711@okhdfcbank
ACC01703,0.000251,12,4,1.0,1.0,1,4,795.3775,0,keya.sinha483@okicici
ACC01704,0.000182,11,9,1.0,1.0,1,9,1375.4633,0,gauri.rattan758@kotak
ACC01705,0.000154,8,6,1.0,1.1667,1,6,1233.6717,0,hritik.nigam560@kotak
ACC01706,0.000115,8,9,1.1111,1.1111,2,9,1673.22,0,balveer.chakraborty495@oksbi
ACC01707,0.00023,10,7,1.0,1.1429,1,7,1450.5029,0,gabriel.panchal597@kotak
ACC01708,0.000299,12,9,1.0,1.2222,1,9,1327.8756,0,triveni.bumb175@okicici
ACC01709,0.000127,13,7,1.0,1.0,1,7,1073.3329,0,kavya.dave809@paytm
ACC01710,0.000244,10,12,1.0,1.0,1,12,940.54,0,krisha.singh671@okicici
ACC01711,0.000133,8,5,1.0,1.2,1,5,1041.638,0,chatresh.chanda677@paytm
ACC01712,0.000251,16,13,1.0,1.0769,1,13,3236.63,0,jackson.sachar111@okicici
ACC01713,7.4e-05,7,8,1.0,1.125,1,8,1584.8638,0,saanvi.sachdeva905@upi
ACC01714,0.000328,15,13,1.0769,1.0769,2,13,1080.41,0,lipika.koshy521@okhdfcbank
ACC01715,0.000151,9,10,1.0,1.2,1,10,882.12,0,nandini.samra888@kotak
ACC01716,0.000264,9,9,1.0,1.0,1,9,988.1167,0,sara.ranganathan204@kotak
ACC01717,0.000175,8,13,1.0,1.0769,1,13,1358.9854,0,owen.pillai949@okicici
ACC01718,0.0002,8,13,1.0,1.0,1,13,1699.1277,0,urvashi.kala945@kotak
ACC01719,0.00018,7,11,1.0,1.0,1,11,898.1491,0,naveen.menon502@upi
ACC01720,0.000161,10,8,1.0,1.25,1,8,530.7787,0,isaac.bhattacharyya356@ybl
ACC01721,0.000231,10,9,1.0,1.0,1,9,4415.5667,0,tanay.shukla310@okaxis
ACC01722,0.000118,8,8,1.0,1.0,1,8,1003.05,0,odika.ramanathan832@okicici
ACC01723,0.000389,16,6,1.0,1.0,1,6,857.3033,0,gayathri.sharma912@okicici
ACC01724,0.00013,9,12,1.0,1.0833,1,12,862.0567,0,yahvi.dass231@oksbi
ACC01725,0.000123,8,7,1.0,1.1429,1,7,830.1,0,tanay.chaudry673@oksbi
ACC01726,0.000192,11,8,1.0,1.125,1,8,2411.83,0,omya.bhardwaj392@kotak
ACC01727,0.000261,7,14,1.0,1.1429,1,14,1944.9771,0,watika.arora641@okaxis
ACC01728,0.000159,8,17,1.0,1.2941,1,17,1866.0876,0,omkaar.sagar587@oksbi
ACC01729,0.000172,9,11,1.0,1.0,1,11,1336.8336,0,krishna.de932@ybl
ACC01730,0.000245,8,7,1.0,1.0,1,7,1954.3071,0,rehaan.oza135@okaxis
ACC01731,0.000165,9,12,1.0,1.0,1,12,1565.6208,0,daniel.sunder555@okaxis
ACC01732,0.000142,9,8,1.0,1.0,1,8,781.7525,0,yug.madan706@kotak
ACC01733,0.000218,8,15,1.0,1.0667,1,15,1199.1887,0,onkar.singhal931@oksbi
ACC01734,0.000195,11,10,1.0,1.1,1,10,896.233,0,ekalinga.uppal326@okhdfcbank
ACC01735,0.000449,17,7,1.0,1.1429,1,7,1046.6429,0,amaira.tiwari972@okhdfcbank
ACC01736,0.000221,14,13,1.0,1.0769,1,13,773.4723,0,vasatika.sachdeva860@oksbi
ACC01737,0.000132,8,12,1.0833,1.1667,2,12,1817.9808,0,guneet.merchant327@upi
ACC01738,0.000257,10,17,1.0588,1.1765,2,17,2834.2329,0,michael.krishnan454@paytm
ACC01739,0.000243,10,14,1.0,1.0,1,14,1154.4293,0,jack.parekh193@okhdfcbank
ACC01740,0.000105,8,13,1.0,1.3077,1,13,1845.4515,0,george.goswami27@paytm
ACC01741,0.000226,8,7,1.0,1.0,1,7,1461.0229,0,gautami.salvi628@okaxis
ACC01742,0.000221,12,14,1.0,1.2143,1,14,1082.22,0,anamika.sarkar237@okicici
ACC01743,0.000255,9,7,1.0,1.1429,1,7,682.7629,0,avi.raja705@ibl
ACC01744,8.4e-05,3,15,1.0,1.3125,1,16,1505.1294,0,vedant.mannan867@ibl
ACC01745,0.000372,13,7,1.0,1.0,1,7,862.8114,0,hritik.kari873@upi
ACC01746,0.000275,15,11,1.0,1.1818,1,11,1774.1082,0,anita.kannan141@oksbi
ACC01747,0.00032,9,12,1.0,1.1667,1,12,2212.5383,0,chameli.zacharia34@upi
ACC01748,0.000184,5,11,1.0,1.0833,1,12,1077.3167,0,dalbir.keer974@upi
ACC01749,9.8e-05,8,7,1.0,1.0,1,7,481.2729,0,hredhaan.sur688@okaxis
ACC01750,0.000197,10,8,1.0,1.0,1,8,1053.825,0,janaki.tank182@ibl
ACC01751,0.000218,10,10,1.0,1.1,1,10,1543.408,0,jagrati.mahajan705@ybl
ACC01752,0.000238,9,9,1.0,1.1111,1,9,951.6144,0,anirudh.saxena438@upi
ACC01753,0.00026,10,10,1.0,1.2,1,10,826.506,0,luke.uppal753@upi
ACC01754,0.000314,12,14,1.0,1.0714,1,14,1191.7543,0,riya.baria627@kotak
ACC01755,0.00019,15,8,1.0,1.0,1,8,1461.7325,0,panini.khanna897@okicici
ACC01756,0.000158,11,13,1.0,1.2308,1,13,1725.8831,0,upkaar.varty463@ibl
ACC01757,0.000251,15,13,1.0,1.0,1,13,837.2369,0,abhimanyu.shetty532@kotak
ACC01758,0.000137,7,13,1.0,1.2143,1,14,826.5536,0,rachit.mangat41@kotak
ACC01759,0.000138,5,9,1.0,1.0,1,9,1680.2011,0,unnati.chowdhury784@okicici
ACC01760,0.000171,8,12,1.0,1.1667,1,12,482.8808,0,daniel.shenoy451@upi
ACC01761,6.8e-05,5,11,1.0,1.1818,1,11,2484.8464,0,fariq.walla848@paytm
ACC01762,0.000206,11,13,1.0,1.0,1,13,1110.1138,0,tarak.subramanian433@paytm
ACC01763,0.000247,13,9,1.0,1.2222,1,9,1188.1989,0,saanvi.samra707@kotak
ACC01764,7.9e-05,4,11,1.0,1.0909,1,11,1255.37,0,oscar.kalita850@ibl
ACC01765,0.000279,11,11,1.0,1.0,1,11,739.4418,0,vinaya.sehgal513@okhdfcbank
ACC01766,0.000216,13,12,1.0,1.25,1,12,1461.2708,0,william.basak600@kotak
ACC01767,0.000281,13,6,1.0,1.1667,1,6,868.0867,0,samar.mane424@ybl
ACC01768,0.000228,11,12,1.0833,1.3333,2,12,911.4675,0,ikshita.sem184@ibl
ACC01769,0.000153,10,11,1.0,1.0,1,11,1009.7036,0,indira.bose918@okaxis
ACC01770,0.00024,10,5,1.0,1.0,1,5,2906.764,0,ekapad.mangat257@ybl
ACC01771,0.000242,12,11,1.0,1.0,1,11,987.2391,0,urvi.baria751@okhdfcbank
ACC01772,0.000261,15,12,1.0833,1.1667,2,12,3498.1092,0,ishita.singh724@ibl
ACC01773,0.000232,12,10,1.0,1.0,1,10,707.679,0,pranit.krishna537@upi
ACC01774,0.000255,9,13,1.0,1.0769,1,13,2513.7292,0,ayaan.thakur973@oksbi
ACC01775,7.6e-05,7,7,1.0,1.2857,1,7,1565.7529,0,rajeshri.bumb390@okicici
ACC01776,0.000315,17,16,1.0,1.0,1,16,1777.5206,0,urishilla.shenoy580@oksbi
ACC01777,0.00019,6,11,1.0,1.0909,1,11,678.6245,0,bahadurjit.prakash149@oksbi
ACC01778,0.000139,8,12,1.0,1.0,1,12,743.16,0,amrita.kannan316@paytm
ACC01779,0.000202,12,12,1.0,1.0833,1,12,1657.1367,0,jagvi.mallick642@oksbi
ACC01780,0.000316,14,7,1.0,1.0,1,7,1811.6029,0,jairaj.lad984@okaxis
ACC01781,0.00013,6,9,1.0,1.0,1,9,1494.1178,0,aarnav.narayan784@paytm
ACC01782,0.000173,3,9,1.1111,1.3333,2,9,1634.3,0,vedika.mishra510@ibl
ACC01783,0.000222,7,14,1.0,1.0,1,14,2375.6771,0,faris.mukherjee6@ibl
ACC01784,0.000104,12,11,1.0,1.1818,1,11,2580.4609,0,ayush.mand603@ibl
ACC01785,0.000242,9,13,1.0,1.2308,1,13,1187.6269,0,leena.madan453@okhdfcbank
ACC01786,0.000158,12,10,1.0,1.0,1,10,1489.637,0,pallavi.swamy7@okaxis
ACC01787,6.6e-05,5,12,1.0,1.25,1,12,1827.9842,0,tanvi.devan635@kotak
ACC01788,0.000179,11,11,1.0,1.0909,1,11,1050.0127,0,ishani.narula190@oksbi
ACC01789,0.000215,11,10,1.0,1.1,1,10,990.078,0,daksha.nayak358@okicici
ACC01790,0.00017,10,11,1.0,1.0909,1,11,1984.6264,0,baghyawati.mand34@paytm
ACC01791,0.000366,10,12,1.0,1.0833,1,12,1541.3192,0,ira.parmar51@okhdfcbank
ACC01792,0.000331,10,14,1.0,1.2143,1,14,1130.2107,0,elijah.mody166@paytm
ACC01793,0.000291,12,11,1.0,1.2727,1,11,1690.0927,0,saumya.balakrishnan709@kotak
ACC01794,0.000155,10,7,1.0,1.0,1,7,1447.3943,0,advika.arora768@ybl
ACC01795,0.000182,15,7,1.0,1.0,1,7,818.3586,0,inaya.kade787@paytm
ACC01796,0.000137,12,13,1.0,1.1538,1,13,1102.2085,0,kalpit.warrior920@upi
ACC01797,9.9e-05,7,4,1.0,1.0,1,4,3058.725,0,anya.balasubramanian438@kotak
ACC01798,0.000139,10,7,1.0,1.0,1,7,400.8729,0,bhavya.gour483@oksbi
ACC01799,0.000266,13,9,1.0,1.0,1,9,869.7478,0,nathaniel.issac881@paytm
ACC01800,0.00025,8,11,1.0,1.1818,1,11,734.5727,0,ekani.dara424@kotak
ACC01801,0.000207,5,6,1.0,1.1667,1,6,1041.37,0,samarth.sarkar215@okicici
ACC01802,5.7e-05,5,10,1.1,1.2,2,10,2815.086,0,noah.venkataraman748@kotak
ACC01803,0.000391,11,8,1.0,1.0,1,8,838.875,0,leena.dugar742@paytm
ACC01804,9e-05,5,7,1.0,1.0,1,7,789.3129,0,aishani.ram869@ybl
ACC01805,0.000181,11,8,1.0,1.0,1,8,453.6675,0,darika.sridhar589@ybl
ACC01806,0.000164,6,12,1.0,1.0833,1,12,2968.1825,0,isaac.bath577@ibl
ACC01807,0.000266,12,9,1.0,1.2222,1,9,1719.4178,0,nilima.bobal648@ibl
ACC01808,0.000212,8,10,1.0,1.1,1,10,1598.563,0,raagini.mangat185@okaxis
ACC01809,0.000211,5,8,1.0,1.0,1,8,892.7888,0,eesha.sethi2@okhdfcbank
ACC01810,0.000175,9,12,1.0,1.3333,1,12,1205.9167,0,pahal.korpal641@okhdfcbank
ACC01811,6.7e-05,6,4,1.0,1.0,1,4,927.49,0,ranveer.som631@upi
ACC01812,0.000144,15,11,11.0,11.0,11,11,2517.1991,0,harini.sheth342@ybl
ACC01813,0.000145,9,9,1.0,1.2222,1,9,1205.3378,0,banjeet.shah653@okaxis
ACC01814,0.000145,8,8,1.0,1.25,1,8,1456.5562,0,praneel.kant207@paytm
ACC01815,0.000277,14,6,1.1667,1.1667,2,6,1232.6267,0,patrick.dhawan70@paytm
ACC01816,0.000336,11,12,1.0,1.0833,1,12,1282.2158,0,maanav.nagar564@ybl
ACC01817,0.000261,10,12,1.0,1.0833,1,12,783.6692,0,ishanvi.dhar703@ybl
ACC01818,0.000205,13,13,1.0,1.3077,1,13,1430.0846,0,nirja.barman742@okicici
ACC01819,0.000215,11,12,1.0,1.0833,1,12,863.21,0,ishaan.sani339@ybl
ACC01820,0.00019,7,6,1.0,1.1667,1,6,1059.4467,0,pallavi.lala817@okicici
ACC01821,0.000116,7,9,1.0,1.1111,1,9,1423.5256,0,aarini.maharaj160@ibl
ACC01822,0.00017,10,11,1.0,1.0,1,11,1238.1427,0,janaki.soman474@upi
ACC01823,0.000101,8,10,1.0,1.0,1,10,1275.531,0,balveer.nagarajan534@paytm
ACC01824,0.000262,15,13,1.0,1.4615,1,13,868.9546,0,dakshesh.dyal695@ybl
ACC01825,9.2e-05,10,12,1.0,1.0833,1,12,1375.61,0,ekiya.khare20@okaxis
ACC01826,0.000357,15,7,1.0,1.0,1,7,994.3129,0,chatresh.sundaram340@ybl
ACC01827,0.000133,7,9,1.0,1.1111,1,9,4284.0711,0,balvan.wali288@okicici
ACC01828,0.000156,11,10,1.0,1.1,1,10,1186.444,0,amol.pingle642@kotak
ACC01829,0.000153,10,11,1.0,1.0,1,11,972.1155,0,brijesh.sunder621@upi
ACC01830,0.000209,13,8,1.0,1.0,1,8,1165.555,0,nakul.wable120@paytm
ACC01831,0.000198,9,8,1.0,1.0,1,8,953.54,0,gautami.chaudhry33@paytm
ACC01832,0.000129,7,11,1.0,1.0909,1,11,618.4491,0,manbir.sagar509@okaxis
ACC01833,0.000119,7,9,1.0,1.0,1,9,1230.7944,0,vanya.sule850@paytm
ACC01834,0.000217,11,5,1.0,1.2,1,5,2242.696,0,tarak.bains310@oksbi
ACC01835,0.000209,8,4,1.0,1.0,1,4,437.98,0,yash.jani804@okicici
ACC01836,0.000111,5,14,1.0714,1.5,2,14,1194.2543,0,fitan.ghosh455@kotak
ACC01837,9e-05,9,12,1.0,1.0833,1,12,1118.7592,0,diya.reddy495@kotak
ACC01838,0.000179,11,10,1.0,1.3,1,10,1409.126,0,varsha.trivedi349@ibl
ACC01839,0.000208,11,11,1.0,1.1818,1,11,837.4055,0,aayush.bandi795@ybl
ACC01840,0.000192,6,11,1.0,1.1818,1,11,774.6855,0,tanvi.thakkar893@okhdfcbank
ACC01841,0.000124,5,9,1.0,1.0,1,9,1143.8544,0,janaki.das136@okaxis
ACC01842,0.000127,9,11,1.0909,1.2727,2,11,1809.2509,0,thomas.kant397@kotak
ACC01843,0.000235,9,7,1.0,1.2857,1,7,802.86,0,thomas.choudhury319@okicici
ACC01844,0.000201,8,6,1.0,1.5,1,6,277.33,0,yutika.bali90@ybl
ACC01845,0.000263,11,8,1.0,1.0,1,8,2130.7962,0,kritika.garde106@kotak
ACC01846,0.000148,8,8,1.0,1.125,1,8,1074.6638,0,aishani.bobal592@paytm
ACC01847,0.000254,11,14,1.0,1.1429,1,14,1567.5443,0,nirja.reddy206@okaxis
ACC01848,0.000174,7,5,1.0,1.0,1,5,1901.388,0,geetika.prabhakar546@ybl
ACC01849,0.000247,15,12,1.0,1.1667,1,12,2792.805,0,saanvi.dara121@paytm
ACC01850,0.000129,6,12,1.0,1.0,1,12,1326.26,0,ranbir.sant281@okhdfcbank
ACC01851,0.00027,10,13,1.0,1.0769,1,13,1118.5223,0,urvi.sem574@kotak
ACC01852,0.00021,12,13,1.0,1.0769,1,13,873.8462,0,nandini.soni556@ybl
ACC01853,0.000127,8,5,1.0,1.0,1,5,498.92,0,jyoti.loke278@oksbi
ACC01854,9.6e-05,7,5,1.0,1.0,1,5,1577.72,0,caleb.sankar251@oksbi
ACC01855,0.000149,11,6,1.0,1.0,1,6,4823.6033,0,gayathri.padmanabhan628@ybl
ACC01856,0.00033,11,8,1.0,1.125,1,8,380.8388,0,yashodhara.gopal52@oksbi
ACC01857,0.000227,10,7,1.0,1.0,1,7,1772.6771,0,ikshita.karnik925@okicici
ACC01858,0.000191,15,6,1.0,1.0,1,6,705.9233,0,jasmit.ratta56@okhdfcbank
ACC01859,0.000181,7,9,1.0,1.0,1,9,544.8578,0,ikshita.anne184@ibl
ACC01860,0.000105,2,8,1.0,1.25,1,8,1841.3925,0,udant.bala320@ybl
ACC01861,0.000138,9,11,1.0,1.0909,1,11,972.6727,0,radha.reddy777@kotak
ACC01862,9.9e-05,9,10,1.0,1.1,1,10,600.448,0,lucky.memon783@ibl
ACC01863,0.000104,11,15,1.0,1.2,1,15,658.2447,0,veer.hayre96@ibl
ACC01864,0.000209,9,5,1.0,1.0,1,5,2983.134,0,sara.narayan318@ibl
ACC01865,0.000163,10,5,1.0,1.0,1,5,390.95,0,sanaya.bobal971@okaxis
ACC01866,0.000157,9,15,1.0,1.0667,1,15,1395.2593,0,tristan.kalla918@paytm
ACC01867,0.000182,10,12,1.0,1.0833,1,12,971.1708,0,xiti.dua188@ybl
ACC01868,0.000187,11,10,1.0,1.0,1,10,598.816,0,aarini.hora500@okicici
ACC01869,9.5e-05,6,15,1.0,1.0667,1,15,609.7907,0,guneet.chaudhry116@ybl
ACC01870,0.000129,10,9,1.0,1.1111,1,9,2602.3689,0,gavin.dara867@oksbi
ACC01871,9.4e-05,4,13,1.0,1.3077,1,13,950.4854,0,manan.choudhury357@oksbi
ACC01872,0.000421,12,7,1.0,1.1429,1,7,1367.2214,0,abhiram.lad416@okhdfcbank
ACC01873,9.8e-05,10,9,1.0,1.0,1,9,795.6256,0,omisha.yogi666@okhdfcbank
ACC01874,8.4e-05,6,14,1.0,1.1429,1,14,1664.495,0,rajeshri.mangat473@upi
ACC01875,0.000266,11,11,1.0,1.0,1,11,2567.9091,0,idika.sagar245@okaxis
ACC01876,9.9e-05,6,14,1.0,1.1429,1,14,1021.6493,0,ishwar.zacharia998@ibl
ACC01877,0.000211,9,11,1.0,1.0,1,11,628.8618,0,samesh.lala349@okaxis
ACC01878,9.3e-05,6,7,1.0,1.0,1,7,563.7457,0,saksham.more804@upi
ACC01879,0.000242,8,9,1.0,1.1111,1,9,852.4144,0,ucchal.banik351@kotak
ACC01880,0.000379,12,12,1.0,1.0,1,12,2820.0483,0,watika.sibal679@okhdfcbank
ACC01881,0.000231,10,5,1.0,1.4,1,5,377.514,0,samar.shankar499@okhdfcbank
ACC01882,0.000299,13,10,1.0,1.2,1,10,856.046,0,advay.krishnamurthy475@ybl
ACC01883,0.000138,13,14,1.0,1.0714,1,14,1249.815,0,manthan.bawa842@ibl
ACC01884,0.000288,15,9,1.1111,1.1111,2,9,953.8433,0,zaid.patla979@upi
ACC01885,0.000139,8,9,1.0,1.3333,1,9,1651.6078,0,ekiya.merchant112@upi
ACC01886,0.000132,8,5,1.0,1.0,1,5,816.506,0,guneet.sheth661@okicici
ACC01887,0.000398,12,10,1.0,1.0,1,10,3935.235,0,nirja.muni837@oksbi
ACC01888,0.00034,11,14,1.0714,1.2857,2,14,1123.1929,0,elijah.karnik652@okicici
ACC01889,0.000112,9,9,1.0,1.0,1,9,937.39,0,christopher.oak153@ibl
ACC01890,0.000132,8,12,1.0,1.1667,1,12,2387.3483,0,qasim.virk400@ibl
ACC01891,0.000122,7,10,1.0,1.1,1,10,2222.518,0,chaitaly.swamy698@ybl
ACC01892,0.000108,7,8,1.0,1.25,1,8,1006.3012,0,chaitanya.doshi814@paytm
ACC01893,0.000223,14,8,1.0,1.25,1,8,3544.2575,0,imaran.cheema938@ybl
ACC01894,9.3e-05,10,9,1.0,1.2222,1,9,2108.4944,0,yasti.tara9@kotak
ACC01895,0.000123,8,8,1.0,1.0,1,8,1178.3112,0,kabir.memon131@paytm
ACC01896,0.000102,9,6,1.0,1.0,1,6,1098.3017,0,jairaj.seshadri923@kotak
ACC01897,0.000148,8,8,1.0,1.125,1,8,1925.7388,0,ekanta.kumar721@kotak
ACC01898,8.5e-05,4,9,1.0,1.3333,1,9,909.2656,0,mitali.chaudhry882@paytm
ACC01899,0.000173,8,9,1.0,1.0,1,9,1412.3067,0,ucchal.shankar443@upi
ACC01900,0.000182,12,11,1.0,1.0,1,11,1195.41,0,faras.nadkarni392@upi
ACC01901,0.000164,10,14,14.0,14.0,14,14,1272.0814,0,rayaan.swaminathan559@okaxis
ACC01902,0.000147,10,9,1.0,1.1111,1,9,1298.8689,0,prisha.menon143@okaxis
ACC01903,0.000164,9,7,1.0,1.1429,1,7,2002.6729,0,tripti.ram864@ybl
ACC01904,0.000158,9,7,1.0,1.4286,1,7,925.6557,0,jagrati.goda296@oksbi
ACC01905,0.000133,11,9,1.0,1.1111,1,9,1166.1156,0,adya.deshpande74@okicici
ACC01906,8.9e-05,9,10,1.0,1.1,1,10,539.904,0,omya.date907@ibl
ACC01907,0.000204,12,5,1.0,1.0,1,5,1576.93,0,darika.ghose87@oksbi
ACC01908,0.000233,11,11,1.0,1.0,1,11,1293.2082,0,urvashi.shetty467@upi
ACC01909,0.000338,6,4,1.0,1.0,1,4,1221.5775,0,ekantika.dar466@kotak
ACC01910,0.00016,7,17,1.0,1.1176,1,17,1261.8959,0,yashawini.dhingra840@ibl
ACC01911,6.6e-05,11,7,1.0,1.1429,1,7,585.8086,0,aarna.anne232@oksbi
ACC01912,0.000558,11,13,1.0,1.1538,1,13,701.2769,0,gaurav.deo8@ibl
ACC01913,0.000118,11,6,1.0,1.1667,1,6,1107.185,0,yashasvi.bhasin514@paytm
ACC01914,0.000173,10,7,1.0,1.2857,1,7,477.4243,0,azaan.shenoy591@ybl
ACC01915,0.000195,5,8,1.0,1.25,1,8,913.2938,0,laksh.chaudry582@ibl
ACC01916,0.0002,9,13,1.0,1.1538,1,13,870.27,0,patrick.rastogi595@ibl
ACC01917,0.00017,14,11,1.0,1.0,1,11,1045.1282,0,neha.krish748@kotak
ACC01918,0.000249,7,13,1.0,1.2308,1,13,1258.1931,0,daksh.agate530@okhdfcbank
ACC01919,4.6e-05,7,9,1.0,1.0,1,9,2421.8789,0,adweta.nadig91@okaxis
ACC01920,0.000169,11,9,1.0,1.0,1,9,1285.4378,0,tanmayi.rajan760@okhdfcbank
ACC01921,0.00012,7,14,1.0714,1.2143,2,14,1009.3279,0,noah.oak594@paytm
ACC01922,0.000332,11,11,1.0,1.0909,1,11,1129.5709,0,tanmayi.bhatti926@ybl
ACC01923,0.000175,12,20,1.05,1.1,2,20,1864.3775,0,nidhi.bail12@ibl
ACC01924,0.000126,10,4,1.0,1.0,1,4,890.865,0,om.lall928@ibl
ACC01925,8.4e-05,9,8,1.0,1.0,1,8,791.0575,0,saumya.yadav340@upi
ACC01926,7.3e-05,7,15,1.0,1.2,1,15,1617.056,0,daksh.agate302@paytm
ACC01927,0.000335,11,6,1.0,1.0,1,6,1274.6433,0,gautam.wadhwa712@paytm
ACC01928,0.000105,5,12,1.0,1.4167,1,12,1683.0275,0,harshil.arya63@ibl
ACC01929,0.000358,13,11,1.0,1.0909,1,11,988.7227,0,chatura.tripathi587@okicici
ACC01930,0.000187,10,8,1.0,1.0,1,8,968.8412,0,upadhriti.misra756@okicici
ACC01931,0.000223,14,11,1.0,1.0,1,11,1118.49,0,farhan.bhakta85@oksbi
ACC01932,0.000251,16,13,1.0,1.3077,1,13,1821.2192,0,widisha.gaba872@paytm
ACC01933,0.000118,5,4,1.0,1.0,1,4,511.255,0,rehaan.choudhry631@paytm
ACC01934,7.1e-05,7,9,1.0,1.1111,1,9,1587.9956,0,madhav.aurora264@okicici
ACC01935,0.000216,10,14,1.0,1.0,1,14,1291.0893,0,oliver.borde179@oksbi
ACC01936,0.000207,9,14,1.0,1.2143,1,14,1692.1114,0,fariq.gade828@oksbi
ACC01937,0.000101,8,9,1.0,1.1111,1,9,1500.9611,0,dalaja.merchant718@okaxis
ACC01938,8.8e-05,7,18,1.0,1.1667,1,18,995.2094,0,naveen.dhar819@kotak
ACC01939,0.000255,7,20,1.0,1.3,1,20,1125.7625,0,bina.naidu87@oksbi
ACC01940,0.000207,10,11,1.0,1.0,1,11,3161.4445,0,janani.garg158@ibl
ACC01941,0.000125,6,11,1.0,1.0,1,11,631.4527,0,viraj.ganguly393@okaxis
ACC01942,0.000179,9,13,1.0,1.0,1,13,1987.3423,0,vyanjana.saraf653@oksbi
ACC01943,0.000245,13,8,1.0,1.0,1,8,2271.5325,0,rehaan.pradhan752@ybl
ACC01944,0.000195,9,10,1.0,1.0,1,10,1280.594,0,lakshmi.aggarwal271@okhdfcbank
ACC01945,0.000273,18,9,1.0,1.0,1,9,592.0422,0,ekiya.som476@upi
ACC01946,9.3e-05,12,12,1.0,1.25,1,12,1349.9517,0,abdul.tank488@kotak
ACC01947,6.9e-05,7,6,1.0,1.0,1,6,3854.2783,0,ishanvi.peri700@upi
ACC01948,0.000169,8,8,1.0,1.25,1,8,2188.1325,0,frado.dhar149@kotak
ACC01949,0.000185,9,6,1.0,1.0,1,6,537.4533,0,abhiram.raval296@ibl
ACC01950,0.000149,13,11,1.0,1.0909,1,11,1538.6836,0,reva.ahuja324@kotak
ACC01951,0.000117,8,6,1.0,1.0,1,6,983.005,0,anjali.kapur940@kotak
ACC01952,0.000114,7,10,1.0,1.1,1,10,1121.048,0,edhitha.lal443@paytm
ACC01953,7.3e-05,5,8,1.0,1.125,1,8,1510.4788,0,yutika.garde274@okhdfcbank
ACC01954,0.000231,7,5,1.0,1.0,1,5,2743.11,0,niharika.behl599@upi
ACC01955,0.000131,7,11,1.0909,1.1818,2,11,2513.1918,0,anay.sura692@okaxis
ACC01956,0.000133,10,12,1.0,1.25,1,12,1015.04,0,isha.sehgal200@kotak
ACC01957,0.000106,6,7,1.0,1.0,1,7,7545.6086,0,urmi.sharma707@oksbi
ACC01958,0.000174,13,12,1.0,1.0833,1,12,1537.5025,0,brijesh.ravel11@okicici
ACC01959,0.000173,10,9,1.1111,1.4444,2,9,1308.7978,0,patrick.bahri422@okhdfcbank
ACC01960,0.000138,11,10,1.0,1.1,1,10,1135.103,0,jagvi.thakkar702@ibl
ACC01961,0.000125,11,12,1.0,1.1667,1,12,959.965,0,hamsini.hora743@paytm
ACC01962,0.000156,10,8,1.0,1.125,1,8,218.7938,0,rehaan.peri35@okicici
ACC01963,0.000338,13,12,1.0,1.4167,1,12,710.1158,0,dalbir.ben59@okaxis
ACC01964,0.000209,7,10,1.0,1.0,1,10,1105.684,0,sai.ganguly125@okhdfcbank
ACC01965,0.00022,11,13,1.0,1.0769,1,13,963.6669,0,ria.basak620@oksbi
ACC01966,0.000164,7,10,1.0,1.0,1,10,2775.454,0,hemani.dash783@oksbi
ACC01967,0.000263,8,12,1.0,1.1667,1,12,1061.2017,0,bhavna.gopal189@paytm
ACC01968,8.6e-05,4,11,1.0,1.1818,1,11,1700.5155,0,chameli.bhandari677@okhdfcbank
ACC01969,0.00022,15,9,1.0,1.1111,1,9,1281.9422,0,michael.iyengar788@upi
ACC01970,0.000297,7,12,1.0,1.0833,1,12,1386.035,0,zehaan.mall166@okhdfcbank
ACC01971,6.6e-05,4,10,1.0,1.2,1,10,1541.796,0,mason.chaudhary64@upi
ACC01972,0.000234,8,10,1.0,1.2,1,10,1435.963,0,chaaya.ganesan62@paytm
ACC01973,6.9e-05,8,12,1.0,1.0833,1,12,1294.6958,0,triya.thakur452@okhdfcbank
ACC01974,0.000281,10,15,1.0,1.1333,1,15,2413.902,0,ethan.mukhopadhyay625@upi
ACC01975,0.000154,12,14,1.0,1.2143,1,14,1401.26,0,vihaan.palan504@okhdfcbank
ACC01976,0.0002,9,13,1.0,1.1538,1,13,1560.8677,0,arunima.bains788@upi
ACC01977,0.000247,11,10,1.0,1.0,1,10,1943.125,0,lipika.butala659@okhdfcbank
ACC01978,0.000117,11,7,1.0,1.0,1,7,1063.2914,0,niharika.nagy266@okhdfcbank
ACC01979,0.000102,8,7,1.0,1.1429,1,7,815.4971,0,zashil.subramaniam73@paytm
ACC01980,0.000462,15,8,1.0,1.375,1,8,936.2962,0,advika.bhalla919@ibl
ACC01981,0.000223,8,6,1.0,1.0,1,6,823.3483,0,advika.sami656@okicici
ACC01982,0.000107,11,9,1.0,1.1111,1,9,1316.0867,0,quincy.sura400@paytm
ACC01983,0.000235,7,12,1.0,1.0833,1,12,731.7333,0,jagrati.chakrabarti338@upi
ACC01984,0.000334,12,12,1.0,1.0833,1,12,1601.385,0,bimala.lanka528@ibl
ACC01985,0.000274,9,11,1.0,1.0909,1,11,413.7073,0,krish.wable414@okhdfcbank
ACC01986,0.000124,7,3,1.0,1.0,1,3,1810.8833,0,laban.wason4@upi
ACC01987,0.000298,10,7,1.0,1.1429,1,7,2897.1543,0,brinda.varughese581@kotak
ACC01988,0.000126,12,10,1.0,1.0,1,10,1080.564,0,watika.nori699@paytm
ACC01989,0.000298,14,14,1.0,1.1429,1,14,1262.6836,0,max.mital648@okhdfcbank
ACC01990,0.000176,8,7,1.0,1.0,1,7,904.1429,0,amara.seshadri874@ybl
ACC01991,9.7e-05,5,8,1.0,1.125,1,8,1216.6613,0,viraj.kapadia471@paytm
ACC01992,0.000165,9,10,1.0,1.0,1,10,2334.649,0,zansi.varty568@okicici
ACC01993,0.000226,11,3,1.0,1.0,1,3,380.8367,0,lakshit.sodhi196@paytm
ACC01994,0.000189,6,9,1.0,1.1111,1,9,949.1556,0,eiravati.yogi646@ybl
ACC01995,0.000202,9,17,1.0,1.2353,1,17,1720.9029,0,girik.boase907@ibl
ACC01996,0.000271,12,12,1.0,1.0,1,12,872.9733,0,gunbir.gara37@okaxis
ACC01997,0.000253,9,6,1.0,1.1667,1,6,923.4617,0,henry.tara608@okaxis
ACC01998,0.000262,9,15,1.0,1.2,1,15,1530.888,0,hiral.mand65@kotak
ACC01999,0.000186,8,5,1.0,1.0,1,5,992.1,0,mitali.natarajan547@ibl
ACC02000,0.000223,10,9,1.0,1.1111,1,9,2503.5122,0,janani.mitra348@okicici
ACC02001,0.000171,7,8,1.0,1.25,1,8,884.5662,0,urvashi.nagi739@okicici
ACC02002,0.000103,6,9,1.0,1.0,1,9,2147.5589,0,tejas.om217@kotak
ACC02003,0.000111,7,14,1.0,1.0714,1,14,907.5771,0,robert.kale892@kotak
ACC02004,0.000165,9,9,1.0,1.0,1,9,617.7267,0,ryan.kaul594@okaxis
ACC02005,0.000148,12,10,1.0,1.0,1,10,1523.332,0,udant.srinivasan754@oksbi
ACC02006,0.000122,10,14,1.0,1.0714,1,14,1024.3014,0,yamini.sani20@ibl
ACC02007,0.000155,10,11,1.0909,1.2727,2,11,890.0127,0,suhani.rastogi249@oksbi
ACC02008,0.000189,11,15,1.0,1.2,1,15,1901.3687,0,libni.bir648@okicici
ACC02009,0.000213,11,8,1.0,1.0,1,8,2144.4912,0,ati.rama813@okhdfcbank
ACC02010,0.00017,8,12,1.0,1.0833,1,12,966.6517,0,aryan.mand175@okhdfcbank
ACC02011,0.000121,10,10,1.0,1.1,1,10,935.429,0,pavani.bahri510@okaxis
ACC02012,0.000275,11,7,1.0,1.0,1,7,1759.8643,0,balhaar.ramakrishnan208@upi
ACC02013,0.000144,9,13,1.0,1.1538,1,13,1269.4769,0,rayaan.patel856@upi
ACC02014,0.000265,10,11,1.0,1.0909,1,11,1120.6918,0,sai.saini701@kotak
ACC02015,0.000226,12,11,1.0,1.1818,1,11,1290.9027,0,geetika.chowdhury857@okaxis
ACC02016,9.7e-05,6,12,1.0,1.1667,1,12,882.0567,0,wriddhish.guha178@ybl
ACC02017,0.000101,7,12,1.0,1.0,1,12,1172.3217,0,zashil.dubey281@oksbi
ACC02018,0.000397,11,8,1.0,1.125,1,8,962.485,0,hemal.prakash714@ybl
ACC02019,8.3e-05,7,10,1.0,1.1,1,10,1705.904,0,max.golla450@okaxis
ACC02020,0.00055,17,8,1.0,1.25,1,8,1386.77,0,tripti.mukhopadhyay137@okhdfcbank
ACC02021,0.000117,10,10,1.0,1.0,1,10,647.93,0,sneha.agate797@oksbi
ACC02022,0.000139,8,11,1.0,1.0909,1,11,434.3718,0,ekaja.nazareth83@okicici
ACC02023,0.000287,10,3,1.0,1.0,1,3,521.1833,0,sanya.bala949@okhdfcbank
ACC02024,0.000131,5,14,1.0,1.0714,1,14,1113.7436,0,warinder.rajan427@ibl
ACC02025,0.000219,10,9,1.0,1.2222,1,9,1715.5944,0,lipika.chakraborty147@paytm
ACC02026,9.5e-05,9,8,1.0,1.125,1,8,1478.3538,0,daksha.arya422@okaxis
ACC02027,0.000251,9,13,1.0,1.1538,1,13,1078.9908,0,andrew.bhardwaj709@okicici
ACC02028,0.000442,15,7,1.0,1.0,1,7,1340.3271,0,gaurang.shukla735@ibl
ACC02029,0.00014,8,9,1.0,1.2222,1,9,2102.4989,0,abha.nagar643@paytm
ACC02030,0.000285,11,9,1.0,1.1111,1,9,1608.8122,0,sai.yohannan5@kotak
ACC02031,0.000223,7,16,1.0,1.3125,1,16,1327.2863,0,nisha.bhakta121@kotak
ACC02032,0.000202,9,15,1.0,1.1333,1,15,1375.3273,0,tanmayi.mandal371@kotak
ACC02033,0.000149,8,13,1.0,1.1538,1,13,2198.8069,0,chatura.savant476@okaxis
ACC02034,0.000135,4,16,1.0625,1.25,2,16,1636.7306,0,jonathan.mangal199@okhdfcbank
ACC02035,0.000238,14,10,1.0,1.0,1,10,813.609,0,ojasvi.panchal865@ibl
ACC02036,0.000154,11,11,1.0,1.1818,1,11,1040.6464,0,balhaar.karnik164@okicici
ACC02037,0.000199,8,9,1.0,1.1111,1,9,973.13,0,theodore.kulkarni373@paytm
ACC02038,6.6e-05,6,8,1.0,1.0,1,8,2880.8737,0,jonathan.gaba258@ybl
ACC02039,0.000271,11,7,1.0,1.0,1,7,785.3014,0,dayita.desai912@ibl
ACC02040,0.000438,13,12,1.0,1.25,1,12,1686.2508,0,manthan.dhingra759@okicici
ACC02041,9.6e-05,4,9,1.0,1.1111,1,9,2898.9444,0,janani.dash162@okicici
ACC02042,0.000248,11,11,1.0909,1.2727,2,11,690.5873,0,idika.mand119@okhdfcbank
ACC02043,0.000163,10,11,1.0,1.0909,1,11,1340.4964,0,vasana.sidhu456@ybl
ACC02044,0.000315,12,11,1.0,1.1818,1,11,768.6255,0,neha.chad766@ybl
ACC02045,0.000112,7,16,1.0,1.0,1,16,1847.5319,0,vritti.sengupta113@ybl
ACC02046,0.000229,16,8,1.0,1.0,1,8,784.0288,0,ria.shah243@upi
ACC02047,0.000137,6,9,1.0,1.3333,1,9,868.0278,0,baljiwan.bhargava913@okaxis
ACC02048,6.5e-05,3,10,1.0,1.1818,1,11,2416.6818,0,jack.kalla600@ibl
ACC02049,0.000171,10,15,1.0,1.0667,1,15,1629.5387,0,andrew.kothari149@okaxis
ACC02050,0.000138,7,9,1.0,1.1111,1,9,1907.9744,0,chasmum.tiwari183@upi
ACC02051,0.000194,11,7,1.0,1.2857,1,7,2128.1171,0,sai.sunder469@okaxis
ACC02052,0.000125,9,11,1.0,1.0,1,11,2048.5336,0,yashodhara.dugar208@ybl
ACC02053,0.000105,9,6,1.0,1.0,1,6,774.4867,0,madhav.hayer709@okicici
ACC02054,0.000121,9,11,1.0,1.0909,1,11,851.1445,0,daniel.krishna114@ibl
ACC02055,0.000223,12,10,1.0,1.1,1,10,1130.707,0,ganga.chana176@ybl
ACC02056,0.000191,10,8,1.0,1.125,1,8,480.5712,0,kashvi.baral619@oksbi
ACC02057,0.000284,7,14,1.0,1.2143,1,14,2021.81,0,david.sule592@kotak
ACC02058,0.000253,9,12,1.0,1.1667,1,12,684.8083,0,balveer.oza422@kotak
ACC02059,0.000126,11,5,1.0,1.2,1,5,1641.43,0,urvashi.master222@ibl
ACC02060,0.000131,9,9,1.0,1.0,1,9,1347.4511,0,zansi.bumb15@upi
ACC02061,7.9e-05,4,10,1.0,1.0,1,10,2211.441,0,warda.samra336@upi
ACC02062,0.000118,8,10,1.0,1.1,1,10,699.907,0,zaitra.pillai914@oksbi
ACC02063,0.000164,12,9,1.0,1.1111,1,9,996.0167,0,ganga.nagy428@okicici
ACC02064,0.000165,12,11,1.0,1.2727,1,11,1475.3845,0,noah.chatterjee752@kotak
ACC02065,0.000109,7,11,1.0,1.1818,1,11,670.4718,0,lucky.vaidya544@upi
ACC02066,0.000148,10,13,1.0,1.1538,1,13,1386.6062,0,girindra.bir818@okhdfcbank
ACC02067,0.000174,8,7,1.0,1.0,1,7,1296.1829,0,gaurang.basu247@okhdfcbank
ACC02068,0.000163,3,11,1.0,1.1818,1,11,1602.3091,0,george.ahuja13@upi
ACC02069,0.000174,13,11,1.0,1.0909,1,11,2067.5545,0,anjali.sahni368@paytm
ACC02070,0.000195,7,7,1.0,1.0,1,7,2108.6071,0,chaitaly.sur93@okicici
ACC02071,0.000197,12,8,1.0,1.375,1,8,1395.5538,0,ronith.loke313@oksbi
ACC02072,0.000175,8,12,1.0,1.0,1,12,675.63,0,udarsh.rau585@okicici
ACC02073,0.000243,10,9,1.0,1.1111,1,9,1977.0344,0,nidra.sridhar791@oksbi
ACC02074,0.000127,10,9,1.0,1.1111,1,9,1971.7311,0,lila.gola809@ybl
ACC02075,0.000171,8,10,1.0,1.0,1,10,769.789,0,krishna.balay649@okicici
ACC02076,7.1e-05,4,13,1.0,1.2308,1,13,867.1877,0,gautam.iyengar915@ybl
ACC02077,0.000266,14,8,1.0,1.0,1,8,1007.8,0,jasmit.purohit304@upi
ACC02078,0.000152,5,13,1.0,1.1538,1,13,1010.2946,0,nihal.vala969@kotak
ACC02079,0.000274,12,15,1.0,1.0667,1,15,1063.0393,0,michael.chaudry213@okhdfcbank
ACC02080,0.0004,10,8,1.0,1.5,1,8,1340.1338,0,ishanvi.pathak754@okicici
ACC02081,0.000131,8,12,1.0,1.0,1,12,1068.0625,0,januja.sahota373@okicici
ACC02082,0.00026,11,7,1.0,1.0,1,7,820.6786,0,adweta.balakrishnan375@ibl
ACC02083,0.000329,15,8,1.0,1.125,1,8,1877.4238,0,urvi.anand375@ybl
ACC02084,0.00019,11,8,1.0,1.125,1,8,2861.0138,0,fiyaz.bala573@okhdfcbank
ACC02085,0.000338,18,15,1.0,1.2,1,15,1132.7687,0,warinder.vasa793@okaxis
ACC02086,9.2e-05,5,9,1.0,1.0,1,9,1444.5722,0,ishita.kala245@kotak
ACC02087,7.9e-05,6,12,1.0,1.0,1,12,1453.3483,0,raksha.kashyap490@okaxis
ACC02088,9.7e-05,13,14,1.0,1.2143,1,14,1349.8257,0,radha.rajan362@paytm
ACC02089,0.000244,13,8,1.0,1.0,1,8,495.8338,0,neha.dugar434@paytm
ACC02090,0.000193,8,14,1.0,1.0714,1,14,687.53,0,damyanti.sekhon382@ybl
ACC02091,0.000123,11,10,1.0,1.0,1,10,465.457,0,ayushman.patil514@kotak
ACC02092,0.000256,10,8,1.0,1.125,1,8,1107.71,0,dhriti.karan727@kotak
ACC02093,0.000385,11,6,1.0,1.0,1,6,751.96,0,idika.prasad463@ybl
ACC02094,0.000162,10,13,1.0,1.2308,1,13,988.4031,0,krishna.apte914@ibl
ACC02095,0.000134,10,13,1.0,1.1538,1,13,1336.6438,0,hredhaan.chatterjee401@oksbi
ACC02096,0.000137,8,9,1.0,1.0,1,9,767.4211,0,aachal.bhargava112@oksbi
ACC02097,0.000123,8,7,1.0,1.0,1,7,737.8386,0,rachana.d’alia714@oksbi
ACC02098,0.000119,7,8,1.0,1.125,1,8,596.7887,0,sai.chana896@okaxis
ACC02099,0.000108,12,9,1.0,1.0,1,9,803.7122,0,xalak.suri24@paytm
ACC02100,0.000118,7,13,1.0,1.0769,1,13,1184.0177,0,frederick.dhawan555@oksbi
ACC02101,0.000218,9,13,1.0,1.1538,1,13,2018.8746,0,victor.seshadri431@ibl
ACC02102,0.000101,10,6,1.0,1.0,1,6,1166.4267,0,neel.khare194@okhdfcbank
ACC02103,0.000158,10,10,1.0,1.0,1,10,1414.239,0,kabir.puri822@okaxis
ACC02104,0.000274,9,12,1.0,1.1667,1,12,3350.3367,0,raksha.tiwari344@upi
ACC02105,3.8e-05,4,12,1.0,1.0833,1,12,709.3392,0,ekalinga.bobal672@ybl
ACC02106,0.000142,9,10,1.0,1.0,1,10,1428.497,0,indrajit.pathak682@kotak
ACC02107,8e-05,6,9,1.0,1.0,1,9,1440.3322,0,samaksh.prabhu469@paytm
ACC02108,0.000117,6,10,1.0,1.1,1,10,1358.044,0,aryan.balakrishnan920@paytm
ACC02109,0.000127,8,16,1.0,1.375,1,16,1850.7894,0,chasmum.dugar267@okaxis
ACC02110,6.7e-05,5,8,1.0,1.0,1,8,1782.1812,0,ijaya.goel995@paytm
ACC02111,0.000197,15,16,1.0,1.1176,1,17,2962.6488,0,tristan.dewan362@paytm
ACC02112,0.000141,6,11,1.0909,1.1818,2,11,989.4982,0,harrison.hans634@oksbi
ACC02113,0.000167,7,14,1.0,1.0714,1,14,1748.6814,0,ladli.pal187@oksbi
ACC02114,0.000193,13,14,1.0,1.3571,1,14,1025.03,0,adweta.ramaswamy244@okhdfcbank
ACC02115,0.0001,9,12,1.0,1.0833,1,12,1227.06,0,anika.karpe589@oksbi
ACC02116,0.000331,7,6,1.1667,1.1667,2,6,609.545,0,chanchal.kalla379@oksbi
ACC02117,0.000362,12,6,1.0,1.0,1,6,472.9033,0,umang.naidu725@okicici
ACC02118,0.000179,8,15,1.0,1.1333,1,15,2067.2367,0,oeshi.rajagopalan152@ybl
ACC02119,0.0002,12,11,1.0,1.0909,1,11,2874.8818,0,dhruv.baria999@oksbi
ACC02120,8.6e-05,8,6,1.0,1.1667,1,6,805.7633,0,advaith.jani125@okicici
ACC02121,0.000117,8,14,1.0,1.1429,1,14,1320.0843,0,maanas.ravi787@oksbi
ACC02122,9.9e-05,6,9,1.0,1.1111,1,9,2036.7,0,nathaniel.sankar160@okicici
ACC02123,0.000177,8,16,1.0,1.25,1,16,1643.3806,0,falguni.prasad340@paytm
ACC02124,0.000179,10,13,1.0,1.1538,1,13,1648.5492,0,amaira.borde993@oksbi
ACC02125,0.000483,14,11,1.0833,1.1667,2,12,1036.5558,0,maya.thaker929@ibl
ACC02126,0.000105,5,7,1.0,1.1429,1,7,1250.3943,0,jyoti.raghavan116@ibl
ACC02127,0.000105,7,9,1.0,1.1111,1,9,513.0633,0,aarav.khatri695@kotak
ACC02128,0.000316,9,8,1.0,1.0,1,8,2110.13,0,naksh.yadav26@upi
ACC02129,0.000391,10,16,1.0625,1.125,2,16,1200.7319,0,vritti.chopra226@ibl
ACC02130,0.000333,8,7,1.0,1.1429,1,7,1139.3429,0,amaira.maharaj335@okicici
ACC02131,0.000209,7,10,1.0,1.0,1,10,726.624,0,william.krishnan200@kotak
ACC02132,6.8e-05,2,6,1.0,1.0,1,6,1086.175,0,faqid.kade959@paytm
ACC02133,0.000222,13,7,1.0,1.1429,1,7,1060.6371,0,veda.deol86@kotak
ACC02134,0.000135,10,6,1.0,1.0,1,6,940.9317,0,anthony.dugal688@okhdfcbank
ACC02135,0.0002,14,6,1.0,1.1667,1,6,526.6933,0,geetika.sridhar200@ibl
ACC02136,0.000105,8,12,1.0,1.0833,1,12,1348.5217,0,niharika.gala620@kotak
ACC02137,0.000132,11,4,1.0,1.0,1,4,960.4575,0,wahab.muni370@upi
ACC02138,0.000263,13,8,1.0,1.125,1,8,3026.9525,0,ria.murty875@upi
ACC02139,0.000211,14,16,1.0625,1.25,2,16,802.2144,0,ekantika.vohra382@okicici
ACC02140,0.000204,11,15,1.0,1.3333,1,15,809.5073,0,mugdha.wali360@paytm
ACC02141,6.7e-05,5,11,1.0,1.2727,1,11,1041.7791,0,abeer.sane575@okhdfcbank
ACC02142,0.000308,12,6,1.0,1.0,1,6,4260.6417,0,simon.boase910@ibl
ACC02143,0.000139,7,10,1.0,1.0,1,10,796.497,0,jeet.vaidya454@paytm
ACC02144,0.000182,13,10,1.0,1.1,1,10,973.44,0,zansi.butala746@upi
ACC02145,0.000251,15,15,1.0,1.0667,1,15,1248.5773,0,pranav.rege856@okhdfcbank
ACC02146,0.00034,12,15,1.0,1.0667,1,15,890.758,0,brijesh.dayal311@ibl
ACC02147,7.6e-05,7,4,1.0,1.25,1,4,720.9675,0,anjali.kar68@upi
ACC02148,0.000248,10,7,1.0,1.0,1,7,539.5929,0,upadhriti.bir420@paytm
ACC02149,0.000148,9,5,1.0,1.0,1,5,769.722,0,krisha.dhar570@ibl
ACC02150,8.6e-05,6,13,1.0,1.2308,1,13,1234.1785,0,kai.roy937@oksbi
ACC02151,0.000226,7,12,1.0,1.0,1,12,897.9825,0,kiaan.srinivas853@upi
ACC02152,0.000173,7,9,1.0,1.3333,1,9,3053.0478,0,ekalinga.gandhi503@okicici
ACC02153,0.000156,9,15,1.0,1.1333,1,15,712.3653,0,damini.pal600@paytm
ACC02154,0.000314,12,11,1.0,1.0,1,11,1147.1145,0,jacob.bali758@ibl
ACC02155,0.000135,7,6,1.0,1.1667,1,6,1028.445,0,varenya.varty811@okicici
ACC02156,0.000267,11,12,1.0833,1.25,2,12,654.8067,0,hemal.goda308@ibl
ACC02157,0.000179,13,4,1.0,1.0,1,4,1836.35,0,urishilla.pall682@paytm
ACC02158,0.000186,10,10,1.0,1.2,1,10,2730.976,0,barkha.om504@okaxis
ACC02159,0.000126,11,11,1.0,1.1818,1,11,1614.5482,0,bahadurjit.mohanty784@paytm
ACC02160,0.000196,11,10,1.0,1.1,1,10,1585.081,0,daniel.badal614@ybl
ACC02161,6.3e-05,6,7,1.0,1.0,1,7,1149.0014,0,ishani.nagi580@upi
ACC02162,0.000269,9,9,1.0,1.0,1,9,1326.81,0,victor.mand703@ibl
ACC02163,7.3e-05,3,11,1.0,1.0,1,11,821.2282,0,nikita.sahni525@okicici
ACC02164,0.000347,12,18,1.0,1.2222,1,18,743.4878,0,anay.shankar596@okicici
ACC02165,0.00013,9,9,1.0,1.2222,1,9,882.7778,0,ira.prasad473@oksbi
ACC02166,0.000212,11,16,1.0,1.1875,1,16,1058.7938,0,chasmum.pillay55@paytm
ACC02167,0.000207,9,6,1.0,1.0,1,6,1104.4433,0,chanchal.dugar652@ybl
ACC02168,0.000287,10,7,1.0,1.1429,1,7,947.9529,0,guneet.modi299@kotak
ACC02169,0.000338,9,10,1.0,1.1,1,10,1881.037,0,yagnesh.desai199@oksbi
ACC02170,0.000312,14,6,1.0,1.0,1,6,990.76,0,anita.kapur771@oksbi
ACC02171,0.000409,13,10,1.0,1.0,1,10,928.046,0,maya.manne894@ybl
ACC02172,0.000357,12,5,1.0,1.0,1,5,2408.286,0,nitesh.chandra702@ybl
ACC02173,0.000384,9,5,1.0,1.0,1,5,1186.646,0,anjali.koshy594@ybl
ACC02174,7.1e-05,11,10,1.0,1.1,1,10,1044.918,0,chaman.rastogi141@kotak
ACC02175,0.000237,9,6,1.0,1.1667,1,6,1118.5283,0,baljiwan.lal798@ibl
ACC02176,0.000107,8,8,1.0,1.0,1,8,2153.1112,0,jackson.parekh944@oksbi
ACC02177,0.000248,6,8,1.0,1.25,1,8,1121.69,0,niharika.dixit159@kotak
ACC02178,0.000266,9,16,1.0,1.25,1,16,1982.8094,0,jatin.rai193@kotak
ACC02179,0.000298,18,10,1.0,1.1,1,10,1637.252,0,nakul.mistry852@kotak
ACC02180,0.000155,7,7,1.0,1.1429,1,7,3439.8243,0,caleb.sidhu565@okhdfcbank
ACC02181,0.000251,10,7,1.0,1.0,1,7,609.08,0,thomas.dhar939@okhdfcbank
ACC02182,0.000128,8,9,1.0,1.0,1,9,780.3611,0,zarna.sehgal135@okicici
ACC02183,0.000161,10,13,1.0,1.1538,1,13,903.2038,0,lekha.mistry320@ybl
ACC02184,0.000123,9,11,1.0,1.0,1,11,1593.2464,0,anjali.balan453@kotak
ACC02185,0.000248,7,12,1.0,1.0833,1,12,1749.2383,0,rayaan.narang727@paytm
ACC02186,0.000156,8,9,1.0,1.1111,1,9,2185.3578,0,azaan.salvi835@okhdfcbank
ACC02187,0.000149,8,9,1.0,1.2222,1,9,873.1333,0,tanvi.bhatnagar878@oksbi
ACC02188,0.000268,14,8,1.0,1.125,1,8,1141.8388,0,dayamai.shere129@okaxis
ACC02189,0.000149,11,11,1.0,1.0909,1,11,863.9827,0,keya.vig436@okhdfcbank
ACC02190,5e-05,2,9,1.0,1.1111,1,9,791.3333,0,arunima.sarkar794@ibl
ACC02191,0.000238,10,9,1.0,1.1111,1,9,1545.4044,0,pooja.ramaswamy202@okhdfcbank
ACC02192,9.7e-05,11,12,1.0,1.1667,1,12,911.4192,0,lopa.yadav676@kotak
ACC02193,0.000147,9,10,1.0,1.2,1,10,1727.994,0,nimrat.dey481@okhdfcbank
ACC02194,8.7e-05,8,9,1.0,1.2222,1,9,1011.7744,0,ayush.sankaran68@paytm
ACC02195,0.000113,8,8,1.0,1.0,1,8,606.1388,0,harshil.sekhon99@okhdfcbank
ACC02196,0.000391,13,14,1.0,1.0,1,14,1263.1236,0,ucchal.jani602@okaxis
ACC02197,0.000218,10,11,1.0,1.0909,1,11,1096.6936,0,yauvani.patel360@okicici
ACC02198,0.000211,7,9,1.0,1.1111,1,9,1137.2367,0,zaid.brar867@paytm
ACC02199,0.000191,10,9,1.0,1.0,1,9,846.1656,0,henry.roy361@oksbi
ACC02200,0.000316,13,8,1.0,1.125,1,8,787.5862,0,chakradhar.kumar747@okaxis
ACC02201,0.000475,16,14,1.0,1.2143,1,14,1672.545,0,pranit.wali70@okhdfcbank
ACC02202,0.000513,16,7,1.0,1.0,1,7,1073.7486,0,aradhana.rama15@kotak
ACC02203,0.000498,12,8,1.0,1.125,1,8,849.5288,0,akshay.wason197@paytm
ACC02204,0.000471,9,10,1.0,1.1,1,10,976.347,0,krish.bhatnagar551@okicici
ACC02205,0.000153,13,9,9.0,9.0,9,9,1281.9878,0,hardik.misra943@kotak
ACC02206,6.8e-05,7,8,1.0,1.0,1,8,878.41,0,bahadurjit.shetty715@oksbi
ACC02207,0.000311,11,6,1.0,1.0,1,6,409.19,0,baljiwan.contractor981@okhdfcbank
ACC02208,0.000188,8,11,1.0,1.0,1,11,1926.1373,0,mekhala.seshadri364@upi
ACC02209,9.1e-05,9,11,1.0,1.0909,1,11,1161.2091,0,rajeshri.aggarwal527@okaxis
ACC02210,0.000179,10,5,1.0,1.0,1,5,831.73,0,unnati.kanda780@ybl
ACC02211,0.000182,8,11,1.0,1.3636,1,11,930.0564,0,triveni.mitra113@kotak
ACC02212,9.9e-05,7,5,1.0,1.0,1,5,513.824,0,kabir.saraf781@ybl
ACC02213,0.000201,8,7,1.0,1.0,1,7,1044.2743,0,jagat.kala740@okicici
ACC02214,0.000233,14,9,1.0,1.0,1,9,1963.6578,0,yagnesh.ramakrishnan506@okhdfcbank
ACC02215,0.000359,14,17,1.0,1.1176,1,17,1130.9182,0,isaac.bahl468@paytm
ACC02216,4e-05,2,7,1.0,1.0,1,7,416.3043,0,vidhi.nagi568@upi
ACC02217,6.1e-05,6,15,1.0,1.1333,1,15,1285.0207,0,samaksh.chada439@okaxis
ACC02218,0.000281,13,12,1.0,1.0833,1,12,2317.4058,0,bina.johal822@ibl
ACC02219,0.00015,9,9,1.0,1.1111,1,9,1043.4367,0,faqid.luthra14@ibl
ACC02220,0.00021,11,8,1.0,1.125,1,8,1120.5075,0,vihaan.baral449@kotak
ACC02221,0.000201,13,10,1.0,1.1,1,10,3516.018,0,christopher.nadkarni147@upi
ACC02222,0.00015,10,14,1.0,1.2857,1,14,941.1929,0,reva.dash605@okhdfcbank
ACC02223,0.000128,10,7,1.0,1.0,1,7,1476.8271,0,krishna.kothari373@okaxis
ACC02224,0.000366,13,10,1.0,1.0,1,10,1077.583,0,anika.basak610@upi
ACC02225,0.000113,11,13,1.0,1.1538,1,13,1121.3569,0,tanay.ahuja859@upi
ACC02226,5.1e-05,3,14,1.0,1.2857,1,14,677.8279,0,gaurika.dubey784@paytm
ACC02227,0.000433,11,12,1.0,1.25,1,12,3183.2258,0,priya.mohan488@upi
ACC02228,0.000216,10,10,1.0,1.0,1,10,1485.302,0,yamini.sankaran286@oksbi
ACC02229,0.000202,11,7,1.0,1.0,1,7,1197.4414,0,hardik.suresh126@paytm
ACC02230,0.00024,13,12,1.0,1.0833,1,12,1126.2,0,aahana.naik237@oksbi
ACC02231,9.9e-05,7,16,1.0,1.0625,1,16,944.5844,0,devansh.sahota756@okicici
ACC02232,8.2e-05,6,7,1.0,1.0,1,7,860.9257,0,aadhya.nanda695@okicici
ACC02233,0.000155,7,10,1.0,1.2,1,10,1200.212,0,hritik.venkataraman620@ybl
ACC02234,0.000163,8,18,1.0,1.1667,1,18,1167.305,0,charles.bhalla637@okhdfcbank
ACC02235,0.000165,10,6,1.0,1.0,1,6,751.8483,0,farhan.dhar770@kotak
ACC02236,0.000166,6,18,1.0,1.5,1,18,1558.3867,0,rachana.doshi478@okaxis
ACC02237,0.00011,7,7,1.0,1.0,1,7,1175.4829,0,nidhi.vig510@ibl
ACC02238,0.000122,10,15,1.0,1.0667,1,15,841.964,0,vasatika.dube556@ybl
ACC02239,6.3e-05,9,11,1.0,1.0909,1,11,1042.7473,0,oliver.warrior19@okicici
ACC02240,0.000137,8,9,1.0,1.0,1,9,406.5444,0,meghana.bajaj393@ibl
ACC02241,0.000165,10,9,1.0,1.1111,1,9,1247.5467,0,lucky.mukherjee386@ibl
ACC02242,0.000276,12,10,1.0,1.0,1,10,1695.341,0,oeshi.sem34@oksbi
ACC02243,0.000254,12,8,1.0,1.0,1,8,6442.0775,0,ekantika.baria882@paytm
ACC02244,0.000168,12,9,1.0,1.0,1,9,402.5267,0,balendra.hayer442@oksbi
ACC02245,5.9e-05,7,12,1.0,1.1667,1,12,1031.1925,0,jeet.reddy399@ibl
ACC02246,0.000334,11,9,1.0,1.1111,1,9,809.4578,0,amol.gade692@ibl
ACC02247,5.2e-05,6,7,1.0,1.1429,1,7,969.1314,0,victor.parekh553@ibl
ACC02248,0.000226,11,7,1.0,1.0,1,7,746.8686,0,anusha.bose875@oksbi
ACC02249,0.000199,7,8,1.0,1.125,1,8,935.9575,0,abhimanyu.pant401@paytm
ACC02250,0.000169,11,13,1.0,1.2308,1,13,1046.5123,0,advay.bava995@upi
ACC02251,0.000161,9,12,1.0,1.25,1,12,2363.5008,0,manan.bains362@paytm
ACC02252,0.000281,8,14,1.0714,1.5,2,14,820.8514,0,udant.more29@okicici
ACC02253,0.000266,12,15,1.0,1.0667,1,15,1743.138,0,faqid.uppal376@ybl
ACC02254,0.000177,9,10,1.0,1.1,1,10,1531.007,0,gunbir.patla784@ybl
ACC02255,0.0002,10,9,1.0,1.1111,1,9,1224.72,0,triya.chaudhari439@ybl
ACC02256,0.000271,10,8,1.0,1.125,1,8,656.465,0,kevin.tiwari360@okicici
ACC02257,0.0003,7,9,1.0,1.0,1,9,1051.9411,0,ijaya.barad241@paytm
ACC02258,0.000164,7,13,1.0,1.1538,1,13,1513.7169,0,omaja.pall933@okhdfcbank
ACC02259,0.000124,5,8,1.125,1.125,2,8,504.7375,0,vaishnavi.varkey346@oksbi
ACC02260,0.000159,11,9,1.0,1.0,1,9,1719.1689,0,lopa.pall334@okicici
ACC02261,0.000111,6,8,1.0,1.0,1,8,2491.5225,0,zarna.gole885@upi
ACC02262,0.000252,10,7,1.0,1.1429,1,7,1085.2957,0,kamala.luthra924@upi
ACC02263,0.000184,7,9,1.0,1.0,1,9,1020.5822,0,maanav.oak713@ibl
ACC02264,0.000131,6,8,1.0,1.0,1,8,1122.9125,0,ekapad.datta325@upi
ACC02265,0.000116,7,13,1.0,1.1538,1,13,1373.4846,0,faqid.dasgupta331@okhdfcbank
ACC02266,0.000111,10,5,1.0,1.0,1,5,830.594,0,abhimanyu.khare708@okaxis
ACC02267,0.000133,7,8,1.0,1.0,1,8,1415.2612,0,neha.din515@ybl
ACC02268,0.00015,8,16,1.0,1.0625,1,16,1474.4869,0,advay.murthy307@ybl
ACC02269,0.00014,7,8,1.0,1.0,1,8,1516.3675,0,balveer.johal509@okhdfcbank
ACC02270,0.000169,11,11,1.0,1.0909,1,11,1899.6445,0,azad.sane295@paytm
ACC02271,0.000339,14,6,1.0,1.0,1,6,561.305,0,aachal.dhillon588@upi
ACC02272,0.000376,15,7,1.0,1.0,1,7,644.8229,0,advika.mangal761@okhdfcbank
ACC02273,0.000386,8,11,1.0,1.0,1,11,774.8809,0,ryan.shah607@ybl
ACC02274,0.000168,10,8,1.0,1.0,1,8,1539.1512,0,avni.sem581@kotak
ACC02275,7.9e-05,3,7,1.0,1.0,1,7,464.4457,0,oviya.reddy215@ybl
ACC02276,0.00013,6,8,1.0,1.125,1,8,2432.8775,0,yagnesh.mandal844@paytm
ACC02277,0.000266,12,8,1.0,1.0,1,8,1141.1488,0,chaman.divan308@upi
ACC02278,7.3e-05,4,10,1.0,1.1,1,10,1604.082,0,eesha.gandhi205@upi
ACC02279,0.000109,6,14,1.0,1.1429,1,14,803.4514,0,chandresh.venkatesh640@kotak
ACC02280,0.000114,5,5,1.0,1.0,1,5,475.29,0,kabir.balakrishnan782@kotak
ACC02281,0.000107,6,8,1.0,1.0,1,8,1171.0025,0,ojas.walia643@kotak
ACC02282,0.000315,11,14,1.0,1.1429,1,14,2253.2743,0,jasmit.sodhi512@okaxis
ACC02283,0.000132,7,11,1.0,1.0,1,11,1771.7427,0,amol.nagar960@kotak
ACC02284,0.000341,11,12,1.0,1.0,1,12,621.2433,0,yasti.singhal788@upi
ACC02285,0.000353,15,10,1.0,1.1,1,10,877.988,0,daksha.kalla642@okicici
ACC02286,9.2e-05,5,7,1.0,1.1429,1,7,1316.1214,0,gopal.vohra374@ibl
ACC02287,0.000219,11,12,1.0,1.1667,1,12,389.875,0,krishna.mangat155@paytm
ACC02288,0.000208,9,14,1.0,1.0714,1,14,1247.1514,0,ronith.saraf327@okhdfcbank
ACC02289,0.000124,8,13,1.0,1.0769,1,13,727.87,0,lekha.mann423@paytm
ACC02290,0.000167,7,8,1.0,1.0,1,8,880.4238,0,baljiwan.dhar165@paytm
ACC02291,0.00023,13,4,1.0,1.0,1,4,2866.9675,0,elijah.ratti416@okaxis
ACC02292,0.000109,8,7,1.0,1.0,1,7,915.9557,0,abhimanyu.sahni197@okicici
ACC02293,0.0001,9,6,1.0,1.0,1,6,1385.1317,0,edhitha.misra848@paytm
ACC02294,0.000166,8,10,1.0,1.1,1,10,2481.93,0,jhalak.narayanan574@upi
ACC02295,0.000297,11,16,1.0,1.1875,1,16,1097.9638,0,vivaan.varghese928@okicici
ACC02296,0.000184,12,6,1.0,1.0,1,6,3231.8133,0,laksh.boase280@oksbi
ACC02297,0.000149,14,11,1.0,1.3636,1,11,1962.1,0,rayaan.ganesan809@paytm
ACC02298,0.000145,11,11,1.0,1.3636,1,11,678.4664,0,hemal.bajaj660@okicici
ACC02299,0.000263,11,9,1.0,1.2222,1,9,426.4467,0,hardik.toor21@okicici
ACC02300,0.000177,11,13,1.0,1.1538,1,13,1754.8731,0,libni.bhatti617@paytm
ACC02301,0.000208,14,9,1.0,1.1111,1,9,1957.1011,0,abhimanyu.yadav919@ybl
ACC02302,0.000303,17,10,1.0,1.0,1,10,3852.6,0,nathan.anand966@oksbi
ACC02303,0.000207,11,13,1.0,1.1333,1,15,779.994,0,shravya.ramanathan585@kotak
ACC02304,0.000135,7,13,1.0,1.0,1,13,1167.2685,0,krisha.ray681@kotak
ACC02305,0.000299,11,5,1.0,1.0,1,5,1644.636,0,faqid.tandon906@okhdfcbank
ACC02306,0.000105,8,16,1.0,1.0625,1,16,2318.1788,0,udarsh.ramaswamy126@ybl
ACC02307,0.000312,11,6,1.0,1.0,1,6,774.17,0,lekha.arora599@upi
ACC02308,8.7e-05,6,7,1.0,1.0,1,7,1271.14,0,irya.pradhan224@oksbi
ACC02309,0.000155,9,6,1.0,1.1667,1,6,1304.9533,0,logan.shankar220@paytm
ACC02310,0.000168,10,5,1.0,1.0,1,5,3436.786,0,rachita.banerjee261@okicici
ACC02311,0.000109,9,6,1.0,1.0,1,6,1547.9983,0,tanay.ghosh384@okhdfcbank
ACC02312,0.000142,11,14,1.0714,1.2143,2,14,1477.635,0,ekaraj.mani434@ibl
ACC02313,9.1e-05,2,10,1.0,1.0,1,10,2472.008,0,hemangini.suresh901@oksbi
ACC02314,0.000278,8,11,1.0,1.1818,1,11,2008.43,0,rushil.chander733@ybl
ACC02315,0.000113,5,16,1.0625,1.1875,2,16,983.0225,0,pushti.singhal661@okicici
ACC02316,0.000229,10,11,1.0,1.0909,1,11,1620.4591,0,dayamai.narasimhan940@okaxis
ACC02317,0.000103,4,13,1.0,1.1538,1,13,462.3423,0,agastya.bhat394@paytm
ACC02318,0.000101,7,10,1.1,1.2,2,10,2049.191,0,christopher.murthy702@okhdfcbank
ACC02319,0.000225,7,15,1.0,1.0667,1,15,1185.016,0,mohammed.khatri243@ibl
ACC02320,8.6e-05,6,12,1.0,1.0833,1,12,734.7742,0,turvi.dugar932@upi
ACC02321,0.000108,11,16,1.0,1.0,1,16,1043.7219,0,meghana.panchal93@okaxis
ACC02322,9.5e-05,8,12,1.0,1.1667,1,12,1803.6317,0,logan.sibal881@oksbi
ACC02323,0.000128,7,7,1.0,1.0,1,7,1410.5586,0,yutika.venkataraman325@upi
ACC02324,0.000194,10,10,1.0,1.3,1,10,1124.615,0,yash.kapoor888@okhdfcbank
ACC02325,8.6e-05,3,13,1.0,1.3077,1,13,1201.2962,0,hritik.parmar755@upi
ACC02326,0.000289,11,10,1.0,1.2,1,10,528.845,0,rudra.om433@okhdfcbank
ACC02327,0.000114,8,12,1.0,1.25,1,12,897.2333,0,onveer.doctor268@kotak
ACC02328,0.000137,7,10,1.1,1.1,2,10,1424.582,0,jairaj.ramachandran431@kotak
ACC02329,0.000204,13,9,1.0,1.0,1,9,908.8922,0,fiyaz.lal712@okicici
ACC02330,0.000282,11,9,1.0,1.1111,1,9,1603.9122,0,saumya.sridhar657@oksbi
ACC02331,0.000111,8,6,1.0,1.0,1,6,654.9283,0,ekansh.virk657@oksbi
ACC02332,0.000162,8,15,1.0,1.1333,1,15,1528.5127,0,januja.acharya205@paytm
ACC02333,9.9e-05,2,6,1.0,1.0,1,6,1070.9483,0,tristan.dutta85@okhdfcbank
ACC02334,0.000192,7,6,1.0,1.0,1,6,604.39,0,victor.tank529@oksbi
ACC02335,0.000407,17,17,1.0588,1.4118,2,17,1606.6776,0,garima.saraf421@ybl
ACC02336,0.000135,8,8,1.0,1.125,1,8,2441.855,0,onkar.sami895@oksbi
ACC02337,0.000223,7,15,1.0667,1.3333,2,15,1385.628,0,janaki.varty704@ybl
ACC02338,0.000179,12,15,1.0,1.3333,1,15,1726.764,0,alka.sarin87@upi
ACC02339,8.7e-05,5,12,1.0,1.0833,1,12,1300.3,0,ekbal.magar403@upi
ACC02340,0.000131,6,11,1.0,1.0909,1,11,721.2945,0,benjamin.vala22@okicici
ACC02341,0.000189,7,19,1.0,1.1579,1,19,1230.0737,0,fiyaz.sarin627@okaxis
ACC02342,0.000393,15,12,1.0,1.1667,1,12,1334.095,0,varenya.sharaf204@paytm
ACC02343,0.000218,10,11,1.0,1.0,1,11,838.0682,0,balhaar.sur411@upi
ACC02344,0.000217,16,5,1.0,1.0,1,5,2250.53,0,yahvi.bhatt153@okhdfcbank
ACC02345,0.000106,6,15,1.0,1.2,1,15,857.798,0,ekaraj.narain970@okhdfcbank
ACC02346,0.000282,9,11,1.0,1.2727,1,11,1068.8891,0,hemang.agrawal539@upi
ACC02347,0.000587,12,5,1.0,1.0,1,5,3084.632,0,nikita.hans690@ibl
ACC02348,0.000208,8,10,1.0,1.1,1,10,881.588,0,forum.bumb731@okaxis
ACC02349,0.0001,7,12,1.0,1.25,1,12,1064.775,0,azad.shah833@paytm
ACC02350,7.2e-05,6,8,8.0,8.0,8,8,2242.8862,0,reva.batra507@upi
ACC02351,5.6e-05,8,7,1.0,1.0,1,7,1713.6914,0,tanay.roy877@okaxis
ACC02352,0.00022,9,9,1.0,1.0,1,9,2048.9256,0,william.vala844@paytm
ACC02353,0.000133,9,5,1.0,1.0,1,5,1386.794,0,yamini.basu185@upi
ACC02354,0.000208,7,11,1.0,1.0909,1,11,1714.5936,0,vamakshi.rege298@paytm
ACC02355,8.1e-05,6,13,1.0769,1.0769,2,13,663.1392,0,champak.parmar462@okaxis
ACC02356,0.000256,15,9,1.0,1.0,1,9,534.7444,0,isha.ramaswamy701@ibl
ACC02357,0.000278,14,9,1.0,1.0,1,9,1011.21,0,ishaan.sabharwal481@oksbi
ACC02358,7.2e-05,5,10,1.0,1.0,1,10,624.341,0,jacob.anand408@okaxis
ACC02359,0.000114,6,10,1.1,1.2,2,10,1567.136,0,akshay.saha434@paytm
ACC02360,0.000216,11,15,1.0,1.2667,1,15,891.4407,0,leena.walia571@okicici
ACC02361,0.000111,4,6,1.0,1.0,1,6,1731.0167,0,upadhriti.murthy954@okaxis
ACC02362,0.000209,12,13,1.0,1.0,1,13,1504.7085,0,hemani.sarma621@okicici
ACC02363,8.8e-05,5,8,1.0,1.125,1,8,1499.2088,0,nidra.gera517@upi
ACC02364,0.00043,11,12,1.0,1.1667,1,12,919.3408,0,ladli.sekhon688@ybl
ACC02365,0.000125,9,13,1.0,1.0769,1,13,763.3792,0,daksh.sule43@oksbi
ACC02366,0.000342,10,10,1.0,1.0,1,10,706.868,0,parth.sood516@ibl
ACC02367,7.8e-05,5,10,1.0,1.2,1,10,1643.006,0,ojasvi.hans136@okhdfcbank
ACC02368,0.000225,10,15,1.0,1.4,1,15,1667.108,0,caleb.dutt544@upi
ACC02369,9.3e-05,6,8,1.0,1.0,1,8,1846.1662,0,jhalak.gara120@ybl
ACC02370,0.000105,9,7,1.0,1.0,1,7,2272.2486,0,gaurang.patil512@paytm
ACC02371,0.0002,10,11,1.0,1.0909,1,11,1471.6491,0,charita.pant290@paytm
ACC02372,0.00019,15,13,1.0,1.1538,1,13,672.5054,0,oliver.rajagopal780@paytm
ACC02373,0.000224,12,9,1.0,1.1111,1,9,1149.33,0,riya.sengupta447@oksbi
ACC02374,0.000423,6,5,1.0,1.0,1,5,1136.496,0,raghav.kota504@oksbi
ACC02375,0.000201,11,10,1.0,1.0,1,10,1925.12,0,eta.dube946@ibl
ACC02376,0.000228,9,13,1.0,1.1538,1,13,3004.9562,0,nikita.dayal153@okicici
ACC02377,8.9e-05,6,11,1.0,1.0909,1,11,1793.8709,0,urvashi.de37@ibl
ACC02378,0.000139,12,7,1.0,1.0,1,7,1892.7643,0,sarthak.chakraborty723@ibl
ACC02379,0.0003,11,10,1.0,1.0,1,10,1031.659,0,simon.bir917@ibl
ACC02380,0.000218,10,14,1.0,1.2143,1,14,960.4907,0,zayan.khanna366@kotak
ACC02381,0.000126,8,8,1.0,1.125,1,8,1958.5388,0,nathan.wable505@okhdfcbank
ACC02382,0.00015,8,12,1.0833,1.0833,2,12,1282.1517,0,oliver.pathak358@okhdfcbank
ACC02383,0.000163,7,14,1.0,1.1429,1,14,1039.2729,0,kala.narayanan291@oksbi
ACC02384,0.000126,11,12,1.0,1.0833,1,12,1575.4,0,yug.ratti521@paytm
ACC02385,0.000184,12,14,1.0,1.1429,1,14,1428.1,0,ojas.kara600@okaxis
ACC02386,0.000153,11,8,1.0,1.0,1,8,1223.015,0,aryan.chad539@oksbi
ACC02387,0.000313,16,9,1.0,1.1111,1,9,1409.0567,0,bina.chauhan253@ibl
ACC02388,9.5e-05,8,6,1.0,1.1667,1,6,2170.8967,0,sara.johal27@paytm
ACC02389,0.000183,6,12,1.0,1.0833,1,12,1090.6967,0,ekansh.koshy383@okhdfcbank
ACC02390,0.000268,9,11,1.0,1.0,1,11,2211.1991,0,oviya.sant30@okhdfcbank
ACC02391,6.1e-05,6,12,1.0,1.0833,1,12,2582.2542,0,wridesh.sehgal725@ibl
ACC02392,0.000294,11,7,1.0,1.0,1,7,415.2457,0,sarthak.natarajan979@paytm
ACC02393,9e-05,8,13,1.0,1.0769,1,13,739.9069,0,vidhi.tara6@ybl
ACC02394,0.000299,9,17,1.0,1.2941,1,17,899.1453,0,samar.koshy638@ibl
ACC02395,0.000159,8,12,1.0,1.0833,1,12,2818.4683,0,yachana.jhaveri752@oksbi
ACC02396,9.4e-05,10,10,1.0,1.1,1,10,1636.193,0,chakrika.sachdeva50@paytm
ACC02397,0.000162,13,11,1.0,1.3636,1,11,2307.4645,0,varenya.chana57@okhdfcbank
ACC02398,9.2e-05,4,10,1.0,1.0,1,10,1312.137,0,charan.brahmbhatt391@okhdfcbank
ACC02399,0.00024,12,11,1.0,1.0909,1,11,489.2564,0,chanchal.barad183@okaxis
ACC02400,8.2e-05,5,6,1.0,1.0,1,6,614.1267,0,timothy.sharaf22@okaxis
ACC02401,0.000196,8,9,1.0,1.0,1,9,1153.4756,0,samaksh.iyer799@upi
ACC02402,0.000145,11,13,1.0,1.1538,1,13,2063.8715,0,champak.soni771@oksbi
ACC02403,0.000217,13,11,1.0,1.0909,1,11,1701.2764,0,robert.sangha503@upi
ACC02404,0.00033,9,8,1.0,1.0,1,8,1457.5688,0,zansi.agarwal618@oksbi
ACC02405,0.000269,12,8,1.0,1.0,1,8,1974.865,0,yutika.sidhu99@ybl
ACC02406,5e-05,5,10,1.0,1.1,1,10,813.015,0,veer.pandey502@ibl
ACC02407,0.000182,11,8,1.0,1.125,1,8,2799.165,0,yashoda.mandal275@upi
ACC02408,0.000281,12,12,1.0,1.0833,1,12,892.5042,0,anthony.chaudhary433@ybl
ACC02409,8e-05,7,12,1.0,1.1667,1,12,846.2575,0,dominic.mistry445@upi
ACC02410,0.000135,8,13,1.0,1.0769,1,13,908.6385,0,faras.barman526@ybl
ACC02411,0.000225,16,13,1.0,1.3077,1,13,1667.4385,0,falan.sule230@oksbi
ACC02412,0.000272,11,8,1.0,1.0,1,8,771.7975,0,ekiya.gola645@kotak
ACC02413,0.000136,9,12,1.0,1.25,1,12,1085.2108,0,harita.parmar480@upi
ACC02414,0.000136,8,13,1.0,1.2308,1,13,1003.9885,0,henry.yohannan490@paytm
ACC02415,0.000224,7,13,1.0,1.1538,1,13,3386.22,0,mohini.mane701@paytm
ACC02416,9.3e-05,5,16,16.0,16.0,16,16,1602.5456,0,krishna.desai438@paytm
ACC02417,0.000202,6,13,1.0,1.0769,1,13,588.46,0,laban.narang565@okhdfcbank
ACC02418,0.000149,10,15,1.0,1.2,1,15,973.6407,0,banjeet.chawla111@kotak
ACC02419,9.3e-05,6,10,1.0,1.0,1,10,1628.487,0,chasmum.venkataraman97@ibl
ACC02420,0.00023,14,11,1.0,1.1818,1,11,2289.85,0,vrinda.rout260@ybl
ACC02421,0.000116,12,6,1.0,1.0,1,6,3056.9483,0,ekalinga.nath84@kotak
ACC02422,0.000229,13,12,1.0833,1.25,2,12,1081.0575,0,andrew.shere759@ibl
ACC02423,7.7e-05,4,13,1.0,1.2308,1,13,855.0492,0,oliver.varughese187@upi
ACC02424,0.000224,11,6,1.0,1.3333,1,6,1448.5933,0,luke.seshadri427@paytm
ACC02425,0.000118,10,12,1.0,1.25,1,12,1480.3408,0,sneha.basak742@ibl
ACC02426,7.5e-05,5,9,1.0,1.0,1,9,737.2356,0,urishilla.bedi828@paytm
ACC02427,0.000207,15,10,1.0,1.0,1,10,1151.897,0,advik.dar830@oksbi
ACC02428,0.000279,12,9,1.0,1.0,1,9,1106.7589,0,sudiksha.nath81@paytm
ACC02429,7.5e-05,6,10,1.0,1.1,1,10,2138.243,0,darsh.kara548@okicici
ACC02430,0.000488,14,10,1.0,1.0,1,10,955.678,0,imaran.chhabra120@okicici
ACC02431,0.000158,8,13,1.0,1.0769,1,13,959.7162,0,wriddhish.bawa489@ibl
ACC02432,0.000259,13,10,1.0,1.0,1,10,1438.719,0,jasmit.keer674@ibl
ACC02433,0.000241,15,15,1.0,1.0,1,15,830.0113,0,gaurangi.chawla833@ybl
ACC02434,9.1e-05,6,7,1.0,1.1429,1,7,694.35,0,jeremiah.kamdar310@okhdfcbank
ACC02435,0.000147,7,18,1.0,1.1667,1,18,887.7217,0,frado.misra15@okaxis
ACC02436,7.8e-05,6,11,1.0,1.0,1,11,2201.9209,0,nakul.chadha17@okaxis
ACC02437,0.000204,14,15,1.0,1.0667,1,15,1013.9147,0,wridesh.taneja493@oksbi
ACC02438,0.000365,14,5,1.0,1.0,1,5,480.282,0,ayushman.aggarwal863@kotak
ACC02439,8.6e-05,5,18,1.0,1.1667,1,18,1774.1894,0,laksh.yadav309@ibl
ACC02440,0.000101,3,10,1.0,1.0,1,10,1164.165,0,sanya.bera433@okicici
ACC02441,0.000184,12,7,7.0,7.0,7,7,985.7614,0,radha.walla925@oksbi
ACC02442,0.000169,14,11,1.0,1.0909,1,11,1018.6936,0,krishna.kapoor483@okicici
ACC02443,0.000281,9,12,1.0,1.0833,1,12,1786.1817,0,qushi.char249@okaxis
ACC02444,0.000209,10,11,1.0,1.1818,1,11,1299.1473,0,ronith.kumer850@upi
ACC02445,0.000159,5,9,1.0,1.2222,1,9,867.67,0,gunbir.modi9@okhdfcbank
ACC02446,0.000278,13,12,1.0,1.0,1,12,1455.6417,0,jasmit.naidu869@ibl
ACC02447,0.000108,6,13,1.0,1.0769,1,13,904.0823,0,brinda.tripathi749@kotak
ACC02448,0.00013,10,11,1.0,1.0909,1,11,1765.82,0,chakradhar.hari500@upi
ACC02449,0.000227,10,9,1.0,1.0,1,9,1277.0189,0,manbir.patla606@ibl
ACC02450,0.000185,13,13,1.0,1.1538,1,13,1796.9292,0,hema.puri63@kotak
ACC02451,0.000278,13,11,1.0,1.0,1,11,1077.4782,0,anirudh.dhillon591@ybl
ACC02452,0.000214,9,13,1.0,1.0769,1,13,1535.8054,0,yash.gola275@upi
ACC02453,5.4e-05,4,12,1.0,1.0833,1,12,1514.0658,0,tanveer.bakshi507@ybl
ACC02454,0.000103,9,10,1.0,1.2,1,10,1063.697,0,victor.kapadia447@okicici
ACC02455,0.000115,14,9,1.0,1.2222,1,9,3324.13,0,jonathan.morar744@okaxis
ACC02456,0.000216,10,10,1.0,1.1,1,10,1437.148,0,pallavi.sawhney449@okaxis
ACC02457,0.000273,9,8,1.0,1.0,1,8,1709.2438,0,quincy.ganguly602@ybl
ACC02458,0.000163,10,14,1.0,1.1429,1,14,2594.3264,0,vanya.ganesan863@ibl
ACC02459,5.3e-05,4,7,1.0,1.0,1,7,620.1186,0,teerth.vyas741@upi
ACC02460,9.1e-05,6,4,1.0,1.0,1,4,1105.7225,0,advik.basu964@ybl
ACC02461,0.000206,10,12,1.0,1.0833,1,12,941.4983,0,ekaja.bose995@oksbi
ACC02462,0.000138,9,10,1.0,1.1,1,10,551.688,0,kala.brahmbhatt290@okhdfcbank
ACC02463,6.2e-05,5,12,1.0,1.0833,1,12,1659.23,0,darpan.pradhan178@okaxis
ACC02464,0.000173,6,6,1.0,1.1667,1,6,1504.5417,0,vansha.balasubramanian504@okhdfcbank
ACC02465,0.000125,7,7,1.0,1.1429,1,7,1255.8114,0,bhavani.chacko311@okaxis
ACC02466,0.000205,10,12,1.0,1.0,1,12,623.8392,0,chameli.sood49@okicici
ACC02467,7.7e-05,11,14,1.0,1.0714,1,14,2661.7114,0,upkaar.kapoor366@oksbi
ACC02468,0.000301,10,7,1.0,1.0,1,7,3027.3186,0,abdul.divan881@kotak
ACC02469,8.8e-05,8,10,1.0,1.0,1,10,1054.919,0,peter.dyal66@ybl
ACC02470,0.00013,8,10,1.0,1.1,1,10,1385.264,0,isaac.reddy633@okaxis
ACC02471,0.000223,8,15,1.0,1.2,1,15,1056.28,0,samesh.dash230@ibl
ACC02472,4.9e-05,5,6,1.0,1.0,1,6,1002.7783,0,orinder.bhattacharyya804@ybl
ACC02473,0.000153,5,15,1.0,1.2,1,15,939.8753,0,vedika.barman899@kotak
ACC02474,9.1e-05,6,11,1.0909,1.3636,2,11,827.97,0,edhitha.munshi874@kotak
ACC02475,0.00029,16,10,1.0,1.3,1,10,1189.402,0,vinaya.bora107@okicici
ACC02476,0.000324,15,12,1.0,1.0833,1,12,483.6817,0,oni.sarin469@okhdfcbank
ACC02477,5.8e-05,3,9,1.0,1.0,1,9,2591.6844,0,xavier.kurian626@okhdfcbank
ACC02478,0.000213,13,13,1.0,1.0769,1,13,920.1931,0,idika.pradhan520@okhdfcbank
ACC02479,9.4e-05,8,10,1.0,1.1,1,10,1774.733,0,gauri.lala121@okaxis
ACC02480,0.000229,12,9,1.0,1.0,1,9,927.1244,0,oscar.vala746@paytm
ACC02481,0.000207,15,8,1.0,1.0,1,8,1559.3225,0,patrick.ramanathan519@ibl
ACC02482,0.000153,14,5,1.0,1.0,1,5,1288.742,0,joshua.upadhyay663@ybl
ACC02483,0.000172,12,10,1.0,1.1,1,10,1073.818,0,aishani.guha142@okhdfcbank
ACC02484,4.5e-05,4,18,1.0556,1.2222,2,18,982.5422,0,mekhala.gulati993@upi
ACC02485,0.000188,9,6,1.0,1.0,1,6,1920.5983,0,isha.parmer855@ibl
ACC02486,0.00012,8,8,1.0,1.125,1,8,776.4388,0,arya.nadig518@oksbi
ACC02487,0.00024,13,9,1.0,1.1111,1,9,733.6989,0,amrita.rai382@upi
ACC02488,0.000248,7,8,1.0,1.25,1,8,851.1275,0,karan.bora681@okaxis
ACC02489,0.00013,8,10,1.0,1.2,1,10,1148.359,0,xavier.mann772@kotak
ACC02490,0.000194,13,13,1.0,1.1538,1,13,1281.0077,0,advay.bumb234@oksbi
ACC02491,0.000214,11,6,1.0,1.0,1,6,1082.5217,0,edhitha.karan941@upi
ACC02492,0.000236,10,13,1.0,1.2308,1,13,1257.5877,0,orinder.bansal529@ybl
ACC02493,0.000124,10,7,1.0,1.0,1,7,902.9243,0,upkaar.chauhan150@okicici
ACC02494,4.9e-05,4,13,1.0,1.1538,1,13,1357.5723,0,harinakshi.rai87@ybl
ACC02495,0.000192,13,5,1.0,1.0,1,5,468.986,0,siddharth.nigam791@oksbi
ACC02496,0.000133,5,14,1.0,1.0714,1,14,1169.2186,0,inaya.varkey403@okicici
ACC02497,0.000426,9,13,1.0,1.0,1,13,699.6338,0,vyanjana.pathak60@kotak
ACC02498,0.000196,14,11,1.0,1.3636,1,11,1363.82,0,rayaan.tara412@kotak
ACC02499,9.2e-05,6,11,1.0909,1.2727,2,11,1086.7882,0,frederick.chakraborty761@ybl
ACC02500,0.000246,10,5,1.0,1.0,1,5,1327.84,0,meera.kohli847@paytm
ACC02501,0.000284,10,7,1.0,1.1429,1,7,797.8886,0,yagnesh.madan943@oksbi
ACC02502,0.00016,10,9,1.0,1.1111,1,9,2003.9411,0,arin.lad660@okaxis
ACC02503,0.000134,10,10,1.0,1.1,1,10,1296.264,0,anmol.rajagopalan808@ibl
ACC02504,5.4e-05,5,12,1.0833,1.0833,2,12,1364.0025,0,ucchal.murty801@upi
ACC02505,0.000331,13,7,1.0,1.0,1,7,783.56,0,hitesh.more87@okicici
ACC02506,0.000236,7,9,1.0,1.2222,1,9,637.6489,0,gaurav.bhatnagar400@oksbi
ACC02507,8.4e-05,8,6,1.0,1.0,1,6,723.0367,0,ekalinga.dhingra291@okaxis
ACC02508,0.000222,7,12,1.0,1.0833,1,12,948.6192,0,riya.sama566@paytm
ACC02509,0.000224,9,9,1.0,1.1111,1,9,887.3522,0,yauvani.ramakrishnan776@oksbi
ACC02510,0.000253,5,6,1.0,1.0,1,6,1869.1233,0,oviya.saran912@kotak
ACC02511,0.000172,8,7,1.0,1.0,1,7,3645.5129,0,ridhi.grewal248@paytm
ACC02512,0.000167,11,6,1.0,1.1667,1,6,1047.4317,0,chandresh.uppal114@okicici
ACC02513,0.000158,8,7,1.0,1.0,1,7,1818.2457,0,rehaan.brahmbhatt643@kotak
ACC02514,0.000243,8,10,1.0,1.2,1,10,1409.086,0,aditya.gaba49@okhdfcbank
ACC02515,0.000345,14,7,1.0,1.2857,1,7,1000.4986,0,kevin.narasimhan587@okicici
ACC02516,8.8e-05,3,12,1.0,1.1667,1,12,1077.4933,0,deepa.gara242@kotak
ACC02517,5.7e-05,4,8,1.0,1.125,1,8,700.6738,0,saksham.baral359@paytm
ACC02518,0.000195,8,8,1.0,1.125,1,8,1098.3875,0,neha.khatri804@oksbi
ACC02519,0.000223,11,10,1.0,1.1,1,10,806.17,0,hardik.soni756@okaxis
ACC02520,0.000288,14,12,1.0,1.25,1,12,1002.5792,0,yashawini.krishna529@okaxis
ACC02521,0.000208,6,11,1.0,1.0909,1,11,1190.7918,0,naksh.patla101@oksbi
ACC02522,9.9e-05,6,13,1.0,1.0,1,13,648.0454,0,harish.soman422@okhdfcbank
ACC02523,0.000129,8,13,1.0,1.1538,1,13,1215.1115,0,ekalinga.parmer436@oksbi
ACC02524,0.000326,11,10,1.0,1.0,1,10,772.373,0,atharv.rajan457@okhdfcbank
ACC02525,0.000154,8,10,1.0,1.1,1,10,746.293,0,dayita.mammen539@upi
ACC02526,0.000192,10,8,1.0,1.125,1,8,1110.4425,0,ansh.borra532@upi
ACC02527,0.000102,6,10,1.0,1.1,1,10,1013.996,0,omkaar.deol511@upi
ACC02528,0.000138,10,13,1.0,1.0769,1,13,1437.2146,0,irya.srivastava954@ibl
ACC02529,0.000223,6,10,1.0,1.1,1,10,1036.167,0,xavier.chada167@oksbi
ACC02530,0.000104,9,14,1.0,1.1429,1,14,739.9521,0,joshua.keer497@ibl
ACC02531,0.000148,6,4,1.0,1.25,1,4,1456.45,0,nikita.manda526@kotak
ACC02532,0.000227,10,13,1.0,1.1538,1,13,1156.9054,0,watika.narasimhan218@ibl
ACC02533,0.0001,11,12,1.0,1.0,1,12,974.9125,0,rayaan.gulati765@oksbi
ACC02534,0.000196,9,8,1.0,1.0,1,8,1970.8788,0,faraj.sha944@okhdfcbank
ACC02535,0.000181,9,10,1.0,1.1,1,10,1334.38,0,ranveer.gulati419@okhdfcbank
ACC02536,0.000182,9,7,1.0,1.2857,1,7,2210.9314,0,indira.johal586@paytm
ACC02537,0.00026,16,17,1.0,1.2941,1,17,733.7312,0,faras.ranganathan157@okhdfcbank
ACC02538,0.000111,9,9,1.0,1.1111,1,9,1544.09,0,jyoti.majumdar384@paytm
ACC02539,0.000398,9,8,1.0,1.0,1,8,529.345,0,aditya.nagar29@oksbi
ACC02540,0.000274,12,12,1.0,1.0833,1,12,1099.0392,0,xavier.jha604@upi
ACC02541,0.000177,11,13,1.0,1.3077,1,13,2376.2446,0,unni.ganguly911@paytm
ACC02542,0.0001,7,11,1.0,1.0909,1,11,1948.0518,0,vrishti.kapoor839@ibl
ACC02543,0.000129,8,3,1.0,1.3333,1,3,5180.1,0,vritti.pal561@ybl
ACC02544,0.000377,9,10,1.0,1.1,1,10,1340.543,0,zaitra.mand46@upi
ACC02545,0.000153,8,6,1.0,1.0,1,6,1523.71,0,radhika.dora318@ibl
ACC02546,0.000221,12,14,1.0,1.1429,1,14,1487.2843,0,janaki.gulati387@ibl
ACC02547,0.000202,13,11,1.0909,1.3636,2,11,303.5991,0,chameli.chander781@oksbi
ACC02548,8.3e-05,7,10,1.0,1.1,1,10,783.409,0,pallavi.chand472@ibl
ACC02549,0.000136,11,7,1.0,1.0,1,7,1254.4886,0,varsha.pai888@ybl
ACC02550,0.000113,6,12,1.0833,1.25,2,12,796.5517,0,anvi.naidu640@upi
ACC02551,0.000256,8,13,1.0,1.0769,1,13,1065.0138,0,aditya.warrior922@upi
ACC02552,0.000138,5,14,1.0714,1.0714,2,14,664.6479,0,hemang.grover47@ibl
ACC02553,0.000123,9,9,1.0,1.2222,1,9,378.6433,0,falan.murthy91@oksbi
ACC02554,0.000152,12,5,1.0,1.0,1,5,2977.086,0,charles.narula646@paytm
ACC02555,0.000177,11,11,1.0,1.0909,1,11,850.2309,0,advik.wadhwa127@kotak
ACC02556,0.000137,10,14,1.0,1.0714,1,14,1128.1314,0,manan.krishnamurthy979@kotak
ACC02557,0.000152,7,15,1.0,1.0,1,15,1073.5007,0,leela.sarraf55@kotak
ACC02558,0.000249,11,5,1.0,1.2,1,5,2680.188,0,patrick.raja488@kotak
ACC02559,7.1e-05,3,12,1.0833,1.3333,2,12,1032.0033,0,vrinda.baria675@kotak
ACC02560,0.000201,9,9,1.0,1.0,1,9,996.7067,0,vritti.mitra282@okaxis
ACC02561,0.000132,8,12,1.0,1.1667,1,12,673.1267,0,rayaan.acharya723@ibl
ACC02562,0.000113,7,13,1.0,1.1538,1,13,1014.8631,0,udyati.chandran547@ybl
ACC02563,0.000338,10,10,1.1,1.4,2,10,2330.724,0,chanakya.kala47@ibl
ACC02564,0.000201,9,13,1.0,1.0714,1,14,1011.5643,0,vedika.lalla448@oksbi
ACC02565,9.9e-05,5,8,1.0,1.0,1,8,1399.965,0,baghyawati.din881@kotak
ACC02566,4.8e-05,3,9,1.0,1.1111,1,9,1636.6922,0,teerth.borah264@okhdfcbank
ACC02567,0.000547,16,10,1.0,1.1,1,10,2358.407,0,wyatt.misra555@oksbi
ACC02568,0.00018,12,12,1.0,1.1667,1,12,1090.2275,0,amara.mital188@paytm
ACC02569,0.000104,7,5,1.0,1.0,1,5,1188.574,0,darika.patla315@upi
ACC02570,0.000125,12,11,1.0,1.0909,1,11,1061.5264,0,ekanta.reddy630@ybl
ACC02571,7.9e-05,9,9,1.0,1.2222,1,9,904.2022,0,yoshita.chana731@okicici
ACC02572,0.00026,11,11,1.0,1.0,1,11,1841.3173,0,jagat.dugal102@ybl
ACC02573,0.000197,10,9,1.0,1.1111,1,9,1358.5589,0,eiravati.chandran915@ybl
ACC02574,0.000164,11,9,1.0,1.1111,1,9,910.83,0,vyanjana.deo965@okhdfcbank
ACC02575,0.000151,5,10,1.0,1.0,1,10,827.663,0,ucchal.kannan246@okaxis
ACC02576,0.000204,10,16,1.0,1.1875,1,16,1211.2806,0,amaira.yogi771@kotak
ACC02577,0.000207,10,8,8.0,8.0,8,8,602.2062,0,harshil.mander276@okicici
ACC02578,0.000184,8,12,1.0,1.1667,1,12,2372.7942,0,aayush.verma567@upi
ACC02579,0.000183,7,6,1.0,1.1667,1,6,920.7217,0,nihal.grewal30@upi
ACC02580,0.000124,11,13,1.0769,1.3077,2,13,1864.4008,0,maanas.grover276@kotak
ACC02581,8.4e-05,4,7,1.0,1.0,1,7,1188.7457,0,chandran.kalita104@okaxis
ACC02582,7.4e-05,5,10,1.0,1.1,1,10,1185.084,0,victor.iyer805@oksbi
ACC02583,5.1e-05,3,15,1.0,1.2667,1,15,1126.4253,0,brinda.dhar417@ibl
ACC02584,0.000182,9,8,1.0,1.125,1,8,1182.635,0,dakshesh.bains652@kotak
ACC02585,0.000386,10,8,1.0,1.125,1,8,1536.9862,0,samarth.bala992@oksbi
ACC02586,0.000263,16,8,1.0,1.125,1,8,1550.39,0,ridhi.nagi173@okaxis
ACC02587,0.000135,9,9,1.0,1.0,1,9,1187.6122,0,warinder.batta985@kotak
ACC02588,0.000348,11,9,1.0,1.2222,1,9,1033.4978,0,aahana.shah2@ibl
ACC02589,0.000367,8,7,1.0,1.0,1,7,795.0286,0,yashica.sarna669@oksbi
ACC02590,0.000131,11,12,1.0,1.0833,1,12,1373.4125,0,abeer.kant956@ibl
ACC02591,0.000193,13,10,1.0,1.0,1,10,1703.797,0,eta.gade257@upi
ACC02592,0.000112,7,14,1.0,1.1429,1,14,884.1893,0,janani.deol648@okaxis
ACC02593,0.000148,5,8,1.0,1.0,1,8,1584.1888,0,aradhana.korpal523@paytm
ACC02594,0.00028,11,6,1.0,1.0,1,6,1057.155,0,dipta.bhatia757@kotak
ACC02595,0.000106,5,13,1.0,1.3846,1,13,1988.4369,0,rachana.kade308@okhdfcbank
ACC02596,0.000227,9,11,1.0,1.0,1,11,704.8645,0,lohit.shan126@oksbi
ACC02597,0.000263,11,13,1.0,1.2308,1,13,629.8315,0,oni.kumer900@upi
ACC02598,0.000202,8,12,1.0,1.0833,1,12,2224.6092,0,ucchal.chaudhuri517@ybl
ACC02599,0.00013,6,9,1.0,1.1111,1,9,817.8911,0,vedant.rajagopal268@ibl
ACC02600,0.000353,12,10,1.0,1.1,1,10,810.623,0,zarna.krishnamurthy679@ybl
ACC02601,0.000211,12,13,1.0,1.0,1,13,1165.3669,0,chatresh.gade471@ybl
ACC02602,0.000253,14,11,1.0,1.0,1,11,544.2427,0,ganga.pillay137@okicici
ACC02603,8.1e-05,6,14,1.0,1.0714,1,14,626.2757,0,gautam.narayan5@okicici
ACC02604,0.000273,9,4,1.0,1.0,1,4,1568.835,0,gaurangi.prasad570@ibl
ACC02605,9.2e-05,8,15,1.0,1.0667,1,15,1009.536,0,warinder.sehgal84@okhdfcbank
ACC02606,0.000114,8,13,1.0,1.0,1,13,1182.2423,0,fitan.bhat914@ibl
ACC02607,0.000144,11,15,1.0,1.0667,1,15,1443.3407,0,rachit.ganguly996@upi
ACC02608,0.000252,12,7,1.0,1.0,1,7,2039.4471,0,lekha.bhakta397@oksbi
ACC02609,0.000159,10,13,1.0,1.2308,1,13,1429.1438,0,frado.doctor474@ybl
ACC02610,0.000158,12,12,1.0,1.1667,1,12,1042.0675,0,alka.kumar10@okaxis
ACC02611,0.000189,8,10,1.0,1.1,1,10,567.83,0,shravya.chada288@ybl
ACC02612,0.000172,11,8,1.0,1.125,1,8,836.4525,0,azad.anne836@paytm
ACC02613,0.000253,13,13,1.0,1.2308,1,13,861.0369,0,maanav.ranganathan506@ybl
ACC02614,0.00034,12,9,1.0,1.0,1,9,678.9433,0,chandresh.gola505@okaxis
ACC02615,0.000254,10,7,1.0,1.0,1,7,4771.3214,0,nidra.solanki841@upi
ACC02616,8.4e-05,9,15,1.0,1.1333,1,15,1160.8707,0,warjas.gera285@kotak
ACC02617,7.3e-05,7,11,1.0,1.0,1,11,787.1064,0,jeevika.baral566@okaxis
ACC02618,0.00016,11,9,1.0,1.0,1,9,1166.9311,0,wridesh.narasimhan699@oksbi
ACC02619,0.00036,12,11,1.0,1.0909,1,11,3570.4636,0,daksha.sama132@okhdfcbank
ACC02620,6.9e-05,8,12,1.0833,1.8333,2,12,924.1617,0,hredhaan.bhalla956@okaxis
ACC02621,0.000214,8,9,1.0,1.0,1,9,1136.86,0,chatura.vasa802@paytm
ACC02622,0.000311,5,8,1.0,1.0,1,8,742.47,0,hemang.gera695@okicici
ACC02623,0.000123,7,9,1.0,1.1111,1,9,1148.8467,0,panini.dube259@kotak
ACC02624,0.000228,17,11,1.0,1.0909,1,11,1609.23,0,guneet.raman961@upi
ACC02625,0.000241,9,11,1.0,1.0909,1,11,1812.8291,0,ekaraj.kakar962@ybl
ACC02626,0.000201,5,8,1.0,1.0,1,8,921.8038,0,falguni.dey417@paytm
ACC02627,0.000393,15,8,1.0,1.0,1,8,1562.1012,0,chaaya.vasa531@ibl
ACC02628,0.000137,8,7,1.0,1.1429,1,7,1303.1043,0,nisha.wason530@okicici
ACC02629,0.000301,11,13,1.0,1.0,1,13,1999.6169,0,chaaya.ramesh285@upi
ACC02630,5.9e-05,5,9,1.0,1.1111,1,9,827.4722,0,advika.rajagopal324@okicici
ACC02631,0.000244,11,7,1.0,1.0,1,7,698.9314,0,faqid.bora343@okhdfcbank
ACC02632,0.000119,6,16,1.0,1.125,1,16,1217.3969,0,naksh.tara26@okaxis
ACC02633,0.000179,12,5,1.0,1.0,1,5,2153.4,0,raagini.varkey940@okaxis
ACC02634,0.000285,14,11,1.0,1.1818,1,11,2382.1891,0,zehaan.bir338@paytm
ACC02635,0.00013,9,9,1.0,1.0,1,9,4269.9433,0,ekantika.iyengar641@okhdfcbank
ACC02636,0.00012,10,9,1.0,1.1111,1,9,6480.5156,0,ijaya.sarna443@okicici
ACC02637,0.000197,12,16,1.0,1.125,1,16,1961.7131,0,nimrat.bose642@ybl
ACC02638,0.000216,10,12,1.0,1.4167,1,12,1213.1833,0,devansh.gupta111@ibl
ACC02639,0.000105,7,17,1.0,1.1765,1,17,1264.5312,0,vinaya.devi853@okicici
ACC02640,5.2e-05,6,7,1.0,1.0,1,7,1121.0357,0,niharika.balan814@okaxis
ACC02641,0.000224,11,10,1.0,1.1,1,10,2056.718,0,aayush.verma615@ibl
ACC02642,8.4e-05,6,13,1.0,1.0769,1,13,1221.5131,0,jagrati.bandi458@okhdfcbank
ACC02643,0.000187,7,8,1.0,1.125,1,8,1264.56,0,viraj.ganesh939@okicici
ACC02644,0.000129,6,11,1.0,1.0909,1,11,752.6082,0,henry.dugal912@okhdfcbank
ACC02645,0.000207,8,11,1.0,1.0909,1,11,684.8191,0,aarush.ramakrishnan942@ibl
ACC02646,0.000433,14,6,1.0,1.0,1,6,456.585,0,ekaraj.vaidya626@upi
ACC02647,0.000258,10,9,1.0,1.0,1,9,641.1667,0,azaan.aurora694@okicici
ACC02648,0.000136,10,12,1.0,1.0833,1,12,517.9808,0,charles.konda302@upi
ACC02649,0.000268,13,7,1.0,1.0,1,7,980.3514,0,amol.aurora633@upi
ACC02650,0.000206,11,8,1.0,1.0,1,8,880.9338,0,chaitanya.kamdar614@okicici
ACC02651,0.00017,9,10,1.0,1.1,1,10,993.224,0,damini.kannan476@upi
ACC02652,9e-05,8,15,1.0,1.0,1,15,1954.2807,0,fariq.pillai104@ybl
ACC02653,0.000143,11,11,1.0,1.1818,1,11,1489.9845,0,nisha.borah530@ybl
ACC02654,0.000176,11,9,1.0,1.0,1,9,1265.3911,0,wyatt.narula111@okhdfcbank
ACC02655,0.000294,15,12,1.0,1.1667,1,12,706.4533,0,naksh.bava731@okhdfcbank
ACC02656,0.00019,14,11,1.0,1.0909,1,11,653.33,0,chavvi.bakshi861@okaxis
ACC02657,6.9e-05,7,6,1.0,1.0,1,6,1376.2367,0,onkar.sani653@kotak
ACC02658,0.000118,7,6,1.0,1.6667,1,6,884.545,0,veda.memon432@ibl
ACC02659,0.00025,9,11,1.0,1.0909,1,11,1216.6682,0,aradhana.lal191@okaxis
ACC02660,0.000198,7,15,1.0,1.3333,1,15,1115.2167,0,gunbir.loke46@okicici
ACC02661,0.000284,14,8,1.0,1.0,1,8,1119.5125,0,isaiah.konda599@upi
ACC02662,0.000177,8,6,1.0,1.0,1,6,1090.9517,0,manthan.shetty773@ybl
ACC02663,0.000162,11,9,1.0,1.2222,1,9,1342.5656,0,saumya.ranganathan907@kotak
ACC02664,0.000204,9,9,1.0,1.0,1,9,637.3178,0,benjamin.agrawal481@paytm
ACC02665,0.000154,6,11,1.0,1.0909,1,11,1258.5155,0,matthew.majumdar299@ybl
ACC02666,0.000132,7,10,1.0,1.4,1,10,3489.318,0,vyanjana.sengupta601@oksbi
ACC02667,0.000148,11,18,1.0,1.1667,1,18,938.3,0,sara.parikh520@kotak
ACC02668,0.000163,7,9,1.0,1.0,1,9,1287.2322,0,hemangini.babu353@okaxis
ACC02669,9.7e-05,4,6,1.0,1.3333,1,6,3415.6017,0,gavin.chauhan931@okaxis
ACC02670,5.8e-05,5,7,1.0,1.0,1,7,1298.1414,0,siddharth.som194@ibl
ACC02671,0.000508,13,3,1.0,1.0,1,3,321.5067,0,abha.patel710@ybl
ACC02672,0.000237,12,5,1.0,1.0,1,5,2384.914,0,chanakya.joshi987@ybl
ACC02673,0.000291,11,11,1.0,1.1818,1,11,907.2336,0,vansha.chauhan429@ybl
ACC02674,0.000103,10,15,1.1333,1.2,2,15,2031.8447,0,janani.ganesh466@okicici
ACC02675,8.1e-05,6,10,1.0,1.1,1,10,597.821,0,ayaan.arya943@okicici
ACC02676,0.000143,6,8,1.0,1.0,1,8,1036.5875,0,bhavya.dua236@ibl
ACC02677,9.4e-05,8,10,1.0,1.1,1,10,2442.686,0,bina.mallick245@ibl
ACC02678,8.8e-05,7,7,1.0,1.0,1,7,640.2171,0,michael.sant758@upi
ACC02679,0.000243,10,6,1.0,1.0,1,6,1245.245,0,anvi.kamdar189@okicici
ACC02680,7.1e-05,5,8,1.0,1.375,1,8,860.3312,0,yashawini.wason76@ybl
ACC02681,0.000256,11,11,1.0,1.0,1,11,913.9282,0,mugdha.handa118@oksbi
ACC02682,0.000127,9,10,1.0,1.0,1,10,524.776,0,azaan.keer200@ybl
ACC02683,0.000345,17,12,1.0,1.1667,1,12,820.4458,0,garima.viswanathan204@okaxis
ACC02684,0.000305,12,4,1.0,1.25,1,4,504.825,0,yochana.devi225@paytm
ACC02685,0.000152,13,8,1.0,1.0,1,8,858.1425,0,urishilla.chakrabarti868@kotak
ACC02686,0.000261,9,10,1.0,1.0,1,10,1655.115,0,chanakya.keer201@okicici
ACC02687,0.000264,10,7,1.0,1.0,1,7,937.3986,0,hemangini.balakrishnan269@okhdfcbank
ACC02688,0.000159,11,12,1.0,1.0833,1,12,2014.9675,0,upadhriti.narayanan694@oksbi
ACC02689,0.000103,11,11,1.0,1.1818,1,11,2877.6318,0,kiaan.goswami807@okhdfcbank
ACC02690,0.000106,8,10,1.1,1.2,2,10,2413.828,0,kabir.krishnamurthy313@ibl
ACC02691,0.000165,9,14,1.0,1.1429,1,14,856.0386,0,inaya.thaker829@ybl
ACC02692,0.000102,7,15,1.0,1.1333,1,15,1636.096,0,qarin.bumb819@upi
ACC02693,0.00018,13,10,1.0,1.1,1,10,1050.062,0,ayaan.dhar148@oksbi
ACC02694,0.000225,13,8,1.0,1.125,1,8,931.2388,0,yahvi.soman546@upi
ACC02695,0.000117,7,10,1.0,1.0,1,10,689.473,0,triveni.bhat614@upi
ACC02696,0.000345,10,13,1.0,1.0769,1,13,913.9377,0,aarna.dasgupta782@okaxis
ACC02697,0.000144,7,15,1.0,1.2667,1,15,1619.8827,0,vrinda.sant809@oksbi
ACC02698,0.00037,12,12,1.0833,1.1667,2,12,547.7017,0,chatresh.parsa55@paytm
ACC02699,0.00018,9,11,1.0,1.0909,1,11,1506.7436,0,yadavi.agrawal521@ibl
ACC02700,9.5e-05,9,10,1.0,1.1,1,10,1120.431,0,ekbal.raval84@ibl
ACC02701,0.000149,8,10,1.0,1.1,1,10,815.45,0,yashica.krish172@kotak
ACC02702,0.00019,10,18,1.0,1.1667,1,18,1759.8761,0,nitesh.das904@kotak
ACC02703,0.000152,11,10,1.0,1.2,1,10,2577.085,0,gaurav.dhillon532@ibl
ACC02704,6.8e-05,5,8,1.0,1.125,1,8,910.5425,0,yoshita.sen730@ybl
ACC02705,7.9e-05,6,7,1.0,1.0,1,7,1227.41,0,charvi.balan495@ibl
ACC02706,0.000228,9,7,1.0,1.0,1,7,4489.5329,0,yagnesh.mane596@upi
ACC02707,0.000137,12,9,1.0,1.0,1,9,734.1378,0,chanakya.varma38@okaxis
ACC02708,9.5e-05,3,18,1.0,1.1111,1,18,1424.16,0,jackson.dave463@okaxis
ACC02709,0.000108,10,11,1.0,1.0909,1,11,714.0209,0,bimala.kurian314@upi
ACC02710,0.000215,9,11,1.0,1.1818,1,11,1615.2727,0,logan.bassi161@ybl
ACC02711,0.000336,15,13,1.0,1.0769,1,13,1416.8746,0,chasmum.bajaj87@oksbi
ACC02712,0.000345,13,11,1.0,1.0909,1,11,1830.04,0,rachit.bhardwaj456@kotak
ACC02713,0.000152,9,7,1.0,1.1429,1,7,887.1057,0,ganga.prasad598@okicici
ACC02714,0.00028,8,9,1.0,1.1111,1,9,1363.4,0,jyoti.uppal637@ybl
ACC02715,0.000278,15,10,1.0,1.0,1,10,2196.123,0,hiral.agrawal479@upi
ACC02716,0.000272,12,7,1.0,1.0,1,7,1003.2729,0,edhitha.dey824@ibl
ACC02717,0.000123,8,11,1.0,1.0909,1,11,970.0073,0,harish.deo392@okicici
ACC02718,7.2e-05,5,6,1.0,1.1667,1,6,3847.7467,0,pratyush.raval240@paytm
ACC02719,0.000221,11,8,1.0,1.0,1,8,813.0388,0,ikshita.kuruvilla924@okhdfcbank
ACC02720,0.000283,11,8,1.0,1.125,1,8,1599.9338,0,yashvi.ben514@kotak
ACC02721,0.000263,5,9,1.0,1.0,1,9,1464.9311,0,jhalak.dar81@paytm
ACC02722,0.000173,9,11,1.0,1.0909,1,11,3109.4391,0,advaith.raj122@okhdfcbank
ACC02723,0.000134,11,10,1.0,1.1,1,10,1687.057,0,sai.sarma560@okaxis
ACC02724,0.000148,11,12,1.0,1.1538,1,13,821.74,0,jairaj.om692@ybl
ACC02725,0.000143,11,11,1.0,1.1818,1,11,1350.1691,0,pavani.barad764@paytm
ACC02726,0.000367,14,12,1.0,1.0833,1,12,2206.885,0,vrishti.varughese619@oksbi
ACC02727,0.000202,11,7,1.0,1.0,1,7,678.6929,0,abhiram.pandya9@paytm
ACC02728,9.6e-05,10,12,1.0,1.1667,1,12,1723.8667,0,advay.sarin355@upi
ACC02729,0.000207,8,13,1.0769,1.2308,2,13,3298.0085,0,jalsa.grover594@okicici
ACC02730,0.000132,6,10,1.0,1.2,1,10,420.475,0,yash.balasubramanian525@oksbi
ACC02731,0.000178,9,11,1.0,1.0909,1,11,1098.2555,0,kamya.hayer233@okaxis
ACC02732,0.000382,13,4,1.0,1.0,1,4,840.785,0,harinakshi.rege529@kotak
ACC02733,0.000208,6,14,1.0,1.1429,1,14,1359.2636,0,eesha.dora834@ibl
ACC02734,5.2e-05,3,10,1.0,1.2,1,10,1825.446,0,gavin.bajwa88@ybl
ACC02735,0.000252,15,13,1.0,1.0,1,13,2578.3531,0,charles.bora789@upi
ACC02736,0.00016,7,11,1.0,1.2727,1,11,931.0264,0,gaurangi.muni461@kotak
ACC02737,0.000174,12,12,1.0,1.0833,1,12,732.6958,0,oviya.verma143@oksbi
ACC02738,0.000167,8,5,1.0,1.0,1,5,930.858,0,ira.chana10@ibl
ACC02739,6.5e-05,3,16,1.0,1.375,1,16,540.4975,0,kamya.palan231@upi
ACC02740,0.000234,14,6,1.0,1.0,1,6,1084.0467,0,samar.narang771@upi
ACC02741,0.0002,11,13,1.0,1.0,1,13,620.52,0,veer.dash334@okicici
ACC02742,0.000168,10,4,1.0,1.0,1,4,431.5275,0,anay.khurana33@oksbi
ACC02743,0.000198,12,12,1.0,1.0,1,12,1258.1475,0,irya.lala582@upi
ACC02744,0.000174,11,9,1.1111,1.4444,2,9,1755.8111,0,warhi.mallick972@upi
ACC02745,0.000316,13,7,1.0,1.0,1,7,3307.1914,0,gautam.chawla396@okaxis
ACC02746,0.000182,9,12,1.0,1.0833,1,12,879.1108,0,damyanti.luthra337@ibl
ACC02747,0.000131,8,7,7.0,7.0,7,7,1294.0843,0,rachana.contractor176@okhdfcbank
ACC02748,0.000133,8,11,1.0,1.0,1,11,1107.3964,0,nidra.chada33@ibl
ACC02749,0.000115,6,14,1.0,1.1429,1,14,1128.9736,0,bhanumati.chakraborty204@okhdfcbank
ACC02750,0.000284,9,9,1.0,1.1111,1,9,1853.4667,0,ayushman.andra211@okaxis
ACC02751,0.000183,12,14,1.0,1.2857,1,14,1206.1586,0,aahana.naidu537@okhdfcbank
ACC02752,5.4e-05,4,11,1.0,1.1818,1,11,1830.4764,0,chakradhar.mangal378@kotak
ACC02753,0.000411,17,7,1.0,1.1429,1,7,1819.9414,0,tarak.amble335@upi
ACC02754,0.000157,7,7,1.0,1.0,1,7,511.1271,0,david.purohit114@oksbi
ACC02755,0.000331,14,10,1.0,1.0,1,10,1329.208,0,patrick.bhatia490@okhdfcbank
ACC02756,0.000284,12,7,1.0,1.0,1,7,1055.0157,0,naveen.bawa212@oksbi
ACC02757,7.2e-05,7,10,1.0,1.1,1,10,1312.952,0,anamika.patil443@ibl
ACC02758,0.000193,13,8,1.0,1.0,1,8,2462.4662,0,vrishti.kalla589@paytm
ACC02759,0.000135,9,11,1.0,1.0909,1,11,2137.3755,0,jalsa.kant515@ibl
ACC02760,0.000195,5,5,1.0,1.0,1,5,1107.086,0,ria.nori8@oksbi
ACC02761,0.000114,7,12,1.0,1.1667,1,12,944.3792,0,eshana.bhavsar845@upi
ACC02762,0.000321,9,9,1.0,1.2222,1,9,1446.7244,0,gautam.pradhan253@kotak
ACC02763,0.000181,6,10,1.0,1.0,1,10,593.895,0,urishilla.dixit901@ibl
ACC02764,0.000123,8,10,1.0,1.1,1,10,813.06,0,harini.gade590@okicici
ACC02765,0.000242,15,6,1.0,1.0,1,6,440.2283,0,barkha.anand662@ibl
ACC02766,0.000115,8,9,1.0,1.1111,1,9,1022.8633,0,gaurav.nigam863@paytm
ACC02767,8.6e-05,8,12,1.0,1.0833,1,12,3330.32,0,bina.pillai844@oksbi
ACC02768,0.000421,10,8,1.0,1.0,1,8,1888.1475,0,chakradev.saxena184@upi
ACC02769,0.000129,9,11,1.0,1.0909,1,11,2011.1336,0,bimala.sami933@oksbi
ACC02770,0.000121,5,9,1.0,1.1111,1,9,1493.9344,0,warinder.rajan403@okicici
ACC02771,0.000135,6,6,1.0,1.0,1,6,3530.965,0,yashoda.bora162@paytm
ACC02772,0.000271,10,8,1.0,1.375,1,8,1450.105,0,udarsh.bobal683@okhdfcbank
ACC02773,0.000171,11,13,1.0,1.0769,1,13,1017.3362,0,saumya.tara422@kotak
ACC02774,0.000138,10,13,13.0,13.0,13,13,1082.7,0,niharika.madan79@okhdfcbank
ACC02775,0.000131,11,8,1.0,1.0,1,8,666.365,0,logan.subramaniam799@ybl
ACC02776,0.000169,10,14,1.0,1.0714,1,14,815.7929,0,bishakha.bains169@paytm
ACC02777,0.000176,11,7,1.0,1.0,1,7,1185.6157,0,ubika.raghavan46@ibl
ACC02778,0.000286,11,8,1.0,1.25,1,8,1052.6538,0,aadhya.mane655@ibl
ACC02779,0.000172,11,14,1.0,1.1429,1,14,1163.3179,0,tanveer.comar764@upi
ACC02780,0.000225,10,11,1.0,1.0909,1,11,924.3682,0,chandran.prashad39@okicici
ACC02781,9.2e-05,8,13,1.0,1.1538,1,13,1365.7238,0,tara.mani727@oksbi
ACC02782,0.000159,10,13,1.0,1.1538,1,13,2334.9085,0,inaya.dara767@ibl
ACC02783,0.000151,13,14,1.0,1.1429,1,14,1347.7036,0,nidra.dube70@okhdfcbank
ACC02784,8.7e-05,5,8,1.0,1.125,1,8,679.1062,0,ladli.koshy249@ibl
ACC02785,0.000228,13,9,1.0,1.1111,1,9,1849.8756,0,wridesh.kara841@paytm
ACC02786,0.00022,13,15,1.0,1.2,1,15,2382.226,0,odika.salvi859@okicici
ACC02787,0.000319,14,11,1.0,1.1818,1,11,913.8536,0,reyansh.ram182@paytm
ACC02788,0.000265,12,10,1.0,1.0,1,10,682.215,0,garima.joshi760@upi
ACC02789,8.2e-05,7,10,1.0,1.2,1,10,1181.495,0,nidra.bedi688@okicici
ACC02790,0.000251,12,13,1.0,1.1538,1,13,1116.9369,0,nidhi.bora452@ybl
ACC02791,6.2e-05,5,6,1.0,1.0,1,6,692.4633,0,garima.khalsa732@okicici
ACC02792,0.000339,12,4,1.0,1.0,1,4,780.11,0,sathvik.parikh453@okicici
ACC02793,0.00026,12,10,1.0,1.1,1,10,1564.842,0,inaya.chand679@okhdfcbank
ACC02794,0.000193,11,6,1.0,1.0,1,6,1137.8433,0,pushti.narasimhan316@ibl
ACC02795,0.000193,8,6,1.0,1.0,1,6,550.29,0,frado.reddy5@okicici
ACC02796,6.3e-05,8,12,1.0,1.0833,1,12,878.1833,0,jagdish.sawhney207@okaxis
ACC02797,0.000138,8,7,1.0,1.0,1,7,1295.36,0,bahadurjit.keer205@okhdfcbank
ACC02798,0.000114,7,15,1.0,1.0667,1,15,1315.53,0,nikita.rastogi29@okicici
ACC02799,0.000241,11,6,1.0,1.1667,1,6,1001.6767,0,balendra.lalla197@okhdfcbank
ACC02800,0.000223,15,10,1.0,1.3,1,10,1307.513,0,lavanya.gulati817@oksbi
ACC02801,0.000146,10,13,1.0,1.1538,1,13,2238.3715,0,aradhana.bandi426@kotak
ACC02802,0.000113,12,11,1.0,1.0909,1,11,1252.8818,0,hitesh.chahal335@ybl
ACC02803,0.00017,9,7,1.0,1.4286,1,7,905.5343,0,eshana.misra195@okaxis
ACC02804,0.000219,12,11,1.0,1.0909,1,11,697.3036,0,vincent.sanghvi962@upi
ACC02805,8.3e-05,6,8,1.0,1.125,1,8,1623.955,0,hemangini.aurora219@okhdfcbank
ACC02806,0.000112,11,12,1.0,1.0833,1,12,1219.3742,0,rachana.keer178@okicici
ACC02807,0.000215,9,16,1.0,1.1875,1,16,1002.9962,0,maanav.anne324@okicici
ACC02808,0.000244,12,15,1.0,1.2,1,15,1444.4867,0,pushti.rajan470@okaxis
ACC02809,6.7e-05,4,10,1.0,1.0,1,10,708.396,0,naveen.de835@paytm
ACC02810,0.000237,7,11,11.0,11.0,11,11,1529.4382,0,gaurika.ghose45@okhdfcbank
ACC02811,0.000108,10,22,1.0,1.2727,1,22,1254.7523,0,girish.kibe309@ibl
ACC02812,0.000166,9,10,1.0,1.1,1,10,1339.186,0,anjali.ratti550@oksbi
ACC02813,0.000179,12,13,1.0,1.1538,1,13,902.5392,0,charles.soni615@ybl
ACC02814,0.000171,7,7,1.0,1.1429,1,7,607.05,0,vansha.borra947@oksbi
ACC02815,0.000177,10,12,1.0,1.25,1,12,1942.4408,0,omisha.char651@ybl
ACC02816,0.00031,11,10,1.0,1.1,1,10,2649.052,0,anirudh.srinivasan344@okicici
ACC02817,0.000307,8,4,1.0,1.0,1,4,901.5025,0,ryan.dash460@upi
ACC02818,0.000282,8,10,1.0,1.0,1,10,2479.141,0,ekta.deshpande760@okaxis
ACC02819,0.000218,15,6,1.0,1.1667,1,6,3173.8367,0,nitara.natt722@okicici
ACC02820,0.000149,8,11,1.0,1.1818,1,11,1173.0773,0,dalaja.yadav632@okhdfcbank
ACC02821,0.000213,15,9,1.0,1.0,1,9,2931.04,0,saanvi.shan756@upi
ACC02822,8.3e-05,5,11,1.0,1.1818,1,11,540.6291,0,vamakshi.batta82@okicici
ACC02823,0.000109,9,8,1.0,1.125,1,8,558.8162,0,bakhshi.viswanathan511@paytm
ACC02824,0.000129,10,12,1.0,1.0,1,12,1164.1833,0,timothy.hayer385@okaxis
ACC02825,5.6e-05,9,5,1.0,1.0,1,5,859.978,0,siddharth.kari946@ibl
ACC02826,0.000181,13,11,1.0,1.0909,1,11,1463.4218,0,ethan.choudhary285@ybl
ACC02827,0.000316,12,9,1.0,1.0,1,9,2145.66,0,krishna.thakur811@upi
ACC02828,0.000216,11,10,1.0,1.0,1,10,573.638,0,upasna.kala25@okaxis
ACC02829,0.000126,8,10,1.0,1.1,1,10,752.963,0,manbir.bhakta249@okaxis
ACC02830,9.1e-05,6,9,1.0,1.1111,1,9,598.5967,0,pooja.toor929@okaxis
ACC02831,0.000154,7,12,1.0,1.25,1,12,1806.375,0,nimrat.dass894@upi
ACC02832,0.00019,7,8,1.0,1.125,1,8,1554.9662,0,dalbir.palla188@ibl
ACC02833,0.000181,7,9,1.0,1.2222,1,9,1432.7944,0,laban.chawla891@ibl
ACC02834,0.000211,11,11,1.0,1.0,1,11,1380.6373,0,jai.mannan54@oksbi
ACC02835,0.000163,13,11,1.0,1.0909,1,11,573.2227,0,ayush.handa94@oksbi
ACC02836,0.000157,6,12,1.0,1.0833,1,12,1477.0767,0,arin.sabharwal852@okaxis
ACC02837,0.000116,5,8,1.0,1.0,1,8,1200.8425,0,kiaan.dora81@upi
ACC02838,0.000138,13,8,1.0,1.375,1,8,2233.7238,0,udyati.thakur169@okaxis
ACC02839,0.000149,9,15,1.0,1.0667,1,15,755.294,0,lakshmi.yogi181@okaxis
ACC02840,0.000232,10,12,1.0,1.25,1,12,4044.1075,0,chakradev.mistry591@ibl
ACC02841,0.000302,8,12,1.0,1.0833,1,12,2374.0533,0,abha.kannan884@ibl
ACC02842,9.7e-05,7,10,1.0,1.3,1,10,893.434,0,indrajit.kumer408@upi
ACC02843,0.000109,6,8,1.0,1.0,1,8,742.3438,0,omaja.baral452@upi
ACC02844,0.000255,11,9,1.0,1.1111,1,9,1396.5811,0,yashvi.deep753@upi
ACC02845,0.000105,7,11,1.0,1.0,1,11,1221.3645,0,utkarsh.sachar977@ibl
ACC02846,0.000234,8,11,1.0909,1.1818,2,11,2798.0309,0,brijesh.nadig391@upi
ACC02847,0.000109,8,15,1.0667,1.2667,2,15,1719.8287,0,kamya.sani929@paytm
ACC02848,7.3e-05,5,12,1.0833,1.1667,2,12,1697.74,0,chandresh.keer157@kotak
ACC02849,0.000139,6,6,1.0,1.0,1,6,923.6717,0,andrew.devan390@ibl
ACC02850,9.8e-05,5,6,1.0,1.0,1,6,1483.7633,0,upma.hans291@upi
ACC02851,7.9e-05,6,16,1.0,1.25,1,16,1149.7162,0,zaitra.khanna493@okhdfcbank
ACC02852,7.9e-05,4,10,1.0,1.0,1,10,564.262,0,jagrati.ahluwalia733@ibl
ACC02853,0.000354,13,17,1.0,1.3529,1,17,2153.7229,0,xavier.bahri939@okaxis
ACC02854,0.000135,6,11,1.0,1.1818,1,11,2298.0527,0,oni.raghavan883@kotak
ACC02855,9.8e-05,8,7,1.0,1.2857,1,7,496.96,0,alka.mammen415@upi
ACC02856,0.00015,11,6,1.0,1.0,1,6,1027.9467,0,pranit.chowdhury383@upi
ACC02857,0.000152,11,13,1.0,1.1538,1,13,1332.2338,0,rachana.iyer657@okhdfcbank
ACC02858,0.000189,10,11,1.0,1.0909,1,11,711.1091,0,tanish.venkataraman944@okhdfcbank
ACC02859,0.000134,8,6,1.0,1.0,1,6,2879.225,0,qasim.sarin167@okaxis
ACC02860,0.00021,5,14,1.0,1.0,1,14,841.9014,0,ekiya.swaminathan790@ybl
ACC02861,0.000157,12,7,1.1429,1.1429,2,7,1266.1471,0,jagvi.wali501@ybl
ACC02862,0.000151,5,16,1.0,1.1875,1,16,1984.1581,0,andrew.nayak395@upi
ACC02863,9.5e-05,9,6,1.0,1.1667,1,6,1295.1567,0,shivani.bera490@okicici
ACC02864,0.000145,11,14,1.0,1.1429,1,14,874.0229,0,nihal.lanka724@okicici
ACC02865,8.4e-05,10,15,1.0,1.2,1,15,1675.876,0,ekansh.bumb620@ibl
ACC02866,0.000234,9,6,1.0,1.1667,1,6,528.06,0,udarsh.thakur254@oksbi
ACC02867,5.5e-05,5,7,1.0,1.1429,1,7,3381.4929,0,ekani.kapadia790@okhdfcbank
ACC02868,0.000105,5,10,1.0,1.2,1,10,971.804,0,xavier.sarna724@okhdfcbank
ACC02869,0.000437,15,17,1.0588,1.1765,2,17,668.5941,0,aashi.bains898@upi
ACC02870,0.000117,7,8,1.0,1.0,1,8,975.9362,0,andrew.salvi438@paytm
ACC02871,0.000278,12,10,1.0,1.3,1,10,677.577,0,chatura.keer991@kotak
ACC02872,0.000175,7,7,1.0,1.0,1,7,2129.8271,0,timothy.balan316@upi
ACC02873,7.9e-05,4,8,1.0,1.125,1,8,1466.1562,0,anya.chander652@ybl
ACC02874,0.000226,10,6,1.0,1.0,1,6,841.765,0,charita.koshy767@okaxis
ACC02875,0.000105,9,7,1.0,1.0,1,7,824.0157,0,abha.khatri316@okicici
ACC02876,0.000158,14,6,1.0,1.1667,1,6,605.2683,0,ayush.nadig504@okicici
ACC02877,7.1e-05,5,12,1.0,1.0,1,12,2088.6508,0,wridesh.menon793@upi
ACC02878,0.000225,16,11,1.0,1.0,1,11,1198.7855,0,mugdha.luthra671@paytm
ACC02879,6.3e-05,6,11,1.0,1.0,1,11,820.58,0,nathaniel.sen181@ybl
ACC02880,0.000152,18,10,1.0,1.0,1,10,1545.281,0,nandini.sood138@okaxis
ACC02881,0.000105,12,10,1.0,1.1,1,10,858.146,0,devansh.divan515@okhdfcbank
ACC02882,9e-05,11,3,1.0,1.0,1,3,779.5867,0,balhaar.raman834@okaxis
ACC02883,0.000127,8,10,1.0,1.2,1,10,1051.319,0,rajata.dass61@oksbi
ACC02884,0.000178,14,5,1.0,1.0,1,5,1761.576,0,sara.mahajan924@upi
ACC02885,0.000144,6,11,1.0,1.0909,1,11,2499.0364,0,brijesh.pradhan935@okhdfcbank
ACC02886,0.000322,12,14,1.0,1.2143,1,14,838.075,0,janya.thakur301@okhdfcbank
ACC02887,0.000216,9,18,1.0,1.3333,1,18,810.47,0,rohan.borde284@okhdfcbank
ACC02888,0.000217,10,8,1.0,1.0,1,8,593.8238,0,lila.patla600@okaxis
ACC02889,0.000165,10,8,1.0,1.0,1,8,1004.9512,0,kamala.rout689@okhdfcbank
ACC02890,0.000175,7,9,1.1111,1.1111,2,9,1286.5867,0,maanas.sawhney273@okicici
ACC02891,0.000125,7,16,1.0,1.0625,1,16,891.9512,0,shravya.memon43@okhdfcbank
ACC02892,0.000172,12,11,1.0,1.1818,1,11,5448.2782,0,wazir.gill811@okicici
ACC02893,0.000266,15,11,1.0,1.0,1,11,771.0582,0,chaitanya.khatri533@paytm
ACC02894,0.000189,8,15,1.0,1.0667,1,15,1436.1487,0,ethan.mani776@ybl
ACC02895,0.000424,17,4,1.0,1.0,1,4,1261.4075,0,nisha.desai345@ybl
ACC02896,0.000271,13,11,1.0,1.0,1,11,854.1355,0,atharv.issac837@okaxis
ACC02897,0.000157,10,8,1.0,1.0,1,8,1906.655,0,watika.thaker409@upi
ACC02898,0.000206,8,14,1.0714,1.2857,2,14,1239.3929,0,bhavani.mukhopadhyay999@ybl
ACC02899,0.000198,8,18,1.0,1.0556,1,18,1129.1017,0,lavanya.baral103@okicici
ACC02900,0.000149,10,13,1.0,1.0769,1,13,1666.5369,0,pahal.dubey716@upi
ACC02901,7.2e-05,4,14,1.0,1.0714,1,14,1096.4464,0,jack.thakur617@okhdfcbank
ACC02902,0.000132,11,11,1.0,1.1818,1,11,437.7364,0,logan.upadhyay974@okaxis
ACC02903,0.000185,9,9,1.0,1.1111,1,9,1124.0011,0,chakradev.deshpande634@ibl
ACC02904,9.9e-05,6,6,1.0,1.1667,1,6,543.1117,0,warhi.sachar677@okaxis
ACC02905,0.000165,9,7,1.0,1.0,1,7,1661.7057,0,aadhya.baral981@ybl
ACC02906,0.000266,14,16,1.0,1.1875,1,16,1677.7781,0,maanas.rana369@okicici
ACC02907,0.000326,7,8,1.0,1.0,1,8,325.53,0,lajita.narasimhan455@okaxis
ACC02908,0.000385,9,11,1.0,1.0,1,11,1396.5618,0,urvi.acharya410@okhdfcbank
ACC02909,0.000332,8,16,1.0,1.25,1,16,1644.4606,0,ishaan.loke962@ibl
ACC02910,0.000111,11,10,1.0,1.0,1,10,1470.774,0,eesha.chokshi395@paytm
ACC02911,0.000256,9,8,1.0,1.125,1,8,1188.3688,0,lavanya.mutti730@oksbi
ACC02912,0.000108,5,12,1.0,1.1667,1,12,1202.3708,0,vihaan.sandal586@kotak
ACC02913,0.000198,8,6,1.0,1.1667,1,6,1630.2633,0,joshua.deshmukh510@okhdfcbank
ACC02914,0.000212,6,5,1.0,1.0,1,5,809.414,0,yashica.zacharia690@kotak
ACC02915,0.000175,7,9,1.0,1.1111,1,9,533.1044,0,gagan.ram918@ibl
ACC02916,0.000355,13,7,1.0,1.0,1,7,1424.5614,0,sanaya.shan679@kotak
ACC02917,0.000119,9,15,1.0,1.0667,1,15,1133.9153,0,reyansh.shah217@oksbi
ACC02918,4.1e-05,3,11,1.0909,1.0909,2,11,2350.1218,0,kamya.nagy446@okicici
ACC02919,0.000141,6,4,1.0,1.0,1,4,514.095,0,shivani.parmar925@upi
ACC02920,0.000111,7,12,1.0,1.1667,1,12,1855.48,0,radha.kalla737@paytm
ACC02921,0.0002,12,8,1.0,1.0,1,8,1131.1638,0,aarav.sibal127@oksbi
ACC02922,7.8e-05,6,11,1.0,1.0909,1,11,882.2591,0,vedant.mall743@ibl
ACC02923,9.9e-05,7,16,1.0,1.25,1,16,1660.6738,0,mahika.mammen709@ybl
ACC02924,0.000132,6,14,1.0,1.0714,1,14,1157.4864,0,shivansh.karnik785@okhdfcbank
ACC02925,0.0001,3,7,1.0,1.0,1,7,1655.0314,0,aadhya.chhabra933@upi
ACC02926,0.000138,6,8,1.0,1.0,1,8,1964.4925,0,tanay.pathak448@okaxis
ACC02927,0.000247,12,10,1.0,1.0,1,10,1577.477,0,jagvi.natarajan119@paytm
ACC02928,8.3e-05,6,7,1.0,1.0,1,7,1784.4757,0,aachal.radhakrishnan92@ybl
ACC02929,0.000196,11,6,1.0,1.0,1,6,2239.875,0,warinder.dyal763@okhdfcbank
ACC02930,9e-05,4,8,1.0,1.125,1,8,978.4488,0,yamini.chaudry131@ybl
ACC02931,0.000293,10,9,1.0,1.0,1,9,563.3567,0,aishani.bassi755@okicici
ACC02932,7.1e-05,7,9,1.0,1.1111,1,9,1048.1756,0,mugdha.brar605@kotak
ACC02933,0.000138,11,10,1.0,1.1,1,10,2189.158,0,panini.bava398@upi
ACC02934,0.000214,11,12,1.0,1.25,1,12,1889.8983,0,aahana.bains374@oksbi
ACC02935,0.000165,15,9,1.0,1.0,1,9,1221.8567,0,anya.chaudhuri617@okaxis
ACC02936,0.00018,13,4,1.0,1.0,1,4,1033.0025,0,akshay.sanghvi10@kotak
ACC02937,0.000171,10,9,1.0,1.0,1,9,678.7089,0,zinal.raval149@paytm
ACC02938,9.8e-05,7,5,1.0,1.0,1,5,431.828,0,lakshmi.kari697@ibl
ACC02939,0.000112,7,7,1.0,1.0,1,7,1307.4614,0,ojasvi.mishra291@oksbi
ACC02940,0.000158,7,8,1.0,1.0,1,8,847.7738,0,isaac.brahmbhatt328@paytm
ACC02941,0.000227,7,7,1.0,1.0,1,7,821.7286,0,varenya.bhasin127@paytm
ACC02942,0.000181,9,18,1.1111,1.1667,2,18,758.1167,0,ucchal.goel647@okaxis
ACC02943,0.000212,14,10,1.0,1.1,1,10,1087.148,0,rajeshri.kashyap722@upi
ACC02944,0.000228,7,14,1.0,1.0714,1,14,1657.0243,0,nidra.dyal342@oksbi
ACC02945,0.000452,8,5,1.0,1.0,1,5,2017.982,0,sara.yadav751@okaxis
ACC02946,0.000204,11,14,1.0,1.1333,1,15,1344.8773,0,banjeet.krishnan795@oksbi
ACC02947,0.000175,14,7,1.0,1.0,1,7,774.3057,0,pranav.dubey402@paytm
ACC02948,8.3e-05,5,4,1.0,1.0,1,4,2049.8025,0,meera.gokhale562@upi
ACC02949,0.000199,10,10,1.0,1.1,1,10,1121.409,0,raagini.johal695@ibl
ACC02950,0.000442,13,13,1.0,1.1538,1,13,470.6346,0,balveer.varughese401@upi
ACC02951,0.000148,9,15,1.0,1.2,1,15,736.818,0,indrajit.goswami745@paytm
ACC02952,4.6e-05,5,13,1.0769,1.1538,2,13,858.2654,0,hamsini.varkey946@okaxis
ACC02953,0.000424,19,11,1.0,1.1818,1,11,1520.7009,0,ishaan.mitter100@oksbi
ACC02954,0.000209,13,9,1.0,1.0,1,9,3705.7078,0,zashil.johal811@okicici
ACC02955,0.000312,6,9,1.0,1.0,1,9,1884.4033,0,aayush.bhandari671@oksbi
ACC02956,0.000189,9,9,1.0,1.3333,1,9,1033.8778,0,upma.menon453@ibl
ACC02957,0.000352,17,8,1.0,1.125,1,8,1336.46,0,balveer.ben215@okaxis
ACC02958,0.000172,8,13,1.0,1.0,1,13,649.0623,0,nandini.din667@okicici
ACC02959,0.000167,8,9,1.0,1.0,1,9,997.5067,0,januja.sur877@okhdfcbank
ACC02960,0.00012,6,8,1.0,1.125,1,8,750.0438,0,harsh.rout974@upi
ACC02961,0.000134,7,7,1.0,1.1429,1,7,779.7414,0,faras.nagy99@ybl
ACC02962,0.000127,11,11,1.0,1.2727,1,11,832.2945,0,pooja.kohli968@okicici
ACC02963,0.000256,8,9,1.0,1.1111,1,9,1300.4556,0,ryan.bahl666@ybl
ACC02964,0.0002,11,10,1.1,1.1,2,10,884.229,0,raksha.bahri994@oksbi
ACC02965,0.000302,8,15,1.0,1.0667,1,15,1868.5127,0,vidhi.ratti35@okhdfcbank
ACC02966,0.000268,17,9,1.0,1.0,1,9,707.7522,0,vinaya.guha501@paytm
ACC02967,0.000119,7,6,1.0,1.0,1,6,1762.1533,0,urishilla.bora669@upi
ACC02968,0.000173,13,13,1.0,1.0769,1,13,1054.5515,0,nisha.pau475@upi
ACC02969,0.000349,12,7,1.0,1.1429,1,7,2601.1271,0,baljiwan.kapur669@ibl
ACC02970,0.000137,7,4,1.0,1.0,1,4,429.88,0,bhavani.sood123@okhdfcbank
ACC02971,0.000152,12,11,1.0,1.0909,1,11,989.0309,0,aashi.kapur501@kotak
ACC02972,0.000205,17,10,1.0,1.3636,1,11,919.7082,0,wishi.bhatia601@ibl
ACC02973,0.00032,11,14,1.0,1.1429,1,14,2109.345,0,chakradhar.chhabra764@okhdfcbank
ACC02974,0.0003,9,10,1.0,1.1,1,10,572.237,0,janani.gade394@ibl
ACC02975,0.000227,8,4,1.0,1.0,1,4,893.575,0,ekansh.acharya586@oksbi
ACC02976,0.000162,10,10,1.0,1.2,1,10,1529.984,0,nimrat.mandal66@kotak
ACC02977,0.000224,8,17,1.0,1.1176,1,17,1183.1641,0,damyanti.wali833@okicici
ACC02978,0.000242,11,14,1.0,1.1429,1,14,1014.4164,0,saumya.magar838@kotak
ACC02979,0.000251,5,6,1.0,1.0,1,6,931.425,0,anika.chand66@kotak
ACC02980,6e-05,4,12,1.0,1.0833,1,12,921.8292,0,sanaya.pathak731@okhdfcbank
ACC02981,0.000447,16,12,1.0,1.25,1,12,1048.01,0,wridesh.naik920@okhdfcbank
ACC02982,0.000268,15,13,13.0,13.0,13,13,1404.9708,0,ekanta.sunder614@oksbi
ACC02983,0.000133,8,6,1.0,1.1667,1,6,290.7483,0,ojasvi.narayanan458@ybl
ACC02984,6.3e-05,4,13,1.0,1.0769,1,13,841.4662,0,naksh.salvi132@okaxis
ACC02985,0.000157,5,8,1.0,1.125,1,8,1243.2388,0,yochana.sood576@paytm
ACC02986,0.000162,4,12,1.0,1.1667,1,12,1521.5458,0,jeevika.sehgal128@kotak
ACC02987,5.4e-05,5,7,1.0,1.0,1,7,947.9757,0,yutika.gola990@kotak
ACC02988,0.000168,8,9,1.0,1.1111,1,9,1440.5144,0,jagat.manne968@okicici
ACC02989,0.0003,15,14,1.0,1.0,1,14,2027.1321,0,fitan.pingle48@kotak
ACC02990,0.000101,8,7,1.0,1.0,1,7,1653.8586,0,osha.nadig547@ibl
ACC02991,0.000225,7,8,8.0,8.0,8,8,851.8775,0,david.bir503@ybl
ACC02992,0.000151,11,10,1.0,1.1,1,10,1281.842,0,elijah.kunda621@kotak
ACC02993,0.000179,5,12,1.0,1.25,1,12,2389.0242,0,alka.dhar705@okhdfcbank
ACC02994,0.00014,7,8,1.0,1.125,1,8,1428.3775,0,aarini.ramakrishnan38@okaxis
ACC02995,6.4e-05,8,14,1.0,1.0,1,14,1613.9579,0,champak.bhattacharyya877@okaxis
ACC02996,0.000131,8,9,1.0,1.0,1,9,559.3344,0,ojasvi.oak566@okaxis
ACC02997,0.000343,13,7,1.0,1.0,1,7,874.2914,0,bimala.sha285@oksbi
ACC02998,0.000149,12,11,1.0,1.0,1,11,2237.8427,0,lakshmi.narayan77@kotak
ACC02999,0.00056,12,7,1.0,1.0,1,7,1390.3071,0,laban.ray391@oksbi
ACC03000,0.000159,5,13,1.0,1.1538,1,13,563.1431,0,gayathri.shanker86@paytm
ACC03001,0.000148,5,8,1.0,1.0,1,8,4829.1025,0,amol.ghosh147@kotak
ACC03002,0.000363,15,7,1.0,1.0,1,7,794.9514,0,nidra.bhatia645@paytm
ACC03003,0.000286,11,6,1.0,1.1667,1,6,808.6267,0,sarthak.minhas382@kotak
ACC03004,4e-05,4,8,1.0,1.125,1,8,1060.455,0,aradhana.dora430@oksbi
ACC03005,0.000164,11,9,1.0,1.0,1,9,1328.3078,0,yachana.dhillon445@upi
ACC03006,0.00018,6,12,1.0833,1.1667,2,12,1166.9708,0,leela.magar254@okhdfcbank
ACC03007,0.000163,9,5,1.0,1.0,1,5,1022.064,0,maanav.saraf545@okhdfcbank
ACC03008,0.000289,11,13,1.0,1.2308,1,13,890.1846,0,isha.keer68@ybl
ACC03009,0.000104,13,10,1.0,1.1,1,10,1689.921,0,anusha.wadhwa932@ybl
ACC03010,0.000192,13,8,1.0,1.125,1,8,1093.4938,0,tara.chatterjee890@okaxis
ACC03011,0.00014,9,13,1.0,1.3077,1,13,2300.8523,0,hritik.mutti101@upi
ACC03012,0.000419,15,16,1.0625,1.1875,2,16,3672.7862,0,urishilla.sridhar975@okhdfcbank
ACC03013,0.000157,11,6,1.0,1.0,1,6,532.4717,0,harsh.bhat540@paytm
ACC03014,0.000359,10,10,1.0,1.1,1,10,704.088,0,caleb.ravel827@ibl
ACC03015,0.000252,8,11,1.0,1.1818,1,11,576.4736,0,kiaan.basak358@paytm
ACC03016,0.000143,9,8,1.0,1.125,1,8,478.2612,0,vamakshi.dua623@okhdfcbank
ACC03017,9.1e-05,6,14,1.0,1.0714,1,14,745.3114,0,farhan.sheth326@upi
ACC03018,0.000176,12,10,1.0,1.0,1,10,1522.722,0,abha.das826@kotak
ACC03019,0.00012,7,10,1.0,1.1,1,10,1086.657,0,indrajit.jain904@upi
ACC03020,0.000286,9,10,1.0,1.1,1,10,1019.172,0,omkaar.bains131@paytm
ACC03021,0.000295,13,16,1.0,1.0625,1,16,1581.5012,0,falan.brar526@oksbi
ACC03022,6.8e-05,4,16,1.0,1.1875,1,16,1114.0012,0,qushi.bhavsar388@paytm
ACC03023,0.000142,11,12,1.0,1.3333,1,12,2327.9833,0,lajita.keer655@ybl
ACC03024,0.000338,14,9,1.0,1.2222,1,9,1554.2956,0,yachana.dugal624@upi
ACC03025,0.000144,6,9,1.0,1.0,1,9,523.1722,0,nathan.kannan450@ybl
ACC03026,0.000169,16,10,1.1,1.4,2,10,2766.714,0,laban.bhandari294@paytm
ACC03027,0.000198,8,15,1.0,1.1333,1,15,1950.3167,0,chatresh.radhakrishnan965@okaxis
ACC03028,0.000129,9,18,1.0,1.1579,1,19,1046.4326,0,sachi.boase879@okhdfcbank
ACC03029,0.000182,11,8,1.0,1.125,1,8,783.0188,0,anita.brar790@ybl
ACC03030,0.000257,12,11,1.0,1.0909,1,11,1460.7845,0,qabil.gokhale82@okhdfcbank
ACC03031,0.00037,10,7,1.0,1.1429,1,7,1358.0914,0,nitara.yadav170@okicici
ACC03032,0.000258,14,6,1.0,1.0,1,6,1137.975,0,aadi.kamdar293@kotak
ACC03033,4.2e-05,3,11,1.0,1.1818,1,11,930.6718,0,aditya.chacko896@okicici
ACC03034,0.000116,10,17,1.0,1.1176,1,17,926.9347,0,krish.gokhale521@oksbi
ACC03035,0.000151,7,13,1.0769,1.3077,2,13,811.7431,0,geetika.bhatnagar528@kotak
ACC03036,0.000213,11,13,1.0,1.0769,1,13,980.5631,0,ijaya.wali15@okaxis
ACC03037,0.000183,11,13,1.0769,1.1538,2,13,1835.8185,0,raghav.sodhi436@kotak
ACC03038,0.000112,10,6,1.0,1.1667,1,6,1359.77,0,jai.desai757@kotak
ACC03039,0.000197,11,8,1.0,1.125,1,8,2232.2575,0,nidhi.ravel622@ibl
ACC03040,0.000363,11,10,1.0,1.0,1,10,1819.805,0,osha.dass953@kotak
ACC03041,0.000535,10,6,1.0,1.0,1,6,2150.095,0,gauri.bumb77@ybl
ACC03042,9.7e-05,8,13,1.0,1.0769,1,13,1334.3085,0,nihal.walia362@okicici
ACC03043,0.000177,10,8,1.0,1.0,1,8,1540.5638,0,raagini.bala389@oksbi
ACC03044,9.7e-05,5,8,1.0,1.0,1,8,1356.8112,0,edhitha.sundaram347@okaxis
ACC03045,0.000107,8,10,1.0,1.1,1,10,1056.886,0,hemang.kannan785@okhdfcbank
ACC03046,0.000132,4,10,1.0,1.1,1,10,562.154,0,alexander.upadhyay495@paytm
ACC03047,0.000142,6,6,1.0,1.0,1,6,826.475,0,ekansh.reddy3@upi
ACC03048,0.000277,11,7,1.0,1.1429,1,7,731.3214,0,dayita.seth952@kotak
ACC03049,0.000311,11,15,1.0,1.0,1,15,1062.9027,0,balvan.hegde914@ibl
ACC03050,8.6e-05,8,13,1.0,1.0,1,13,813.7685,0,hamsini.suri7@ibl
ACC03051,0.000199,12,11,1.0,1.0909,1,11,1535.4927,0,vidhi.kamdar363@okhdfcbank
ACC03052,0.000162,8,12,1.0,1.0769,1,13,1786.1785,0,darika.pillay912@oksbi
ACC03053,0.000232,10,6,1.0,1.0,1,6,1273.0217,0,zaitra.karan10@okhdfcbank
ACC03054,9.9e-05,3,14,1.0,1.0714,1,14,1570.22,0,zayyan.tara203@okhdfcbank
ACC03055,7e-05,6,13,1.0,1.0769,1,13,3808.0277,0,ayaan.gupta921@oksbi
ACC03056,0.000204,12,8,1.0,1.0,1,8,1005.4825,0,ikshita.pandit936@ibl
ACC03057,0.00024,12,7,1.0,1.1429,1,7,982.2343,0,omkaar.batra788@paytm
ACC03058,9.5e-05,9,11,1.0,1.0909,1,11,1547.53,0,prisha.soni405@ybl
ACC03059,8.5e-05,5,11,1.0,1.0,1,11,2290.9491,0,dalbir.raman439@oksbi
ACC03060,0.00014,10,8,1.0,1.0,1,8,1423.1688,0,benjamin.tandon276@okhdfcbank
ACC03061,0.000142,4,15,1.0,1.0667,1,15,1572.8447,0,laksh.vasa860@ibl
ACC03062,0.000152,7,10,1.0,1.1,1,10,3149.546,0,vedhika.walia363@upi
ACC03063,7.6e-05,6,4,1.0,1.0,1,4,446.6675,0,falguni.nagar905@okaxis
ACC03064,0.000327,10,16,1.0,1.25,1,16,1766.9344,0,gunbir.pal292@okicici
ACC03065,0.000155,14,9,1.0,1.0,1,9,666.6478,0,vivaan.sanghvi432@ybl
ACC03066,0.00014,9,6,1.0,1.0,1,6,455.9933,0,udyati.varty683@okaxis
ACC03067,0.000175,9,6,1.0,1.0,1,6,1411.2317,0,madhav.hans273@okhdfcbank
ACC03068,0.000262,4,12,1.0,1.0833,1,12,1055.3233,0,kabir.venkatesh564@ibl
ACC03069,0.000196,10,15,1.0667,1.2,2,15,1474.728,0,aadhya.trivedi770@upi
ACC03070,0.000211,7,10,1.0,1.1,1,10,1228.656,0,madhav.chad946@upi
ACC03071,8.9e-05,5,10,1.0,1.0,1,10,1660.804,0,krishna.raju981@okhdfcbank
ACC03072,0.000112,8,14,1.0,1.0714,1,14,3796.92,0,krish.rao160@ybl
ACC03073,0.000102,6,10,1.0,1.1,1,10,1637.448,0,zansi.sahni786@okaxis
ACC03074,0.000128,6,12,1.0,1.4167,1,12,610.5383,0,saanvi.dash850@ybl
ACC03075,0.0001,6,9,1.0,1.0,1,9,1999.1622,0,kai.lall756@okicici
ACC03076,0.000191,9,7,1.0,1.0,1,7,1221.4586,0,upkaar.bhat297@paytm
ACC03077,0.000119,7,14,1.0,1.0714,1,14,951.6493,0,xavier.buch780@upi
ACC03078,0.00015,11,5,1.0,1.0,1,5,2186.388,0,idika.bahri157@kotak
ACC03079,0.000108,8,8,1.0,1.0,1,8,807.735,0,yagnesh.biswas288@okhdfcbank
ACC03080,9.7e-05,6,14,1.0,1.1429,1,14,8411.0029,0,warhi.vyas254@upi
ACC03081,0.000227,7,11,1.0,1.0909,1,11,1929.14,0,abha.sha724@okhdfcbank
ACC03082,0.000169,12,11,1.0,1.0,1,11,1240.6836,0,adweta.ravi186@okaxis
ACC03083,6.5e-05,4,10,1.0,1.1,1,10,1373.637,0,urishilla.iyer650@oksbi
ACC03084,0.000129,7,7,1.0,1.1429,1,7,702.0171,0,jagat.manne136@upi
ACC03085,0.000108,10,12,1.0,1.0,1,12,1994.8383,0,prisha.arya197@oksbi
ACC03086,0.000269,12,6,1.0,1.0,1,6,1224.24,0,eta.yogi632@okaxis
ACC03087,0.000126,7,13,1.0,1.0769,1,13,1546.7815,0,laksh.oak53@upi
ACC03088,0.000227,11,11,1.0,1.0909,1,11,2019.2982,0,idika.gaba314@okaxis
ACC03089,0.000214,9,12,1.0,1.1667,1,12,1660.5708,0,arunima.batta437@ibl
ACC03090,0.000292,13,11,1.0,1.0,1,11,1209.7755,0,kashish.apte438@okicici
ACC03091,0.000113,7,7,1.0,1.1429,1,7,1421.7457,0,sachi.varkey276@ybl
ACC03092,0.000628,9,13,1.0,1.0,1,13,1079.5385,0,bimala.chander729@upi
ACC03093,5.5e-05,7,9,1.0,1.2,1,10,1095.233,0,agastya.sunder917@okicici
ACC03094,0.000115,9,12,1.0,1.1667,1,12,1029.3458,0,radhika.aggarwal1@okicici
ACC03095,0.000249,8,7,1.0,1.0,1,7,746.9729,0,yasti.sundaram293@ibl
ACC03096,0.000221,7,18,1.0,1.0556,1,18,1222.8144,0,niharika.tata104@upi
ACC03097,0.000171,8,10,1.0,1.1,1,10,916.52,0,caleb.saraf972@ibl
ACC03098,0.000268,10,9,1.0,1.0,1,9,1469.3189,0,yauvani.panchal312@okhdfcbank
ACC03099,0.000102,10,10,1.0,1.1,1,10,1109.665,0,imaran.menon14@kotak
ACC03100,0.000342,10,16,1.0,1.125,1,16,1612.3281,0,aradhana.chana370@ybl
ACC03101,0.000374,13,14,1.0,1.1429,1,14,1249.2579,0,bhavna.solanki620@ybl
ACC03102,0.000471,10,11,1.0,1.0909,1,11,947.3118,0,champak.keer283@okaxis
ACC03103,0.000138,8,13,1.0,1.1538,1,13,960.2223,0,balhaar.srinivasan90@okhdfcbank
ACC03104,0.000118,9,11,1.0,1.1818,1,11,1254.1409,0,om.kumer761@okhdfcbank
ACC03105,0.000159,10,13,1.0,1.0769,1,13,1504.4869,0,mitesh.bhalla992@okaxis
ACC03106,8.3e-05,6,11,1.0,1.0909,1,11,1249.1736,0,hardik.narasimhan457@okhdfcbank
ACC03107,0.000221,8,10,1.0,1.0,1,10,1372.328,0,matthew.soman634@ybl
ACC03108,9.6e-05,7,10,1.0,1.1,1,10,1482.082,0,tanveer.bhalla486@okaxis
ACC03109,0.000243,7,10,1.0,1.2,1,10,1085.82,0,indali.parekh158@okicici
ACC03110,4.6e-05,5,12,1.0,1.0833,1,12,916.2983,0,anvi.majumdar429@kotak
ACC03111,0.000408,11,7,1.0,1.1429,1,7,1148.8943,0,falguni.suresh874@kotak
ACC03112,0.000259,9,8,1.0,1.0,1,8,2425.0975,0,vaishnavi.shetty460@okhdfcbank
ACC03113,0.00037,15,4,1.0,1.0,1,4,350.31,0,logan.desai495@upi
ACC03114,0.000322,8,19,1.0,1.2105,1,19,1532.0163,0,girik.divan810@okicici
ACC03115,0.000195,8,10,1.0,1.0,1,10,652.123,0,falak.gaba281@oksbi
ACC03116,0.000325,7,9,1.0,1.1111,1,9,1935.1189,0,chanchal.wable979@okicici
ACC03117,0.00015,10,10,1.0,1.2,1,10,2297.479,0,aditya.sandhu835@upi
ACC03118,8.4e-05,5,13,1.0769,1.0769,2,13,2060.4577,0,idika.handa546@kotak
ACC03119,0.000163,8,9,1.1111,1.6667,2,9,3434.4556,0,ethan.sodhi449@kotak
ACC03120,0.000173,11,14,1.0,1.2857,1,14,761.3143,0,amol.padmanabhan799@upi
ACC03121,0.000384,15,10,1.0,1.2,1,10,2003.445,0,onkar.borra279@okaxis
ACC03122,0.000136,8,11,1.0,1.0,1,11,856.1582,0,patrick.rau164@okaxis
ACC03123,0.000231,12,19,1.0,1.1579,1,19,1573.2116,0,leela.kala10@kotak
ACC03124,0.000238,13,10,1.0,1.2,1,10,1059.738,0,ikbal.kulkarni725@kotak
ACC03125,0.000226,16,10,1.0,1.1,1,10,781.302,0,rajeshri.ahluwalia873@okaxis
ACC03126,0.000169,7,14,1.0,1.1429,1,14,988.6107,0,meera.comar275@kotak
ACC03127,0.000164,7,6,1.1667,1.1667,2,6,442.3217,0,elijah.parsa230@okicici
ACC03128,0.00023,15,14,1.0,1.1429,1,14,2482.9871,0,darpan.dara299@okicici
ACC03129,0.000172,10,8,1.0,1.0,1,8,861.8362,0,arya.krishnamurthy950@oksbi
ACC03130,7.8e-05,6,4,1.0,1.0,1,4,1048.0025,0,meghana.swamy810@okicici
ACC03131,0.000226,14,12,1.0,1.0,1,12,1200.4833,0,tristan.bahl216@kotak
ACC03132,0.000204,9,14,1.0,1.2857,1,14,2693.8486,0,aradhana.lall665@ybl
ACC03133,0.000162,7,9,1.0,1.1111,1,9,1381.1433,0,adweta.das333@okhdfcbank
ACC03134,0.00011,8,11,1.0,1.0,1,11,3191.9518,0,teerth.chad740@oksbi
ACC03135,0.000111,8,10,1.0,1.3,1,10,1602.693,0,zashil.sidhu302@ybl
ACC03136,0.000183,12,8,1.0,1.0,1,8,1173.095,0,zansi.dube836@okicici
ACC03137,0.000234,11,9,1.0,1.2222,1,9,1021.7789,0,inaya.bawa749@paytm
ACC03138,0.000124,7,15,1.0,1.2,1,15,3583.54,0,vrinda.sharma995@okicici
ACC03139,0.000185,11,12,1.0,1.0,1,12,1045.8858,0,tejas.saran889@okhdfcbank
ACC03140,0.000183,9,11,1.0,1.0909,1,11,2001.7055,0,nathan.bajwa264@kotak
ACC03141,9.8e-05,5,8,1.0,1.125,1,8,1026.14,0,zinal.parikh453@okaxis
ACC03142,0.000155,7,14,1.0,1.2143,1,14,1553.4564,0,nakul.sawhney209@upi
ACC03143,0.000117,6,15,1.0,1.25,1,16,871.5262,0,garima.nadkarni238@upi
ACC03144,0.000378,12,10,1.0,1.0,1,10,1821.563,0,bishakha.sathe924@ibl
ACC03145,0.000306,13,6,1.0,1.0,1,6,678.59,0,abhimanyu.mani186@ibl
ACC03146,0.000151,11,6,1.0,1.0,1,6,1479.8567,0,kashish.ramakrishnan884@oksbi
ACC03147,0.000301,8,6,1.0,1.0,1,6,725.885,0,charan.lala503@oksbi
ACC03148,0.000219,11,17,1.0,1.0,1,17,2005.5624,0,udyati.sangha318@oksbi
ACC03149,0.000113,4,12,1.0,1.0833,1,12,2216.3367,0,qasim.varkey404@okaxis
ACC03150,0.000255,9,7,1.0,1.1429,1,7,923.8857,0,indira.nadkarni74@upi
ACC03151,0.00022,9,9,1.0,1.0,1,9,882.2022,0,rajata.bala931@upi
ACC03152,0.000179,9,7,1.0,1.0,1,7,1137.2786,0,jai.narasimhan540@oksbi
ACC03153,0.000121,9,6,1.0,1.1667,1,6,3249.9617,0,kavya.dhingra103@upi
ACC03154,8.4e-05,8,10,1.0,1.1,1,10,1019.495,0,daksha.goswami113@okicici
ACC03155,0.00016,9,14,1.0,1.3571,1,14,1228.1621,0,pooja.nanda255@okhdfcbank
ACC03156,0.0002,9,14,1.0,1.1429,1,14,1385.3079,0,arunima.agrawal962@okicici
ACC03157,0.000261,11,10,1.0,1.0,1,10,2525.361,0,brijesh.pradhan109@kotak
ACC03158,0.00042,11,14,1.0714,1.0714,2,14,1201.7771,0,jeet.srinivas725@okhdfcbank
ACC03159,5.4e-05,9,9,1.0,1.0,1,9,1788.7867,0,veda.bhatnagar492@ibl
ACC03160,0.000122,10,7,1.0,1.0,1,7,646.32,0,aadhya.bakshi340@ibl
ACC03161,8.9e-05,10,17,1.0,1.6471,1,17,1625.3588,0,jasmit.sinha58@kotak
ACC03162,0.000441,12,16,1.0625,1.125,2,16,841.5138,0,chameli.bhalla557@okhdfcbank
ACC03163,0.000205,9,7,1.0,1.1429,1,7,533.1714,0,aditya.bera46@okhdfcbank
ACC03164,0.000139,6,13,1.0,1.0769,1,13,1548.45,0,vinaya.purohit106@kotak
ACC03165,0.000193,11,11,1.0,1.0,1,11,1543.9136,0,yachana.sur2@okaxis
ACC03166,0.000376,9,15,1.0,1.1333,1,15,1320.3967,0,urishilla.sengupta438@upi
ACC03167,7.9e-05,4,7,1.0,1.0,1,7,725.38,0,anya.bansal672@paytm
ACC03168,6.6e-05,7,6,1.0,1.0,1,6,726.3217,0,henry.thakur394@okhdfcbank
ACC03169,0.000285,11,8,1.0,1.125,1,8,1245.8112,0,vinaya.setty113@okaxis
ACC03170,0.000222,12,8,1.0,1.0,1,8,1907.6362,0,laksh.gour366@okhdfcbank
ACC03171,0.000186,10,9,1.0,1.1111,1,9,2162.0544,0,pranit.chaudry122@ybl
ACC03172,0.000115,7,7,1.0,1.2857,1,7,1135.1271,0,vincent.bhavsar620@oksbi
ACC03173,0.000167,13,5,1.0,1.2,1,5,3178.564,0,leela.bhardwaj544@ybl
ACC03174,0.000115,8,9,1.0,1.1111,1,9,1380.1644,0,fitan.rai696@upi
ACC03175,0.000145,10,5,1.0,1.0,1,5,1616.976,0,anika.rege704@paytm
ACC03176,0.000173,8,7,1.0,1.0,1,7,1835.4029,0,kamala.thaman294@ybl
ACC03177,0.000251,6,4,1.0,1.0,1,4,610.82,0,sai.swamy939@ibl
ACC03178,0.000331,10,12,1.0833,1.4167,2,12,1372.7692,0,raagini.desai831@okhdfcbank
ACC03179,0.000296,9,9,1.1111,1.1111,2,9,1638.75,0,udarsh.thaman956@oksbi
ACC03180,0.000119,5,16,1.0,1.1875,1,16,2246.4906,0,bakhshi.dash152@upi
ACC03181,0.000263,13,11,1.0,1.0909,1,11,1866.7855,0,balendra.nagi816@ibl
ACC03182,0.000159,10,13,1.0,1.0769,1,13,1566.6215,0,timothy.dayal592@upi
ACC03183,0.000276,9,10,1.0,1.1,1,10,795.754,0,zehaan.bhatt93@ybl
ACC03184,0.000192,9,10,1.0,1.1,1,10,2368.417,0,vinaya.mandal786@upi
ACC03185,0.000145,10,11,1.0,1.0,1,11,1423.6309,0,rajata.sule507@upi
ACC03186,0.000202,11,10,1.0,1.2,1,10,841.698,0,samuel.lala997@upi
ACC03187,0.000242,7,12,1.0,1.0,1,12,1327.9933,0,anjali.agarwal652@ybl
ACC03188,0.000211,7,6,1.0,1.0,1,6,1396.4983,0,bimala.suresh967@okaxis
ACC03189,0.000109,6,11,1.0,1.0909,1,11,1358.8236,0,leela.hayre563@ibl
ACC03190,4.7e-05,4,14,1.0,1.2857,1,14,539.5979,0,udant.barman505@kotak
ACC03191,0.000244,16,12,1.0,1.0833,1,12,1297.4833,0,wakeeta.sule236@upi
ACC03192,0.000209,10,9,1.0,1.0,1,9,1924.4189,0,aditya.chawla733@upi
ACC03193,9.3e-05,6,14,1.0,1.1429,1,14,955.1857,0,kashish.ram796@okaxis
ACC03194,0.00037,11,4,1.0,1.0,1,4,225.6025,0,nandini.ahluwalia371@okicici
ACC03195,0.000116,9,11,1.0,1.0909,1,11,1658.8664,0,gabriel.sengupta18@ybl
ACC03196,5.4e-05,4,12,1.0,1.1667,1,12,837.5167,0,fiyaz.tank981@oksbi
ACC03197,0.000144,11,15,1.0,1.2,1,15,2729.45,0,ronith.sane934@ybl
ACC03198,0.000143,4,13,1.0,1.0769,1,13,1449.38,0,max.char870@oksbi
ACC03199,0.000231,8,8,1.0,1.125,1,8,654.99,0,unni.brar148@kotak
ACC03200,0.000152,10,11,1.0,1.0909,1,11,1280.8555,0,upkaar.kohli216@okaxis
ACC03201,7.2e-05,5,8,1.0,1.0,1,8,538.5475,0,advay.baria142@okhdfcbank
ACC03202,0.000317,11,13,1.0,1.2308,1,13,989.3823,0,odika.verma751@okicici
ACC03203,0.000204,9,9,1.0,1.0,1,9,526.3633,0,chandani.deep56@okhdfcbank
ACC03204,0.000284,9,10,1.0,1.1,1,10,1028.699,0,watika.deol489@oksbi
ACC03205,0.00019,6,11,1.0,1.0909,1,11,564.2009,0,simon.cherian375@oksbi
ACC03206,0.000159,7,7,1.0,1.0,1,7,1345.92,0,yatan.dora79@okicici
ACC03207,9.8e-05,11,8,1.0,1.0,1,8,928.4975,0,radha.parmar834@upi
ACC03208,0.000301,9,9,1.1111,1.2222,2,9,920.6322,0,yug.luthra187@ibl
ACC03209,8.7e-05,7,9,1.0,1.1111,1,9,685.4267,0,xiti.saxena541@paytm
ACC03210,0.000116,6,11,1.0,1.1818,1,11,1202.5636,0,shaurya.kannan740@ybl
ACC03211,0.000245,9,17,1.0,1.2941,1,17,685.3682,0,harrison.aurora661@okicici
ACC03212,9.3e-05,6,9,1.0,1.0,1,9,1042.1467,0,naveen.ramachandran160@okicici
ACC03213,0.000207,14,13,1.0,1.1538,1,13,1012.1954,0,qasim.kapoor770@oksbi
ACC03214,7.6e-05,8,4,1.0,1.0,1,4,718.42,0,karan.halder12@upi
ACC03215,0.000194,10,12,1.0,1.0,1,12,1011.0942,0,warjas.johal971@ibl
ACC03216,0.000134,12,8,8.0,8.0,8,8,3946.6688,0,dayamai.nair850@paytm
ACC03217,0.000125,5,13,1.0,1.0769,1,13,1665.3115,0,qadim.sachdeva314@okaxis
ACC03218,0.000211,9,11,1.0,1.1818,1,11,950.0636,0,jagdish.krish279@okhdfcbank
ACC03219,8.3e-05,2,13,1.0,1.0769,1,13,2240.31,0,yauvani.babu974@oksbi
ACC03220,0.000153,7,9,1.0,1.1111,1,9,828.1744,0,manthan.sangha634@okicici
ACC03221,0.000104,6,18,1.0,1.0556,1,18,1174.0272,0,chandani.iyengar189@kotak
ACC03222,9.6e-05,10,7,1.0,1.0,1,7,4629.7157,0,amaira.rao80@ibl
ACC03223,0.0002,5,11,1.0,1.2727,1,11,980.1527,0,anika.grover669@upi
ACC03224,0.000187,8,9,1.0,1.0,1,9,1726.4044,0,robert.dayal56@ybl
ACC03225,0.000418,15,16,1.0,1.1875,1,16,1126.045,0,ekavir.varty277@okhdfcbank
ACC03226,9.8e-05,8,15,1.0,1.2,1,15,809.2707,0,farhan.om372@ybl
ACC03227,0.0002,9,13,1.0,1.2308,1,13,740.5208,0,aarna.talwar289@oksbi
ACC03228,0.000176,10,11,1.0,1.0909,1,11,1409.17,0,pavani.kata67@okaxis
ACC03229,6.7e-05,3,15,1.0,1.2,1,15,1160.9767,0,riya.sodhi775@paytm
ACC03230,0.000131,9,3,1.0,1.0,1,3,1278.3333,0,rushil.apte207@okicici
ACC03231,8.4e-05,6,8,1.0,1.125,1,8,915.8625,0,kashvi.samra88@okicici
ACC03232,0.000244,7,13,1.0,1.2308,1,13,1055.2631,0,manthan.majumdar496@okicici
ACC03233,0.000247,16,6,1.0,1.1667,1,6,3074.3167,0,janaki.lata96@paytm
ACC03234,0.000347,11,13,1.0,1.1538,1,13,903.7531,0,gautami.ranganathan770@paytm
ACC03235,0.000295,11,12,1.0,1.1667,1,12,1807.1042,0,logan.sridhar200@ybl
ACC03236,0.000262,9,10,1.0,1.1,1,10,1047.107,0,yuvraj.magar365@oksbi
ACC03237,0.000169,6,10,1.0,1.1,1,10,2423.106,0,sathvik.nayak418@kotak
ACC03238,0.000231,8,11,1.0,1.0909,1,11,822.5536,0,pooja.bassi827@oksbi
ACC03239,0.00016,13,6,1.0,1.0,1,6,1288.6233,0,brijesh.parikh816@upi
ACC03240,0.0002,14,7,1.0,1.0,1,7,1322.5271,0,urishilla.devi890@okicici
ACC03241,6.3e-05,5,13,1.0,1.0,1,13,691.6062,0,aadi.dewan156@ibl
ACC03242,0.000296,7,6,1.0,1.0,1,6,1648.5767,0,priya.borra96@okaxis
ACC03243,0.000272,13,11,1.0,1.25,1,12,799.9,0,akshay.sarma698@oksbi
ACC03244,0.00025,10,12,1.0,1.0833,1,12,1096.0558,0,madhavi.tella529@kotak
ACC03245,0.000192,14,10,1.0,1.2,1,10,1388.33,0,jeet.kala805@oksbi
ACC03246,0.000143,5,13,1.0,1.0769,1,13,1244.6762,0,rajata.raj369@upi
ACC03247,0.000142,8,7,1.0,1.1429,1,7,647.1714,0,leena.tandon793@upi
ACC03248,6.7e-05,5,11,1.0,1.1818,1,11,2306.6364,0,ijaya.choudhry626@okhdfcbank
ACC03249,0.000159,11,7,1.1429,1.1429,2,7,824.7986,0,avi.bora643@ibl
ACC03250,0.000244,14,8,1.0,1.0,1,8,1379.7762,0,christopher.sachdev16@oksbi
ACC03251,9.1e-05,6,8,1.0,1.0,1,8,2130.5862,0,yashodhara.raghavan889@okhdfcbank
ACC03252,0.000291,12,8,1.0,1.125,1,8,1357.4225,0,sathvik.nori466@ybl
ACC03253,0.000102,7,11,1.0,1.0909,1,11,1550.9955,0,raksha.kibe166@okhdfcbank
ACC03254,0.0001,8,15,1.0,1.4667,1,15,811.004,0,gautami.ranganathan373@ybl
ACC03255,0.000118,7,10,1.0,1.0,1,10,822.377,0,hritik.master184@ibl
ACC03256,9.3e-05,7,9,1.0,1.2222,1,9,939.2489,0,faraj.chana263@ibl
ACC03257,0.000169,8,11,1.0,1.2727,1,11,2825.1155,0,aachal.yogi996@ibl
ACC03258,0.000349,12,9,1.0,1.0,1,9,784.68,0,leela.dyal880@paytm
ACC03259,0.000125,12,8,1.0,1.0,1,8,2534.1712,0,ranbir.pandit878@oksbi
ACC03260,0.000163,11,9,1.0,1.1111,1,9,828.8333,0,theodore.puri525@ybl
ACC03261,0.000322,11,13,1.0,1.3846,1,13,1106.5462,0,benjamin.brahmbhatt699@upi
ACC03262,0.000143,10,5,1.0,1.0,1,5,1159.1,0,maanas.sankaran270@okicici
ACC03263,0.000219,11,11,1.0,1.0909,1,11,1674.65,0,mugdha.menon59@okaxis
ACC03264,6.9e-05,7,11,1.0,1.3636,1,11,549.6373,0,isaiah.chakraborty159@okhdfcbank
ACC03265,0.000136,9,7,1.0,1.0,1,7,1334.4243,0,nicholas.morar163@upi
ACC03266,0.000137,7,17,1.0588,1.4118,2,17,792.3206,0,damini.edwin398@ibl
ACC03267,0.000233,11,12,1.0,1.1667,1,12,2286.4417,0,saksham.sarkar478@ibl
ACC03268,0.00023,20,10,1.0,1.2,1,10,1238.791,0,ubika.bahl477@okhdfcbank
ACC03269,0.000223,12,12,1.0,1.4167,1,12,2450.2817,0,tara.yohannan750@okhdfcbank
ACC03270,7e-05,3,10,1.0,1.1,1,10,1160.313,0,yug.gopal444@okaxis
ACC03271,0.000296,9,9,1.0,1.0,1,9,1573.93,0,eta.badami67@ybl
ACC03272,0.00034,14,10,1.0,1.1,1,10,1570.654,0,advaith.mitra498@okaxis
ACC03273,0.000115,4,7,1.0,1.0,1,7,1504.7843,0,omisha.menon286@ibl
ACC03274,6.7e-05,7,9,1.0,1.0,1,9,2540.7022,0,vritti.pradhan160@ibl
ACC03275,0.00017,9,7,1.0,1.0,1,7,1751.8371,0,diya.choudhry219@ybl
ACC03276,0.000112,7,9,1.0,1.0,1,9,2023.8811,0,pratyush.lalla616@upi
ACC03277,0.000161,10,9,1.0,1.2222,1,9,1042.8456,0,krishna.pandya371@upi
ACC03278,0.000166,9,7,1.0,1.0,1,7,616.0386,0,falan.raman56@okaxis
ACC03279,0.000271,6,11,1.0,1.0,1,11,1336.6273,0,reyansh.ghose701@upi
ACC03280,0.000289,9,7,1.0,1.2857,1,7,1354.4114,0,frederick.sawhney651@oksbi
ACC03281,0.000326,12,7,1.0,1.0,1,7,1173.2357,0,chakrika.mukherjee71@paytm
ACC03282,0.000251,8,16,1.0,1.25,1,16,1288.8519,0,lakshmi.badal306@ibl
ACC03283,0.000212,8,9,1.0,1.0,1,9,1153.32,0,ishani.barad220@paytm
ACC03284,0.000128,4,11,1.0,1.0909,1,11,795.3982,0,falan.bava56@okhdfcbank
ACC03285,0.000218,13,13,1.0,1.1538,1,13,1283.71,0,vaishnavi.devan987@paytm
ACC03286,0.000181,11,14,1.0,1.0,1,14,1930.8557,0,niharika.grover358@upi
ACC03287,0.000312,10,6,1.0,1.1667,1,6,1483.1383,0,wazir.raval549@oksbi
ACC03288,6.5e-05,5,12,1.0,1.0,1,12,1338.1358,0,radha.deep935@upi
ACC03289,0.000172,9,12,1.0,1.1667,1,12,1232.2,0,andrew.ramaswamy802@okaxis
ACC03290,0.000104,9,8,1.0,1.125,1,8,742.1575,0,wahab.nayak684@oksbi
ACC03291,0.000283,11,6,1.0,1.0,1,6,1764.56,0,shravya.borde844@ybl
ACC03292,0.000121,9,16,1.0625,1.25,2,16,1124.9662,0,orinder.dhillon919@ibl
ACC03293,0.000118,8,8,1.0,1.0,1,8,782.225,0,radhika.swamy886@ybl
ACC03294,0.000194,10,10,1.0,1.1,1,10,1526.5,0,orinder.sahni994@upi
ACC03295,0.000284,12,8,1.0,1.0,1,8,1578.2125,0,zayyan.kant740@okicici
ACC03296,0.000203,8,13,1.0,1.0769,1,13,2608.6731,0,jeet.bhavsar878@oksbi
ACC03297,0.00011,8,6,1.0,1.1667,1,6,7356.45,0,wyatt.karan993@okhdfcbank
ACC03298,4.5e-05,5,12,1.0,1.0833,1,12,1924.3733,0,yadavi.rana764@okaxis
ACC03299,0.000156,11,14,1.0,1.0714,1,14,878.8021,0,avni.wable560@oksbi
ACC03300,6.7e-05,6,12,1.0,1.25,1,12,1605.5117,0,advaith.balakrishnan222@ybl
ACC03301,0.000158,11,11,1.0,1.0909,1,11,901.5536,0,lipika.reddy996@okicici
ACC03302,0.00021,11,7,1.0,1.0,1,7,3631.3986,0,ekansh.ghosh373@okicici
ACC03303,0.000165,6,12,1.0,1.0833,1,12,871.0583,0,henry.bath515@okhdfcbank
ACC03304,0.000147,12,7,1.0,1.0,1,7,1952.9557,0,samaksh.khanna467@upi
ACC03305,0.000225,9,13,1.0,1.0,1,13,1160.43,0,udyati.gokhale361@kotak
ACC03306,0.000179,5,14,1.0714,1.1429,2,14,1056.39,0,hredhaan.manne998@ybl
ACC03307,0.000171,10,12,1.0,1.1667,1,12,2219.0708,0,jyoti.palla470@upi
ACC03308,0.00011,7,9,1.0,1.0,1,9,994.2933,0,neha.loke567@oksbi
ACC03309,0.000199,9,9,1.0,1.0,1,9,1676.39,0,zansi.bath391@paytm
ACC03310,0.000144,7,13,1.0,1.0769,1,13,744.3215,0,jairaj.verma291@okhdfcbank
ACC03311,0.000184,11,6,1.0,1.0,1,6,1284.8033,0,osha.ganguly858@okhdfcbank
ACC03312,9.4e-05,8,5,1.0,1.0,1,5,2022.258,0,lipika.rai17@upi
ACC03313,0.000338,11,10,1.1,1.1,2,10,1821.769,0,chaaya.dara768@kotak
ACC03314,0.00036,10,16,1.0,1.1875,1,16,2462.6094,0,aishani.lanka455@kotak
ACC03315,0.000116,7,10,1.0,1.0,1,10,1571.651,0,anusha.thakkar34@paytm
ACC03316,0.000235,13,12,1.0,1.5,1,12,1989.2508,0,ekta.shere229@ibl
ACC03317,0.000205,10,5,1.0,1.2,1,5,635.128,0,chakrika.choudhry118@okaxis
ACC03318,0.000402,9,10,1.0,1.2,1,10,1240.576,0,matthew.chander360@ibl
ACC03319,0.000115,4,6,1.0,1.1667,1,6,2193.1333,0,riya.varghese661@upi
ACC03320,0.000374,13,8,1.0,1.0,1,8,1145.7388,0,chakradhar.ganguly801@okaxis
ACC03321,8.5e-05,7,7,1.0,1.1429,1,7,1793.1614,0,tanay.anand275@paytm
ACC03322,0.000153,6,10,10.0,10.0,10,10,1140.655,0,nisha.kumer925@upi
ACC03323,9.7e-05,6,9,1.1111,1.1111,2,9,676.0633,0,eiravati.singh922@upi
ACC03324,0.000113,9,14,1.0,1.2143,1,14,2910.0393,0,ojasvi.chowdhury27@oksbi
ACC03325,0.000178,9,8,1.0,1.125,1,8,917.2012,0,pavani.basak837@kotak
ACC03326,0.000187,11,6,1.0,1.0,1,6,2601.2183,0,yashasvi.yohannan344@oksbi
ACC03327,0.000131,9,10,1.0,1.1,1,10,1619.385,0,xavier.mannan248@kotak
ACC03328,0.000257,7,9,1.0,1.1111,1,9,1766.4711,0,ishita.dutta632@upi
ACC03329,0.000115,4,11,1.0,1.25,1,12,1659.1092,0,vedant.biswas955@upi
ACC03330,0.000157,7,6,1.0,1.0,1,6,1418.89,0,warinder.more400@oksbi
ACC03331,0.000709,13,11,1.0,1.1818,1,11,1660.6782,0,ryan.manda530@oksbi
ACC03332,0.000204,8,7,1.0,1.0,1,7,899.5329,0,abhiram.randhawa102@oksbi
ACC03333,0.000187,12,12,1.0833,1.0833,2,12,3120.2125,0,liam.sawhney647@upi
ACC03334,0.00016,7,11,1.0,1.0,1,11,1994.0655,0,zayan.malhotra567@oksbi
ACC03335,0.000175,10,10,1.0,1.0,1,10,546.07,0,lakshit.chanda96@okhdfcbank
ACC03336,0.000253,11,8,1.0,1.125,1,8,1096.445,0,prisha.saraf12@oksbi
ACC03337,0.000148,11,12,1.0,1.0,1,12,1530.2717,0,reyansh.sandhu725@kotak
ACC03338,8.6e-05,7,8,1.0,1.0,1,8,939.7188,0,bhanumati.hans392@okicici
ACC03339,0.000212,11,6,1.0,1.0,1,6,1610.5933,0,faris.shah650@ybl
ACC03340,0.000111,5,9,1.0,1.2222,1,9,1019.1778,0,devansh.mand669@okaxis
ACC03341,0.000402,8,12,1.0,1.25,1,12,920.7367,0,qushi.loyal549@okaxis
ACC03342,0.000185,4,12,1.0,1.1667,1,12,918.7792,0,avi.kapadia267@okicici
ACC03343,0.00032,9,6,1.0,1.0,1,6,588.7267,0,rushil.kumer958@oksbi
ACC03344,0.000129,9,10,1.0,1.1,1,10,730.734,0,bakhshi.tak594@okhdfcbank
ACC03345,7.2e-05,6,11,1.0,1.0909,1,11,1114.7645,0,caleb.gulati950@okhdfcbank
ACC03346,0.00015,11,11,1.0,1.1818,1,11,2247.3482,0,raghav.solanki290@paytm
ACC03347,0.000232,11,11,1.0,1.0909,1,11,528.16,0,eiravati.varty80@ibl
ACC03348,0.000122,8,11,1.0,1.0909,1,11,737.7227,0,maanav.shah213@upi
ACC03349,0.000137,12,12,1.0,1.1667,1,12,2589.3775,0,nisha.sen815@okicici
ACC03350,0.000216,7,16,1.0625,1.1875,2,16,1148.6094,0,saksham.mangal499@okhdfcbank
ACC03351,0.000235,10,14,1.0,1.1429,1,14,1156.62,0,ayush.brahmbhatt430@upi
ACC03352,0.000197,11,11,1.0,1.0909,1,11,2265.1773,0,qabil.iyer931@ibl
ACC03353,0.000129,11,5,1.0,1.0,1,5,431.288,0,widisha.chanda306@okicici
ACC03354,0.000112,7,13,1.0,1.0769,1,13,1154.0746,0,jagvi.prasad581@okicici
ACC03355,0.000132,8,13,1.0,1.1538,1,13,1638.8377,0,falguni.andra356@ibl
ACC03356,0.00023,15,5,5.0,5.0,5,5,2676.528,0,vaishnavi.tank560@okicici
ACC03357,0.000264,11,11,1.0,1.0909,1,11,745.4336,0,daksh.acharya760@paytm
ACC03358,6.3e-05,6,11,1.0,1.0,1,11,959.04,0,rushil.maharaj621@okicici
ACC03359,0.000137,6,10,1.0,1.1,1,10,830.995,0,lakshit.bora531@kotak
ACC03360,0.000122,7,6,1.0,1.0,1,6,2399.5633,0,hema.lanka888@ybl
ACC03361,0.000258,9,9,1.0,1.1111,1,9,1061.9133,0,utkarsh.keer31@ybl
ACC03362,0.000148,9,8,1.0,1.125,1,8,1927.3875,0,gopal.pall86@oksbi
ACC03363,0.000301,14,9,1.0,1.0,1,9,991.6622,0,xiti.talwar494@okaxis
ACC03364,0.00012,6,6,1.0,1.0,1,6,427.95,0,damyanti.chad726@kotak
ACC03365,0.000218,10,7,1.0,1.0,1,7,930.76,0,sanaya.iyengar764@ibl
ACC03366,0.000151,10,17,1.0,1.0588,1,17,1228.5547,0,triya.menon970@upi
ACC03367,0.00029,12,12,1.0,1.1667,1,12,1653.8517,0,neel.bhagat178@okaxis
ACC03368,0.000252,11,11,1.0,1.0,1,11,1372.8182,0,vaishnavi.sunder106@paytm
ACC03369,0.000137,9,4,1.0,1.0,1,4,933.245,0,anvi.sheth211@ibl
ACC03370,0.00023,13,9,1.0,1.1111,1,9,2050.5756,0,dhruv.dixit434@paytm
ACC03371,6.6e-05,6,9,1.0,1.0,1,9,1002.34,0,yoshita.bhatnagar111@upi
ACC03372,0.000223,15,14,1.0,1.0714,1,14,2031.23,0,tripti.pillai581@ybl
ACC03373,0.000266,9,10,1.0,1.2,1,10,1278.586,0,balvan.khatri840@okhdfcbank
ACC03374,0.0003,14,7,1.0,1.1429,1,7,1755.9914,0,sai.sule911@okicici
ACC03375,6.3e-05,5,9,1.0,1.1111,1,9,2457.3044,0,harita.ramaswamy601@upi
ACC03376,0.000156,12,8,1.0,1.375,1,8,2305.5213,0,girik.saxena847@kotak
ACC03377,9.4e-05,7,7,1.0,1.1429,1,7,2001.8443,0,yasti.prasad31@okhdfcbank
ACC03378,0.00028,9,15,1.0,1.0667,1,15,1066.062,0,ekanta.agate331@upi
ACC03379,0.00012,7,13,1.0,1.0769,1,13,1233.6038,0,kabir.mahajan252@okhdfcbank
ACC03380,0.000311,8,9,1.0,1.0,1,9,647.7078,0,jai.om381@ybl
ACC03381,0.000131,12,10,1.0,1.1,1,10,1565.715,0,dakshesh.deshmukh322@okhdfcbank
ACC03382,0.000252,12,11,1.0,1.1818,1,11,1009.3482,0,manbir.palla705@okicici
ACC03383,0.000118,8,7,1.0,1.1429,1,7,408.1914,0,gaurang.hayre477@ybl
ACC03384,0.000105,9,9,1.0,1.2222,1,9,856.3711,0,varsha.kunda68@upi
ACC03385,0.000271,10,7,1.0,1.1429,1,7,544.3486,0,rudra.bhandari218@kotak
ACC03386,0.000169,9,8,1.0,1.25,1,8,1704.39,0,rehaan.maharaj575@paytm
ACC03387,0.000286,10,10,1.0,1.1,1,10,2184.506,0,krish.kurian881@okhdfcbank
ACC03388,0.000126,7,9,1.0,1.1111,1,9,743.7644,0,bhavini.kamdar432@upi
ACC03389,0.000109,7,9,1.0,1.0,1,9,981.3833,0,kashish.kalita328@okaxis
ACC03390,0.000295,16,6,1.0,1.0,1,6,731.685,0,pranav.behl822@ibl
ACC03391,0.000132,8,9,1.0,1.1111,1,9,493.14,0,ethan.pandya282@upi
ACC03392,0.000337,9,11,1.0,1.0909,1,11,1323.3118,0,chaitaly.rout464@oksbi
ACC03393,0.00041,9,9,1.0,1.0,1,9,1764.0378,0,saanvi.arya606@upi
ACC03394,0.00017,7,10,1.0,1.0,1,10,799.941,0,mahika.bal22@paytm
ACC03395,0.000173,14,18,1.0,1.2222,1,18,1454.5217,0,rajata.mohan803@okicici
ACC03396,0.000126,6,5,1.0,1.0,1,5,1303.812,0,upma.saha135@upi
ACC03397,0.00028,14,9,1.0,1.1111,1,9,863.0444,0,praneel.das941@kotak
ACC03398,0.000195,10,11,1.0,1.0,1,11,1185.1609,0,mitesh.ghose661@okicici
ACC03399,0.000131,10,16,1.0,1.1176,1,17,1094.4394,0,raksha.master98@upi
ACC03400,0.000199,15,14,1.0,1.1429,1,14,1744.0643,0,ekaja.balay325@ybl
ACC03401,0.000132,10,10,1.0,1.1,1,10,1419.912,0,shravya.varkey570@ybl
ACC03402,0.000104,7,11,1.0,1.3636,1,11,1375.97,0,jhalak.nayar49@upi
ACC03403,0.000173,11,8,1.0,1.125,1,8,1070.7275,0,rohan.suri466@ibl
ACC03404,0.000197,10,6,1.0,1.0,1,6,1229.56,0,yug.dhingra383@okhdfcbank
ACC03405,8.6e-05,5,8,1.0,1.0,1,8,2495.5212,0,vamakshi.lanka49@okicici
ACC03406,0.000352,14,2,1.0,1.0,1,2,2487.355,0,jasmit.mital331@upi
ACC03407,0.000176,6,6,1.0,1.0,1,6,1701.335,0,ekaraj.doshi91@okaxis
ACC03408,9.2e-05,5,11,1.0,1.0,1,11,733.4191,0,mugdha.sanghvi925@kotak
ACC03409,0.000298,11,13,1.0,1.0769,1,13,873.0015,0,bishakha.bala889@okicici
ACC03410,0.000119,6,13,1.0,1.0,1,13,1729.2762,0,jagvi.prasad45@okhdfcbank
ACC03411,8.5e-05,6,9,1.0,1.1111,1,9,1295.1544,0,irya.menon77@paytm
ACC03412,5.4e-05,6,11,1.0,1.0,1,11,482.3273,0,arya.acharya628@upi
ACC03413,0.000125,6,7,1.0,1.1429,1,7,1639.0171,0,ira.nagy175@oksbi
ACC03414,0.000341,9,9,1.0,1.0,1,9,1413.9478,0,anay.keer123@oksbi
ACC03415,0.000251,11,7,1.0,1.4286,1,7,903.8114,0,edhitha.pingle152@upi
ACC03416,0.00023,11,14,1.0,1.1429,1,14,2690.2843,0,triya.sarkar126@kotak
ACC03417,0.000193,14,6,1.0,1.0,1,6,3344.6517,0,aashi.mallick592@ibl
ACC03418,0.000175,11,13,1.0,1.0,1,13,1492.6346,0,yahvi.warrior330@ibl
ACC03419,0.000211,9,16,1.0,1.0625,1,16,945.0775,0,abhiram.shah271@paytm
ACC03420,0.000179,11,11,1.0,1.1818,1,11,553.2009,0,matthew.baria572@okaxis
ACC03421,0.000184,11,12,1.0,1.25,1,12,504.9825,0,harrison.acharya80@okhdfcbank
ACC03422,0.00014,13,8,1.0,1.125,1,8,1040.6338,0,suhani.krish218@okicici
ACC03423,0.000116,7,14,1.0,1.1429,1,14,523.9786,0,faris.hari839@upi
ACC03424,0.000279,9,8,1.0,1.0,1,8,919.5338,0,yashoda.dalal108@ybl
ACC03425,0.000238,10,8,1.0,1.125,1,8,1821.9438,0,waida.rao605@kotak
ACC03426,0.000108,5,9,1.0,1.2222,1,9,1447.7822,0,anthony.jhaveri321@paytm
ACC03427,0.000162,9,14,1.0,1.2143,1,14,810.5843,0,brijesh.dara158@kotak
ACC03428,0.000179,14,10,1.0,1.1,1,10,822.459,0,manya.sood225@ybl
ACC03429,6.4e-05,4,7,1.0,1.0,1,7,785.2971,0,charan.lad889@kotak
ACC03430,0.000105,5,7,1.0,1.1429,1,7,675.5329,0,dayamai.dara410@okaxis
ACC03431,0.00014,10,14,1.0,1.1429,1,14,1209.9021,0,upadhriti.soni434@oksbi
ACC03432,0.000344,6,8,1.0,1.0,1,8,1310.9762,0,nidra.kohli592@okhdfcbank
ACC03433,6.3e-05,5,6,1.0,1.0,1,6,1330.6817,0,raagini.bhardwaj898@okhdfcbank
ACC03434,0.000157,10,7,1.0,1.0,1,7,1207.0057,0,mitali.sampath17@ibl
ACC03435,0.000374,9,7,1.0,1.0,1,7,394.46,0,aarnav.parmer30@ibl
ACC03436,0.00017,10,9,1.0,1.1111,1,9,1415.1022,0,avni.vala361@paytm
ACC03437,0.000223,9,10,1.0,1.1,1,10,2573.791,0,vivaan.mital87@ybl
ACC03438,0.000292,12,5,1.0,1.0,1,5,2712.876,0,upasna.balakrishnan155@upi
ACC03439,7.1e-05,6,14,1.0,1.0,1,14,836.9293,0,falan.muni521@ybl
ACC03440,0.000263,15,10,1.0,1.2,1,10,1084.354,0,hemani.dhillon280@ybl
ACC03441,9.9e-05,5,10,1.1,1.1,2,10,1896.362,0,mugdha.thakkar665@upi
ACC03442,0.000318,15,9,1.0,1.0,1,9,1210.98,0,lakshit.mani302@okaxis
ACC03443,0.000162,3,12,1.0,1.0,1,12,939.7858,0,balendra.dutt609@paytm
ACC03444,0.000202,12,11,1.0,1.0909,1,11,998.3936,0,yatin.anne506@kotak
ACC03445,4.9e-05,3,13,1.0,1.0,1,13,1592.1469,0,avni.bora698@okicici
ACC03446,0.000128,8,8,1.0,1.125,1,8,1596.3638,0,lakshit.murthy225@okhdfcbank
ACC03447,0.00017,8,9,1.0,1.0,1,9,458.3689,0,bhavna.ravi590@paytm
ACC03448,0.000141,5,12,1.0,1.0833,1,12,2157.8592,0,nathan.agarwal545@okhdfcbank
ACC03449,8.4e-05,5,10,1.0,1.0,1,10,1951.08,0,widisha.jhaveri904@upi
ACC03450,0.000341,14,11,1.0,1.2727,1,11,901.3982,0,yashodhara.hora104@okaxis
ACC03451,0.000317,16,13,1.0,1.0769,1,13,1385.6238,0,gunbir.grewal211@oksbi
ACC03452,0.00012,3,11,1.0,1.1818,1,11,2248.4582,0,imaran.kumar653@paytm
ACC03453,0.000161,8,8,1.0,1.0,1,8,684.6512,0,damini.sehgal752@okicici
ACC03454,0.000118,6,14,1.0714,1.3571,2,14,1354.1793,0,darsh.lala516@ibl
ACC03455,0.000135,15,11,1.0,1.0909,1,11,709.4082,0,sanya.karpe929@okaxis
ACC03456,0.000307,8,14,1.0,1.2857,1,14,1379.7079,0,sachi.hans698@okhdfcbank
ACC03457,0.000335,15,8,1.0,1.125,1,8,731.6812,0,mugdha.yogi341@ibl
ACC03458,0.000221,12,8,1.0,1.0,1,8,1209.8938,0,tanish.rana683@ibl
ACC03459,0.000186,13,9,1.0,1.1111,1,9,624.6389,0,janani.arya22@oksbi
ACC03460,0.000229,9,17,1.0,1.1765,1,17,1007.2035,0,ranbir.bhardwaj175@okicici
ACC03461,0.000195,13,10,1.0,1.1,1,10,1316.729,0,yachana.panchal993@ibl
ACC03462,0.00025,9,6,1.0,1.0,1,6,1114.655,0,dalaja.kari501@okaxis
ACC03463,0.00017,8,4,1.0,1.0,1,4,734.415,0,xalak.panchal47@okicici
ACC03464,0.000196,14,8,1.0,1.0,1,8,1785.32,0,priya.ben298@okaxis
ACC03465,8e-05,10,8,1.0,1.0,1,8,396.6688,0,tanveer.dutt172@oksbi
ACC03466,0.000201,11,11,1.0,1.0909,1,11,1499.4209,0,advika.amble312@ybl
ACC03467,0.000251,7,7,1.0,1.0,1,7,765.1114,0,nirja.master753@ybl
ACC03468,9e-05,6,12,1.0,1.25,1,12,1806.2517,0,zehaan.rajagopal680@ibl
ACC03469,0.000116,9,6,1.0,1.1667,1,6,496.1483,0,anirudh.mahajan470@okicici
ACC03470,0.000127,7,8,1.125,1.25,2,8,1522.2375,0,manya.bumb728@ybl
ACC03471,0.000112,11,8,1.0,1.125,1,8,1686.0025,0,jhalak.varghese680@ibl
ACC03472,0.000374,11,5,1.0,1.2,1,5,1537.308,0,matthew.cheema703@kotak
ACC03473,0.000227,13,10,1.0,1.2,1,10,566.724,0,anvi.kalita421@okaxis
ACC03474,6.6e-05,6,12,1.0833,1.4167,2,12,846.7242,0,benjamin.ravel510@okicici
ACC03475,0.00022,6,12,1.0,1.25,1,12,1172.3392,0,triya.buch759@upi
ACC03476,7.7e-05,8,14,1.0,1.1429,1,14,2273.4993,0,ayushman.nayak763@okhdfcbank
ACC03477,0.00022,14,11,1.0,1.1818,1,11,785.51,0,dipta.dhawan655@okhdfcbank
ACC03478,0.000322,14,9,1.0,1.1111,1,9,4430.9133,0,victor.prabhu696@kotak
ACC03479,8.2e-05,6,9,1.0,1.1111,1,9,414.1867,0,gagan.loke540@oksbi
ACC03480,0.00029,11,14,1.0714,1.4286,2,14,2510.1857,0,unnati.mital358@ybl
ACC03481,0.000228,10,11,1.0,1.0909,1,11,1263.1236,0,pahal.sachdeva428@paytm
ACC03482,0.000242,9,8,1.0,1.125,1,8,1492.4762,0,bina.pandya43@kotak
ACC03483,9.2e-05,7,5,1.0,1.0,1,5,1435.662,0,kritika.ben628@okhdfcbank
ACC03484,0.000125,10,11,1.0,1.0909,1,11,1594.0927,0,mitesh.munshi466@ybl
ACC03485,0.000336,14,9,1.0,1.1111,1,9,1345.0867,0,amol.guha993@okicici
ACC03486,0.000211,12,8,1.0,1.125,1,8,5294.61,0,isaiah.narasimhan151@ibl
ACC03487,0.000365,11,14,1.0,1.0714,1,14,696.8786,0,arin.ghosh990@paytm
ACC03488,0.000279,10,9,1.0,1.0,1,9,719.5489,0,mason.rao681@oksbi
ACC03489,0.000162,10,13,1.0,1.0769,1,13,1928.2331,0,yachana.dugar296@okhdfcbank
ACC03490,0.00019,8,12,1.0,1.0,1,12,1007.4808,0,netra.acharya465@okicici
ACC03491,0.000285,9,12,1.0,1.0,1,12,1031.5125,0,kai.munshi846@okhdfcbank
ACC03492,0.000268,11,8,1.0,1.25,1,8,3752.6125,0,jeevika.nath314@okicici
ACC03493,0.000189,8,11,1.0,1.0,1,11,1003.0427,0,timothy.mannan677@okicici
ACC03494,0.000156,7,12,1.0,1.1667,1,12,1020.37,0,vritti.bava142@ybl
ACC03495,8.6e-05,4,13,1.0,1.2308,1,13,1082.3746,0,sudiksha.basu880@kotak
ACC03496,0.000133,6,10,1.0,1.0,1,10,2209.951,0,siya.cherian977@okhdfcbank
ACC03497,0.000104,9,7,1.0,1.0,1,7,1187.0786,0,avni.balay751@okaxis
ACC03498,0.000199,8,13,1.0,1.3077,1,13,1461.1485,0,girish.loke941@okhdfcbank
ACC03499,0.000295,12,8,1.0,1.0,1,8,685.6538,0,bina.anne33@ibl
ACC03500,0.000148,12,14,1.0,1.1429,1,14,888.47,0,vrishti.mukhopadhyay832@upi
ACC03501,0.000311,14,7,1.0,1.0,1,7,806.4814,0,urmi.pandya991@okhdfcbank
ACC03502,0.000323,8,7,1.0,1.0,1,7,592.5057,0,chasmum.bhatt612@paytm
ACC03503,7.6e-05,12,10,1.0,1.1,1,10,2313.691,0,urvi.vora447@ybl
ACC03504,0.000411,12,12,1.0,1.1667,1,12,928.065,0,azad.saran700@okaxis
ACC03505,0.000106,9,7,1.0,1.1429,1,7,2991.7657,0,priya.dass427@kotak
ACC03506,0.000105,5,7,1.0,1.0,1,7,2210.6943,0,zayyan.mand313@okhdfcbank
ACC03507,7.9e-05,5,8,1.0,1.125,1,8,1645.0388,0,harinakshi.roy950@ibl
ACC03508,0.000147,10,9,1.0,1.0,1,9,1758.0,0,robert.kar385@upi
ACC03509,0.000131,6,12,1.0,1.25,1,12,945.3067,0,abdul.ray540@ibl
ACC03510,0.000211,9,7,1.0,1.1429,1,7,875.6343,0,advay.verma958@ybl
ACC03511,7.7e-05,8,16,1.0,1.1875,1,16,652.955,0,timothy.rout438@ibl
ACC03512,0.000168,11,11,1.0,1.1818,1,11,1201.7445,0,gaurangi.jhaveri473@okicici
ACC03513,0.000194,16,11,1.0,1.0909,1,11,1295.4882,0,bhavna.sangha981@upi
ACC03514,0.000172,10,8,1.0,1.0,1,8,1570.97,0,lipika.khatri144@paytm
ACC03515,5.4e-05,5,9,1.0,1.0,1,9,992.3544,0,nakul.dani525@ybl
ACC03516,0.000204,9,8,1.0,1.25,1,8,855.9588,0,gaurav.bakshi557@paytm
ACC03517,0.000165,6,9,1.0,1.0,1,9,441.0622,0,joshua.sharaf866@upi
ACC03518,0.000109,8,8,1.125,1.125,2,8,3609.01,0,caleb.nadkarni687@okicici
ACC03519,0.000183,13,5,1.0,1.0,1,5,539.66,0,brijesh.saraf782@kotak
ACC03520,0.000137,8,9,1.0,1.0,1,9,1020.3167,0,charan.soman56@okhdfcbank
ACC03521,0.000107,8,10,1.0,1.0,1,10,536.302,0,edhitha.bera850@okhdfcbank
ACC03522,0.000597,18,3,1.0,1.0,1,3,774.3333,0,dipta.chadha100@paytm
ACC03523,0.000343,12,16,1.0,1.0,1,16,1230.4119,0,ganga.chahal708@ybl
ACC03524,0.000243,9,14,1.0,1.0714,1,14,546.935,0,gavin.maharaj759@kotak
ACC03525,0.000152,11,8,1.0,1.125,1,8,850.9275,0,azaan.pandey210@kotak
ACC03526,0.000177,7,11,1.0,1.0909,1,11,1007.4736,0,damini.kakar759@ibl
ACC03527,0.000391,9,10,1.0,1.1,1,10,887.692,0,manbir.majumdar917@oksbi
ACC03528,0.000251,7,14,1.0,1.0714,1,14,1059.5407,0,jagvi.oza319@okicici
ACC03529,0.000204,8,12,1.0833,1.0833,2,12,472.9608,0,abeer.karpe705@okaxis
ACC03530,0.000257,6,12,1.0,1.1667,1,12,1102.3217,0,gunbir.nair1@oksbi
ACC03531,0.000105,7,11,1.0,1.2727,1,11,1864.0827,0,madhavi.sheth533@okhdfcbank
ACC03532,8.3e-05,8,6,1.0,1.0,1,6,1932.1583,0,xavier.sanghvi107@ibl
ACC03533,0.000139,7,13,1.0,1.0,1,13,1387.2731,0,frado.patla518@ibl
ACC03534,6.3e-05,6,11,1.0,1.0,1,11,1027.9491,0,riya.vora949@okhdfcbank
ACC03535,8.2e-05,5,14,1.0,1.2143,1,14,787.34,0,yug.walla496@oksbi
ACC03536,0.000188,8,8,1.0,1.0,1,8,2881.6762,0,hiral.chokshi869@kotak
ACC03537,0.000425,6,14,1.0,1.0714,1,14,635.9993,0,mitali.rau628@ibl
ACC03538,9.3e-05,7,7,1.0,1.1429,1,7,1202.0414,0,bimala.rajagopal443@oksbi
ACC03539,0.000144,9,10,1.1,1.1,2,10,1481.138,0,frado.dhawan146@okaxis
ACC03540,0.00012,6,14,1.0,1.2857,1,14,1479.905,0,mitali.kota760@kotak
ACC03541,0.000351,15,11,1.0,1.2727,1,11,1007.1418,0,nidhi.raj492@paytm
ACC03542,0.000116,7,10,1.0,1.3,1,10,1814.779,0,damini.sharma103@ibl
ACC03543,0.000249,9,8,1.0,1.125,1,8,749.4788,0,tara.kapur282@upi
ACC03544,8.5e-05,4,10,1.0,1.2,1,10,920.013,0,saanvi.sarin820@okhdfcbank
ACC03545,8.2e-05,5,10,1.0,1.0,1,10,878.632,0,abdul.johal834@upi
ACC03546,0.000288,10,6,1.0,1.1667,1,6,1912.0133,0,edhitha.nori291@ibl
ACC03547,0.000211,6,10,1.0,1.0,1,10,729.676,0,aarnav.nath399@okicici
ACC03548,0.00031,13,15,1.0,1.2,1,15,459.1207,0,andrew.keer35@ibl
ACC03549,0.000271,15,10,1.0,1.2,1,10,966.913,0,karan.zachariah986@oksbi
ACC03550,0.00026,9,7,1.0,1.0,1,7,557.8,0,brinda.arya470@paytm
ACC03551,0.000137,14,10,1.0,1.1,1,10,859.84,0,yagnesh.ranganathan367@kotak
ACC03552,0.000151,8,12,1.0,1.1667,1,12,2685.2667,0,damini.gara358@kotak
ACC03553,0.00018,10,15,1.0,1.2,1,15,1978.9873,0,wahab.dasgupta65@oksbi
ACC03554,0.000267,11,15,1.0,1.0667,1,15,1246.432,0,qasim.suresh672@ybl
ACC03555,0.000257,8,12,1.0,1.0,1,12,1377.0392,0,ranveer.narasimhan880@oksbi
ACC03556,0.00014,6,18,1.0,1.2778,1,18,851.4406,0,tanveer.devi781@paytm
ACC03557,0.000149,5,11,1.0,1.0,1,11,2844.0109,0,rachita.aurora939@ibl
ACC03558,4.8e-05,2,12,1.0,1.1667,1,12,945.5833,0,faris.narula621@oksbi
ACC03559,0.000283,17,12,1.0,1.0833,1,12,1625.8175,0,chavvi.bhatti950@kotak
ACC03560,0.000237,9,5,1.0,1.4,1,5,820.488,0,anita.bhatia133@ybl
ACC03561,0.000265,8,11,1.0,1.0909,1,11,756.6545,0,vrishti.merchant357@upi
ACC03562,0.000381,14,9,1.0,1.0,1,9,2234.4178,0,ekta.ramanathan31@oksbi
ACC03563,0.000111,8,7,1.0,1.0,1,7,973.8543,0,nidhi.chopra682@okhdfcbank
ACC03564,0.000106,6,8,1.0,1.25,1,8,1840.4112,0,gagan.singh488@ybl
ACC03565,9.1e-05,10,7,1.0,1.0,1,7,5016.4114,0,abhiram.nanda828@okaxis
ACC03566,9.3e-05,6,19,1.0526,1.3158,2,19,1347.3542,0,gauri.gera746@upi
ACC03567,0.00014,5,9,1.0,1.0,1,9,1539.7544,0,gaurika.misra64@paytm
ACC03568,0.000139,7,11,1.0,1.1667,1,12,1121.5717,0,jeevika.ranganathan868@okhdfcbank
ACC03569,0.000207,7,6,1.0,1.0,1,6,2203.1833,0,tejas.dutt384@okicici
ACC03570,0.000238,9,4,1.0,1.0,1,4,968.2775,0,krishna.yohannan111@ibl
ACC03571,0.000281,14,14,1.0,1.2143,1,14,918.7471,0,riya.tripathi653@kotak
ACC03572,0.000157,10,11,1.0,1.0909,1,11,1725.0536,0,darika.tara259@ibl
ACC03573,0.000121,9,11,1.0,1.0909,1,11,1166.0555,0,dalaja.oza293@okaxis
ACC03574,0.000195,10,8,1.0,1.125,1,8,1121.7312,0,gaurang.tank166@upi
ACC03575,0.000211,9,4,1.0,1.0,1,4,1871.675,0,vihaan.pall809@okaxis
ACC03576,0.000128,8,9,1.0,1.1111,1,9,1326.6378,0,rudra.jha25@okhdfcbank
ACC03577,0.00015,10,9,1.0,1.1111,1,9,1182.2844,0,alka.borra830@oksbi
ACC03578,6.9e-05,7,11,1.0,1.0909,1,11,2038.4482,0,abeer.murty793@upi
ACC03579,0.000246,11,9,1.0,1.1111,1,9,642.6822,0,yatan.thakur886@okhdfcbank
ACC03580,0.000272,13,11,1.0,1.0909,1,11,1023.1691,0,ishita.baria699@kotak
ACC03581,0.00021,12,5,1.0,1.0,1,5,1344.714,0,tanvi.baral853@okaxis
ACC03582,0.000243,6,6,1.0,1.1667,1,6,1624.7383,0,diya.sathe486@kotak
ACC03583,0.000327,17,10,1.0,1.0,1,10,1098.954,0,bhavika.wagle634@kotak
ACC03584,0.000104,7,14,1.0,1.0714,1,14,1302.0207,0,baljiwan.mangat69@ibl
ACC03585,7.8e-05,8,9,1.0,1.0,1,9,684.8489,0,matthew.koshy386@okhdfcbank
ACC03586,0.000177,6,14,1.0,1.0714,1,14,1322.1707,0,gunbir.keer131@kotak
ACC03587,0.000162,10,7,1.0,1.1429,1,7,2680.4643,0,samaksh.gill121@ibl
ACC03588,8.9e-05,6,8,1.0,1.125,1,8,1214.6062,0,baljiwan.buch616@kotak
ACC03589,8.2e-05,9,6,1.1667,1.1667,2,6,834.665,0,dalbir.kashyap230@paytm
ACC03590,0.000378,10,11,1.0,1.1818,1,11,910.76,0,yuvraj.kulkarni721@ybl
ACC03591,0.000151,8,8,1.125,1.375,2,8,802.1975,0,vansha.sundaram893@oksbi
ACC03592,7.1e-05,6,7,1.0,1.0,1,7,1251.9557,0,amara.pandey548@okaxis
ACC03593,7.7e-05,4,9,1.0,1.1111,1,9,1935.8078,0,tejas.srinivasan513@paytm
ACC03594,6.7e-05,5,4,1.0,1.0,1,4,411.7325,0,nicholas.yohannan59@kotak
ACC03595,0.000299,9,12,1.0833,1.0833,2,12,1662.8892,0,xalak.bahri483@paytm
ACC03596,0.000138,13,14,1.0,1.0714,1,14,622.5936,0,damini.tank347@upi
ACC03597,0.00012,13,11,1.0,1.1818,1,11,993.9936,0,ikbal.palla343@okicici
ACC03598,0.000157,9,14,1.0,1.0,1,14,1068.0414,0,omisha.guha561@ybl
ACC03599,0.000145,8,9,1.0,1.4444,1,9,911.0522,0,yash.bhagat506@okhdfcbank
ACC03600,0.000142,8,9,1.0,1.0,1,9,2326.9378,0,samaksh.yohannan720@okicici
ACC03601,0.000341,11,19,1.0,1.1053,1,19,1128.5074,0,omya.viswanathan973@upi
ACC03602,0.000219,10,12,1.0,1.1667,1,12,3573.6858,0,fitan.sandhu628@okhdfcbank
ACC03603,0.000128,8,10,1.0,1.2,1,10,1479.924,0,joshua.andra970@oksbi
ACC03604,0.000326,12,9,1.0,1.0,1,9,4347.6711,0,gaurika.dhar43@okhdfcbank
ACC03605,0.000159,10,10,1.0,1.2,1,10,1350.125,0,ronith.manne520@okaxis
ACC03606,0.000149,6,10,1.0,1.2,1,10,1080.917,0,radha.oommen490@paytm
ACC03607,0.000119,5,8,1.0,1.0,1,8,892.4312,0,yoshita.narang954@okicici
ACC03608,0.000192,8,5,1.0,1.0,1,5,666.344,0,ayaan.samra801@okaxis
ACC03609,0.000104,9,11,1.0909,1.3636,2,11,2420.1091,0,kamya.yadav881@upi
ACC03610,0.000143,15,10,1.0,1.1,1,10,787.576,0,vrinda.varma494@okicici
ACC03611,0.000194,9,9,1.0,1.0,1,9,771.47,0,pahal.mander387@oksbi
ACC03612,0.000181,8,13,1.0,1.0,1,13,1113.5369,0,henry.ganesan438@kotak
ACC03613,8.7e-05,7,8,1.0,1.0,1,8,650.9,0,theodore.mahal449@okhdfcbank
ACC03614,0.000126,8,10,1.0,1.1,1,10,1178.33,0,krisha.mand361@okaxis
ACC03615,0.000102,6,11,1.0,1.1818,1,11,2169.7382,0,jacob.ravel941@okicici
ACC03616,0.000114,9,9,1.0,1.2222,1,9,642.3222,0,adweta.ahluwalia95@okicici
ACC03617,0.00035,11,11,1.0,1.0,1,11,1181.2555,0,samesh.cherian766@kotak
ACC03618,0.0002,7,6,1.1667,1.1667,2,6,541.2117,0,abhiram.palan822@okicici
ACC03619,0.000147,5,10,1.0,1.0,1,10,582.711,0,aditya.thakkar59@okhdfcbank
ACC03620,8.7e-05,5,11,1.0,1.3636,1,11,1813.5573,0,yashawini.purohit450@oksbi
ACC03621,0.000182,9,8,1.0,1.0,1,8,741.2462,0,quincy.pall322@ybl
ACC03622,0.000117,6,7,1.0,1.1429,1,7,1556.8614,0,aayush.hans912@okaxis
ACC03623,0.000161,11,11,1.0,1.0909,1,11,1990.4582,0,girik.dugal621@upi
ACC03624,0.000423,9,10,1.0,1.0,1,10,875.082,0,darsh.iyer126@okhdfcbank
ACC03625,0.000274,12,13,1.0,1.0,1,13,2762.2292,0,yahvi.master961@kotak
ACC03626,0.000157,9,7,1.0,1.0,1,7,1195.6786,0,yadavi.anne723@ybl
ACC03627,9.9e-05,7,12,1.0,1.1667,1,12,711.455,0,divya.chaudhari731@paytm
ACC03628,9.9e-05,6,15,1.0,1.1333,1,15,610.776,0,ranbir.gopal565@paytm
ACC03629,0.000213,11,9,1.0,1.0,1,9,1730.9711,0,advay.salvi915@paytm
ACC03630,0.000189,7,6,1.0,1.0,1,6,568.6667,0,nicholas.chauhan555@kotak
ACC03631,0.000318,15,15,1.0,1.2667,1,15,1176.6867,0,fitan.prashad355@upi
ACC03632,0.000193,12,6,1.0,1.0,1,6,1198.5383,0,ethan.kar287@okhdfcbank
ACC03633,5.8e-05,8,14,1.0,1.0,1,14,1479.3,0,anita.hans862@kotak
ACC03634,8.4e-05,7,7,1.0,1.0,1,7,3279.6943,0,yashica.bhalla760@kotak
ACC03635,0.00017,8,9,1.0,1.0,1,9,489.2111,0,ayushman.kuruvilla382@oksbi
ACC03636,0.00022,9,9,1.0,1.0,1,9,1149.7644,0,abhiram.deep716@ibl
ACC03637,8.7e-05,5,9,1.0,1.1111,1,9,2199.33,0,advaith.hegde22@ibl
ACC03638,9.4e-05,7,8,1.0,1.0,1,8,4078.0963,0,jagvi.handa285@upi
ACC03639,0.000193,14,12,1.0,1.0833,1,12,1604.6233,0,yashawini.sami989@okhdfcbank
ACC03640,0.000319,11,11,1.0,1.1818,1,11,853.1564,0,samuel.shan876@upi
ACC03641,0.000254,11,11,1.0,1.0,1,11,548.3336,0,omya.iyer884@upi
ACC03642,0.00016,9,7,1.0,1.0,1,7,524.2614,0,robert.yogi46@okaxis
ACC03643,9.5e-05,11,11,1.0,1.0909,1,11,1477.9064,0,yutika.butala189@upi
ACC03644,0.000106,10,16,1.0,1.25,1,16,1773.2588,0,rajeshri.mangal677@paytm
ACC03645,4.8e-05,6,6,1.0,1.0,1,6,868.7783,0,avni.mann782@ybl
ACC03646,7.7e-05,5,9,1.0,1.0,1,9,1737.9089,0,zinal.peri773@ybl
ACC03647,5.5e-05,8,1,1.0,1.0,1,1,171.89,0,yamini.srinivasan772@okaxis
ACC03648,0.000171,10,11,1.0,1.3636,1,11,1496.5409,0,qabil.dave744@upi
ACC03649,0.000442,13,6,1.0,1.0,1,6,1146.9717,0,nikita.ratti747@okicici
ACC03650,0.000239,7,6,1.0,1.0,1,6,1025.4083,0,warhi.sami398@paytm
ACC03651,0.000155,11,8,1.0,1.0,1,8,859.765,0,jhalak.bakshi435@kotak
ACC03652,0.000323,8,8,1.125,1.25,2,8,3255.1463,0,ganga.ratti984@upi
ACC03653,0.000208,10,12,1.0,1.0833,1,12,691.355,0,varenya.krishna947@okaxis
ACC03654,0.000254,10,5,1.0,1.0,1,5,1848.814,0,aadhya.bawa288@paytm
ACC03655,0.000209,10,10,1.0,1.1,1,10,698.449,0,nitesh.singhal790@kotak
ACC03656,0.000186,8,12,1.0,1.0,1,12,773.1675,0,jeevika.yohannan585@upi
ACC03657,4.6e-05,3,14,1.0,1.1429,1,14,1252.1186,0,keya.kothari281@ybl
ACC03658,0.000193,7,6,1.0,1.0,1,6,1281.515,0,amrita.borde257@okicici
ACC03659,9.9e-05,9,9,1.0,1.2222,1,9,773.0322,0,krishna.iyengar583@ybl
ACC03660,0.000425,13,11,1.0,1.0,1,11,1627.7545,0,aradhana.warrior184@ibl
ACC03661,0.000159,7,7,1.0,1.2857,1,7,4053.7814,0,agastya.ram451@okicici
ACC03662,0.00011,15,9,1.0,1.0,1,9,2960.8311,0,nilima.rastogi990@ybl
ACC03663,0.000413,9,7,1.0,1.0,1,7,1021.1014,0,mahika.sawhney865@kotak
ACC03664,0.000154,8,12,1.0,1.1538,1,13,897.1592,0,oscar.dyal60@okhdfcbank
ACC03665,0.000146,8,12,1.0,1.0833,1,12,2721.9933,0,kevin.halder565@ybl
ACC03666,0.000121,10,11,1.0,1.0909,1,11,1319.1745,0,rishi.goel185@paytm
ACC03667,9.4e-05,5,8,1.0,1.0,1,8,1447.735,0,vihaan.bath890@ibl
ACC03668,0.000156,7,12,1.0,1.0833,1,12,1848.2558,0,ojasvi.sachdev646@oksbi
ACC03669,0.000339,12,17,1.0,1.2353,1,17,1632.3276,0,indrajit.bhavsar633@okicici
ACC03670,0.000264,17,12,1.0,1.4167,1,12,3742.655,0,nitesh.rau671@okicici
ACC03671,0.000146,10,2,1.0,1.0,1,2,651.195,0,zarna.dhaliwal519@ibl
ACC03672,0.000197,9,12,1.0,1.0,1,12,1466.8325,0,kamala.issac43@kotak
ACC03673,0.000168,11,11,1.0,1.1818,1,11,699.1009,0,kabir.swaminathan975@paytm
ACC03674,0.000143,11,10,1.0,1.0,1,10,591.844,0,bachittar.sarma695@ybl
ACC03675,0.000229,11,7,1.0,1.0,1,7,671.2743,0,upasna.dey46@okaxis
ACC03676,7.8e-05,6,12,1.0,1.3333,1,12,1521.2975,0,samuel.butala80@kotak
ACC03677,0.000165,7,4,1.0,1.0,1,4,1397.17,0,chakradhar.deep524@okhdfcbank
ACC03678,0.000118,9,11,1.0,1.1818,1,11,1052.81,0,falak.sehgal334@ybl
ACC03679,0.000139,9,13,1.0,1.1538,1,13,784.0923,0,harshil.ganesan658@upi
ACC03680,0.000194,11,7,1.0,1.0,1,7,1745.5243,0,oscar.kibe26@ybl
ACC03681,0.000177,10,9,1.0,1.0,1,9,4947.2622,0,fariq.nadkarni369@ybl
ACC03682,0.000124,7,12,1.0,1.0833,1,12,3648.5933,0,dhruv.patel384@ibl
ACC03683,0.000145,12,10,1.0,1.1,1,10,1005.587,0,gopal.dhawan32@oksbi
ACC03684,0.000169,11,6,1.0,1.1667,1,6,1455.6283,0,pahal.nayar298@oksbi
ACC03685,0.000361,11,16,1.0,1.1875,1,16,618.5519,0,neelima.sridhar109@okaxis
ACC03686,0.000176,13,9,1.1,1.7,2,10,1681.485,0,bachittar.peri733@kotak
ACC03687,0.00018,9,11,1.0,1.0909,1,11,1164.3182,0,vanya.nagar353@okaxis
ACC03688,0.000267,9,6,1.0,1.0,1,6,2172.6233,0,kashvi.bhavsar597@okicici
ACC03689,0.000196,9,10,1.0,1.5,1,10,568.422,0,yuvraj.vig781@okhdfcbank
ACC03690,0.000243,8,12,1.0,1.0833,1,12,1128.5283,0,saumya.sunder579@kotak
ACC03691,9.7e-05,7,7,1.0,1.0,1,7,984.9414,0,gabriel.pant562@upi
ACC03692,0.000108,6,6,1.0,1.0,1,6,1259.37,0,divya.memon125@kotak
ACC03693,0.000238,6,9,1.0,1.3333,1,9,1336.9978,0,abha.agate484@kotak
ACC03694,0.000268,12,9,1.0,1.2222,1,9,1683.19,0,barkha.barad325@paytm
ACC03695,0.000122,7,10,1.0,1.2,1,10,1096.951,0,zayan.dyal590@paytm
ACC03696,0.000235,11,18,1.0,1.3889,1,18,1152.1367,0,alexander.datta249@ybl
ACC03697,0.000116,9,10,1.0,1.1,1,10,1665.768,0,osha.bhakta323@okhdfcbank
ACC03698,0.00026,12,10,1.0,1.3,1,10,2609.494,0,david.mann751@upi
ACC03699,0.000318,13,17,1.0,1.1176,1,17,1000.8976,0,eiravati.manne361@kotak
ACC03700,8.2e-05,4,12,1.0,1.0833,1,12,1207.2742,0,faraj.parmar937@ybl
ACC03701,0.000382,14,10,1.0,1.1,1,10,1282.727,0,onkar.chandran236@ibl
ACC03702,0.00013,5,10,1.0,1.2,1,10,1168.983,0,triya.som584@oksbi
ACC03703,0.000301,6,10,1.1,1.1,2,10,561.304,0,ethan.chander796@upi
ACC03704,8.3e-05,8,7,1.0,1.0,1,7,1457.0514,0,naveen.chaudhry142@paytm
ACC03705,6.1e-05,2,12,1.0,1.1667,1,12,1137.3883,0,warjas.prasad322@okhdfcbank
ACC03706,0.000257,8,11,1.0909,1.2727,2,11,1384.18,0,warhi.bakshi432@kotak
ACC03707,0.000115,7,11,1.0,1.0,1,11,1833.1045,0,ekiya.dhar507@okaxis
ACC03708,0.000108,8,8,1.0,1.0,1,8,794.485,0,raksha.pall465@okicici
ACC03709,0.000313,12,18,1.0,1.1111,1,18,1077.9378,0,yoshita.doctor429@paytm
ACC03710,0.00014,15,9,1.0,1.0,1,9,1115.3744,0,chaitanya.kurian953@ibl
ACC03711,0.00021,10,5,1.0,1.0,1,5,695.43,0,aarav.sarma891@okicici
ACC03712,0.000375,16,9,1.0,1.1111,1,9,1191.2811,0,robert.pal707@oksbi
ACC03713,0.000138,7,7,1.0,1.0,1,7,902.1114,0,vrishti.mitra528@kotak
ACC03714,0.000157,9,7,1.0,1.0,1,7,1865.6871,0,bhavna.baral363@oksbi
ACC03715,0.000155,9,13,1.0769,1.1538,2,13,3565.9338,0,meghana.grover571@okaxis
ACC03716,0.000126,6,13,1.0,1.0,1,13,1120.0685,0,xalak.bhalla345@ybl
ACC03717,0.000216,11,10,1.0,1.1,1,10,1187.414,0,manya.sankar632@okhdfcbank
ACC03718,0.000213,12,9,1.0,1.0,1,9,701.8011,0,kamala.verma757@ybl
ACC03719,0.000155,5,8,1.0,1.25,1,8,3243.4962,0,hemal.char646@ibl
ACC03720,9.5e-05,8,8,1.0,1.0,1,8,1421.28,0,wridesh.magar776@ibl
ACC03721,0.000116,7,5,1.0,1.0,1,5,917.356,0,yoshita.bhattacharyya188@kotak
ACC03722,0.000336,11,9,1.0,1.0,1,9,1749.5478,0,amruta.narula918@okicici
ACC03723,0.00035,14,13,1.0,1.0769,1,13,720.1331,0,nikita.bala379@ibl
ACC03724,0.000155,11,13,1.0,1.0769,1,13,996.7877,0,gayathri.konda450@oksbi
ACC03725,0.0003,12,14,1.0,1.2,1,15,796.8487,0,aadhya.ratti603@paytm
ACC03726,0.000102,12,12,1.0833,1.1667,2,12,1069.4142,0,hemang.gill305@ibl
ACC03727,0.000148,9,12,1.0,1.1667,1,12,2105.03,0,qushi.sarma578@kotak
ACC03728,0.000237,6,13,1.0769,1.1538,2,13,1107.7446,0,suhani.swamy521@upi
ACC03729,0.000179,8,8,1.0,1.0,1,8,4887.255,0,oscar.comar394@ybl
ACC03730,0.00017,6,15,1.0667,1.2667,2,15,1595.47,0,liam.prakash43@okaxis
ACC03731,0.000163,6,14,1.0,1.0714,1,14,724.3486,0,chasmum.prabhakar285@ybl
ACC03732,8.7e-05,8,9,1.0,1.0,1,9,1166.7422,0,suhani.kapur292@oksbi
ACC03733,0.000221,6,5,1.0,1.0,1,5,465.286,0,siya.manda281@ibl
ACC03734,0.000161,8,10,1.0,1.3,1,10,1153.033,0,ishani.doshi907@oksbi
ACC03735,0.000219,8,11,1.0,1.0909,1,11,766.7309,0,lohit.kannan621@okhdfcbank
ACC03736,0.000121,6,13,1.0769,1.3846,2,13,2306.6969,0,ojas.grewal286@oksbi
ACC03737,0.000144,8,9,1.0,1.0,1,9,1336.5122,0,chaman.doshi566@kotak
ACC03738,9.2e-05,5,10,1.0,1.0,1,10,940.896,0,aarav.trivedi613@okicici
ACC03739,9.9e-05,6,17,1.0,1.0,1,17,674.7088,0,fariq.swamy819@okaxis
ACC03740,8e-05,4,8,1.0,1.0,1,8,760.1638,0,qarin.gupta853@okicici
ACC03741,0.000233,7,8,1.0,1.0,1,8,493.5075,0,dominic.bhatt289@upi
ACC03742,0.0005,10,9,1.0,1.3333,1,9,1238.6556,0,geetika.shroff130@ibl
ACC03743,0.000234,15,12,1.0,1.5833,1,12,782.9183,0,christopher.prashad734@okhdfcbank
ACC03744,0.000248,7,10,1.0,1.3,1,10,2435.362,0,ojas.saha506@paytm
ACC03745,7.3e-05,5,12,1.0,1.0833,1,12,1501.935,0,rushil.dhawan141@paytm
ACC03746,6.5e-05,7,6,1.0,1.0,1,6,533.4817,0,aashi.arya823@okhdfcbank
ACC03747,0.00023,10,14,1.0,1.2143,1,14,961.2,0,ladli.bora77@ybl
ACC03748,6e-05,4,11,1.0,1.1818,1,11,657.9773,0,ikbal.issac344@paytm
ACC03749,0.000135,10,5,1.0,1.0,1,5,1167.142,0,noah.chhabra754@kotak
ACC03750,0.000167,7,7,1.0,1.1429,1,7,3360.9786,0,bhavya.bir705@ybl
ACC03751,5.8e-05,6,13,1.0,1.1538,1,13,1295.9723,0,tara.chanda103@kotak
ACC03752,0.000102,8,11,1.0,1.5455,1,11,3193.1009,0,mason.wason862@kotak
ACC03753,0.000136,6,10,1.0,1.0,1,10,1283.365,0,nathan.deo643@okicici
ACC03754,0.000134,11,12,1.0,1.0833,1,12,2033.1075,0,arjun.chaudry601@upi
ACC03755,0.000289,12,7,1.0,1.1429,1,7,2440.2957,0,girindra.sangha201@paytm
ACC03756,0.000232,10,7,1.0,1.0,1,7,1260.4071,0,gautami.sarin497@oksbi
ACC03757,0.00021,4,10,1.1,1.2,2,10,1184.435,0,matthew.vala135@okaxis
ACC03758,8.2e-05,7,12,1.0,1.25,1,12,711.8483,0,varsha.sarraf878@okaxis
ACC03759,0.000114,8,7,1.0,1.0,1,7,1950.4214,0,teerth.chaudhary69@ibl
ACC03760,0.000128,10,9,1.0,1.1111,1,9,1263.2133,0,kabir.grover214@oksbi
ACC03761,0.000183,13,8,1.0,1.0,1,8,928.8762,0,anamika.talwar705@paytm
ACC03762,9.6e-05,6,5,1.0,1.0,1,5,1005.84,0,pranav.ganguly647@okaxis
ACC03763,0.000175,9,7,1.0,1.1429,1,7,1528.7457,0,ekalinga.singhal544@oksbi
ACC03764,9.8e-05,7,6,1.0,1.0,1,6,701.1933,0,zinal.raja238@paytm
ACC03765,0.000181,7,11,1.0,1.2727,1,11,1649.8518,0,yashodhara.kalita816@upi
ACC03766,9.2e-05,4,8,1.0,1.0,1,8,401.8162,0,hitesh.kale557@ibl
ACC03767,6.7e-05,5,6,1.0,1.0,1,6,2518.5183,0,noah.sura225@okhdfcbank
ACC03768,7.2e-05,6,10,1.0,1.6,1,10,1547.495,0,omaja.goyal993@ibl
ACC03769,0.000317,11,15,1.0,1.1333,1,15,1069.8527,0,david.mital679@upi
ACC03770,0.000119,10,9,1.0,1.1111,1,9,498.3811,0,inaya.badami476@ybl
ACC03771,0.000209,8,4,1.0,1.0,1,4,1800.3825,0,charvi.kumar714@upi
ACC03772,0.000133,8,9,1.0,1.4444,1,9,1441.5511,0,omya.prabhakar904@ibl
ACC03773,5.3e-05,6,5,1.0,1.0,1,5,582.452,0,deepa.setty422@okaxis
ACC03774,0.000238,12,6,1.0,1.0,1,6,634.635,0,lakshmi.garg275@kotak
ACC03775,0.000195,8,8,1.0,1.0,1,8,2675.9613,0,amara.goswami802@upi
ACC03776,0.000329,12,16,1.0,1.1875,1,16,563.2506,0,netra.tata791@ybl
ACC03777,0.00032,10,11,1.0,1.0909,1,11,1376.1291,0,leela.bali326@upi
ACC03778,8.9e-05,9,11,1.0,1.1818,1,11,775.36,0,harita.basu453@upi
ACC03779,0.000104,4,9,1.0,1.1111,1,9,548.54,0,hredhaan.raval935@okicici
ACC03780,0.000198,11,6,1.0,1.0,1,6,573.5667,0,krisha.mannan746@okaxis
ACC03781,0.000119,8,10,1.1,1.1,2,10,556.284,0,yash.nanda839@okicici
ACC03782,9.9e-05,6,5,1.0,1.0,1,5,1551.5,0,ikshita.kuruvilla420@okaxis
ACC03783,0.000276,9,8,1.0,1.25,1,8,883.8062,0,pahal.sarkar171@kotak
ACC03784,0.000154,5,8,1.0,1.0,1,8,815.0712,0,orinder.chaudry641@okhdfcbank
ACC03785,0.000153,14,16,1.0625,1.25,2,16,1387.7362,0,hredhaan.tella338@oksbi
ACC03786,0.000211,7,14,1.0,1.1429,1,14,1005.5007,0,zansi.barman21@okicici
ACC03787,0.000173,8,8,1.0,1.0,1,8,1957.7912,0,manan.datta800@ybl
ACC03788,0.000287,13,7,1.0,1.1429,1,7,1090.9386,0,megha.shankar785@kotak
ACC03789,0.000145,6,10,1.0,1.1,1,10,1486.163,0,watika.basak51@kotak
ACC03790,0.000254,10,8,1.0,1.125,1,8,2118.2788,0,kritika.dhar549@okaxis
ACC03791,7.2e-05,2,12,1.0,1.0,1,12,1079.3683,0,champak.uppal549@upi
ACC03792,0.000188,10,13,1.0,1.0,1,13,1097.2754,0,tripti.srinivasan821@oksbi
ACC03793,0.000194,10,7,1.0,1.1429,1,7,2267.6086,0,jasmit.dada424@okaxis
ACC03794,4.1e-05,5,8,1.0,1.0,1,8,1135.395,0,dalbir.dutt255@okicici
ACC03795,0.000325,18,8,1.0,1.0,1,8,700.8712,0,xiti.rau21@kotak
ACC03796,5.9e-05,5,9,1.0,1.1111,1,9,903.4144,0,gavin.shankar408@ibl
ACC03797,0.000203,8,6,1.0,1.0,1,6,612.6017,0,harshil.chahal290@paytm
ACC03798,0.000138,8,4,1.0,1.0,1,4,1010.3125,0,amruta.patel647@okaxis
ACC03799,7.7e-05,4,12,1.0,1.0833,1,12,2403.115,0,shravya.korpal768@okhdfcbank
ACC03800,5.4e-05,4,16,1.125,1.375,2,16,1236.965,0,manthan.venkataraman411@oksbi
ACC03801,0.000242,10,11,1.0,1.0909,1,11,1254.3445,0,fiyaz.parmar87@okhdfcbank
ACC03802,0.000282,10,13,1.0,1.0,1,13,1541.9023,0,niharika.divan740@upi
ACC03803,0.000306,7,10,1.0,1.0,1,10,4087.91,0,yauvani.amble761@kotak
ACC03804,0.000186,7,11,1.0,1.0,1,11,729.0218,0,daniel.sehgal98@upi
ACC03805,0.000143,10,8,1.0,1.375,1,8,1743.0438,0,peter.ravel621@paytm
ACC03806,9e-05,8,12,1.0,1.0833,1,12,2381.9725,0,amol.shukla525@okicici
ACC03807,0.000175,7,8,1.0,1.25,1,8,1084.1125,0,ekavir.tak470@okaxis
ACC03808,9.4e-05,6,10,1.0,1.0,1,10,1140.546,0,triveni.sant993@ibl
ACC03809,0.000147,8,7,1.0,1.0,1,7,1457.6629,0,anvi.venkataraman440@okhdfcbank
ACC03810,0.000191,9,9,1.0,1.3333,1,9,1098.9767,0,wridesh.datta575@paytm
ACC03811,0.000224,10,13,1.0,1.0769,1,13,1347.5131,0,dev.brar930@kotak
ACC03812,0.000269,11,7,1.0,1.1429,1,7,1967.6086,0,ekaja.nazareth392@okicici
ACC03813,0.00011,8,10,1.0,1.0,1,10,1262.513,0,parth.dada404@ybl
ACC03814,0.000303,9,5,1.0,1.0,1,5,1533.684,0,pooja.pandit111@ibl
ACC03815,0.000299,11,12,1.0,1.1667,1,12,2156.6775,0,yashvi.warrior999@okicici
ACC03816,0.0002,8,8,1.0,1.0,1,8,1499.17,0,ayushman.reddy238@ibl
ACC03817,0.000146,7,6,1.0,1.0,1,6,938.8,0,jonathan.sharaf577@okhdfcbank
ACC03818,0.000198,10,8,1.0,1.125,1,8,1198.4113,0,garima.char148@okhdfcbank
ACC03819,0.000207,5,6,1.0,1.0,1,6,869.57,0,indali.varma174@okaxis
ACC03820,0.00039,6,10,1.0,1.1,1,10,1049.248,0,banjeet.mitter256@okhdfcbank
ACC03821,6.1e-05,3,9,1.0,1.1111,1,9,958.6967,0,wishi.bhatnagar632@ibl
ACC03822,9.9e-05,6,8,1.0,1.125,1,8,1068.8038,0,jagat.vaidya860@okaxis
ACC03823,7.6e-05,5,11,1.0,1.0909,1,11,1036.4082,0,simon.pradhan506@paytm
ACC03824,0.000191,7,9,1.0,1.0,1,9,1376.5833,0,upadhriti.chatterjee759@ybl
ACC03825,0.000181,13,8,1.125,1.125,2,8,530.1838,0,riya.sengupta330@upi
ACC03826,0.000496,12,9,1.0,1.1111,1,9,854.1356,0,isha.vala707@okaxis
ACC03827,6.4e-05,7,8,1.0,1.0,1,8,708.0812,0,saanvi.parmer501@kotak
ACC03828,0.000294,6,15,1.0,1.0667,1,15,1734.6973,0,pratyush.grewal983@okaxis
ACC03829,0.000213,10,11,1.0,1.0909,1,11,1979.4973,0,arya.sane726@ibl
ACC03830,0.000161,11,14,1.0,1.0,1,14,1253.6521,0,samesh.mandal880@okhdfcbank
ACC03831,5.5e-05,5,8,1.0,1.125,1,8,1718.5,0,elijah.sabharwal717@okhdfcbank
ACC03832,0.000138,7,13,1.0,1.0769,1,13,1810.9085,0,xiti.ramachandran776@okicici
ACC03833,0.000292,14,9,1.0,1.0,1,9,886.1256,0,vedhika.joshi767@okhdfcbank
ACC03834,9.4e-05,8,20,1.0,1.2,1,20,1603.8265,0,urishilla.raman449@okhdfcbank
ACC03835,0.000256,12,6,1.0,1.0,1,6,939.71,0,deepa.dugar508@oksbi
ACC03836,0.000205,8,11,1.0,1.1818,1,11,999.0118,0,brinda.kumer144@kotak
ACC03837,0.000131,7,9,1.0,1.2222,1,9,1086.0422,0,unnati.balasubramanian10@paytm
ACC03838,0.000244,10,6,1.0,1.0,1,6,872.9333,0,ikshita.srinivasan302@paytm
ACC03839,0.000206,10,10,1.0,1.1,1,10,1137.197,0,mohammed.dalal630@ybl
ACC03840,9.2e-05,6,15,1.0,1.0667,1,15,961.6147,0,ronith.bains170@oksbi
ACC03841,0.000151,10,6,1.0,1.0,1,6,1047.865,0,neel.nair702@okaxis
ACC03842,0.000454,10,12,1.0,1.1667,1,12,2271.645,0,gaurav.maharaj381@kotak
ACC03843,0.000326,12,12,1.0,1.0833,1,12,1068.4483,0,daniel.patil484@ibl
ACC03844,0.000218,8,11,1.0,1.0909,1,11,1098.2582,0,triveni.saraf950@oksbi
ACC03845,0.000581,16,10,1.0,1.2,1,10,499.626,0,sathvik.sarna733@ibl
ACC03846,0.000257,5,9,1.0,1.0,1,9,2316.0822,0,liam.varughese427@oksbi
ACC03847,0.00016,10,13,1.0769,1.0769,2,13,903.7092,0,nitesh.shetty69@okicici
ACC03848,9.9e-05,6,10,1.0,1.0,1,11,1168.0745,0,aishani.atwal193@okaxis
ACC03849,0.000245,8,12,1.0,1.1667,1,12,948.9942,0,januja.borra470@ybl
ACC03850,0.000361,13,10,1.0,1.2,1,10,827.806,0,charan.bakshi640@ibl
ACC03851,0.000222,9,17,1.0,1.1765,1,17,1213.93,0,nilima.bedi69@ybl
ACC03852,0.000131,7,9,1.0,1.0,1,9,750.4122,0,sudiksha.srivastava354@okicici
ACC03853,0.000112,5,16,1.0,1.0,1,16,1115.6088,0,veer.dugar292@upi
ACC03854,8.4e-05,7,8,1.0,1.375,1,8,969.565,0,ekaraj.rama314@ybl
ACC03855,0.000197,14,6,1.0,1.0,1,6,1630.59,0,hritik.pall413@paytm
ACC03856,0.000204,10,9,1.1111,1.2222,2,9,2263.0967,0,zansi.balasubramanian657@okaxis
ACC03857,6.2e-05,7,7,1.0,1.0,1,7,980.3514,0,triya.wadhwa157@okhdfcbank
ACC03858,0.000192,7,11,1.0,1.0,1,11,851.7136,0,michael.pandya183@paytm
ACC03859,0.000202,11,10,1.0,1.2,1,10,2184.735,0,tanmayi.buch130@kotak
ACC03860,9.9e-05,6,8,1.0,1.125,1,8,653.9875,0,quincy.wali785@upi
ACC03861,0.000154,8,7,1.0,1.0,1,7,1445.9814,0,nidra.gala791@paytm
ACC03862,8e-05,6,8,1.0,1.125,1,8,1604.7275,0,vincent.natt932@ibl
ACC03863,0.000146,9,12,1.0,1.0,1,12,1948.3042,0,idika.nagar3@okaxis
ACC03864,0.000127,8,10,1.0,1.1,1,10,646.341,0,manthan.wali952@oksbi
ACC03865,0.000104,6,12,1.0,1.0,1,12,1945.3233,0,dipta.mand487@okicici
ACC03866,0.000177,6,12,1.0,1.1667,1,12,1870.1917,0,nitara.virk918@okicici
ACC03867,0.000249,10,9,1.0,1.0,1,9,1229.0589,0,warjas.datta827@ibl
ACC03868,0.000186,8,11,1.0,1.0,1,11,1290.8455,0,diya.kohli484@ybl
ACC03869,0.000286,9,10,1.0,1.0,1,10,652.051,0,sara.pau779@okhdfcbank
ACC03870,0.000137,9,10,1.0,1.0,1,10,1210.348,0,hamsini.badal403@upi
ACC03871,0.000188,8,8,1.0,1.125,1,8,2191.7988,0,bhavini.dey486@ybl
ACC03872,0.000173,9,7,1.0,1.1429,1,7,437.7329,0,chaaya.divan535@ybl
ACC03873,0.000312,10,12,1.0,1.1667,1,12,1114.7642,0,dipta.mishra905@okaxis
ACC03874,0.000229,13,13,1.0,1.0769,1,13,2307.2069,0,joshua.devi854@paytm
ACC03875,0.000203,8,19,1.0,1.2105,1,19,908.1921,0,amruta.atwal448@kotak
ACC03876,0.000106,7,13,1.0,1.2308,1,13,1038.5638,0,harinakshi.rege712@paytm
ACC03877,9.6e-05,5,9,1.0,1.1111,1,9,1491.2211,0,triveni.wable922@upi
ACC03878,0.000362,11,9,1.0,1.2222,1,9,687.2233,0,anirudh.dugal26@ybl
ACC03879,0.000135,10,9,1.1111,1.3333,2,9,807.4233,0,vrinda.lall687@ybl
ACC03880,0.000168,5,14,1.0,1.0714,1,14,1413.2421,0,osha.jani632@kotak
ACC03881,0.000265,9,11,1.0,1.0909,1,11,992.3527,0,zashil.swaminathan384@oksbi
ACC03882,0.000139,9,5,1.0,1.2,1,5,1564.344,0,girish.arora453@ybl
ACC03883,0.000147,7,6,1.0,1.0,1,6,1189.8367,0,dalaja.ahuja6@paytm
ACC03884,0.000205,9,13,1.0,1.0769,1,13,807.7408,0,kalpit.chandran933@ybl
ACC03885,0.000182,5,8,1.0,1.125,1,8,1841.6975,0,xalak.keer944@okicici
ACC03886,0.000167,10,10,1.0,1.0,1,10,1132.844,0,harrison.keer35@paytm
ACC03887,9.2e-05,8,15,1.0,1.1333,1,15,1633.6253,0,gagan.menon45@paytm
ACC03888,0.000275,15,13,1.0,1.1538,1,13,2832.29,0,yachana.borra59@okicici
ACC03889,0.000167,10,13,1.0,1.2308,1,13,933.5638,0,onveer.varma648@ibl
ACC03890,4.8e-05,1,13,1.0,1.0769,1,13,611.3285,0,siya.koshy485@kotak
ACC03891,0.000244,10,4,1.0,1.0,1,4,1049.9225,0,ryan.bajaj379@okicici
ACC03892,0.000183,8,11,1.0,1.0,1,11,3541.7573,0,brinda.pandya157@oksbi
ACC03893,0.000157,7,6,1.0,1.0,1,6,1824.1533,0,ekaraj.rajagopalan430@okhdfcbank
ACC03894,0.000237,6,9,1.0,1.0,1,9,1748.6522,0,ethan.hari653@okicici
ACC03895,0.000267,6,8,1.125,1.125,2,8,279.2988,0,veda.gokhale879@kotak
ACC03896,0.000146,8,13,1.0,1.1538,1,13,1145.2362,0,vedhika.nagi199@okicici
ACC03897,0.000277,9,15,1.0,1.1333,1,15,909.986,0,ethan.rattan689@ybl
ACC03898,0.000156,9,10,1.0,1.1,1,10,1402.019,0,daniel.barman740@ybl
ACC03899,0.000181,8,14,1.0,1.2143,1,14,1570.4086,0,yatan.dugar964@upi
ACC03900,0.000225,13,6,1.0,1.0,1,6,1642.7017,0,parth.butala684@okicici
ACC03901,0.000164,10,8,1.0,1.125,1,8,1845.3988,0,udyati.panchal845@kotak
ACC03902,0.000116,11,9,1.0,1.1111,1,9,1358.8411,0,garima.mukherjee274@okhdfcbank
ACC03903,0.000484,14,9,1.0,1.0,1,9,1092.0078,0,rachit.devi46@paytm
ACC03904,0.000107,6,6,1.0,1.0,1,6,1509.5817,0,tarak.keer706@kotak
ACC03905,0.00015,7,15,1.0,1.1333,1,15,936.094,0,wakeeta.divan651@okicici
ACC03906,0.000101,5,9,1.0,1.1111,1,9,1324.8622,0,girindra.kakar575@ybl
ACC03907,0.000154,7,16,1.0,1.125,1,16,1065.14,0,meghana.ramakrishnan478@okhdfcbank
ACC03908,0.00025,12,12,1.0,1.1667,1,12,1298.5475,0,logan.tiwari91@okhdfcbank
ACC03909,0.000171,10,10,1.0,1.0,1,10,1109.457,0,siya.chaudhary748@okhdfcbank
ACC03910,0.000158,9,5,1.0,1.0,1,5,2382.514,0,farhan.ahluwalia606@okicici
ACC03911,0.000142,9,9,1.0,1.0,1,9,1020.9633,0,gaurangi.sawhney11@okaxis
ACC03912,0.000201,8,8,1.0,1.25,1,8,786.7675,0,damyanti.yadav84@okaxis
ACC03913,0.000233,12,8,1.0,1.0,1,8,479.8788,0,sudiksha.narain698@okaxis
ACC03914,5.6e-05,6,6,1.0,1.1667,1,6,937.865,0,gabriel.chokshi55@upi
ACC03915,0.000119,9,10,1.0,1.0,1,10,504.45,0,zilmil.ahuja286@oksbi
ACC03916,0.0001,9,14,1.0,1.0714,1,14,2904.3764,0,dev.sethi424@okaxis
ACC03917,0.000167,5,11,1.0,1.0,1,11,2229.5818,0,zilmil.ahuja905@okaxis
ACC03918,9.3e-05,7,10,1.0,1.0,1,10,1523.803,0,eta.vala266@ibl
ACC03919,0.000232,12,6,1.0,1.0,1,6,1408.9583,0,charan.sane502@ybl
ACC03920,9.9e-05,7,15,1.0,1.2667,1,15,728.44,0,tamanna.jani358@kotak
ACC03921,0.000149,10,4,1.0,1.0,1,4,741.0175,0,ranveer.roy647@oksbi
ACC03922,7.4e-05,3,11,1.0,1.0909,1,11,768.35,0,chanakya.babu600@upi
ACC03923,0.000149,8,11,1.0,1.0909,1,11,1048.9236,0,lekha.natarajan583@okaxis
ACC03924,0.000328,17,14,1.0,1.1429,1,14,1021.0429,0,ekanta.kuruvilla662@paytm
ACC03925,0.000266,17,10,1.0,1.1,1,10,1404.312,0,wakeeta.sathe717@kotak
ACC03926,0.000159,10,11,1.0,1.0909,1,11,1654.7036,0,simon.kakar761@paytm
ACC03927,0.000185,12,12,1.0,1.0833,1,12,1407.5025,0,chanchal.oak792@okaxis
ACC03928,6.9e-05,4,7,1.0,1.0,1,7,1367.0843,0,ikbal.kara479@paytm
ACC03929,0.00042,14,6,1.0,1.0,1,6,1076.5933,0,dakshesh.tripathi530@oksbi
ACC03930,0.000176,9,3,1.0,1.0,1,3,1185.2933,0,widisha.mane479@ybl
ACC03931,0.000237,10,11,1.0909,1.0909,2,11,666.2527,0,sneha.babu387@okicici
ACC03932,0.000165,9,16,1.0,1.0625,1,16,607.5038,0,pranav.hans108@ybl
ACC03933,0.000222,10,14,1.0,1.1429,1,14,2748.1314,0,daksh.sodhi432@ibl
ACC03934,0.000216,9,9,1.0,1.0,1,9,1756.9733,0,nachiket.yogi664@okhdfcbank
ACC03935,8.8e-05,5,16,1.0,1.25,1,16,5126.7325,0,arin.sridhar314@oksbi
ACC03936,0.000244,10,4,1.0,1.0,1,4,2688.9775,0,eta.rastogi191@okicici
ACC03937,0.000135,11,11,1.0,1.0909,1,11,3051.1645,0,aarav.krishna632@ibl
ACC03938,0.000138,12,13,1.0769,1.2308,2,13,2389.7392,0,ishaan.sunder712@upi
ACC03939,6.6e-05,6,14,1.0,1.2143,1,14,1231.6329,0,simon.dugal855@okaxis
ACC03940,0.000242,11,12,1.0,1.0833,1,12,1149.0483,0,jeet.kumer383@ybl
ACC03941,0.000193,6,13,1.0,1.1538,1,13,1306.6769,0,gavin.deshmukh411@paytm
ACC03942,0.00013,6,11,1.0,1.0909,1,11,658.7573,0,barkha.suri782@kotak
ACC03943,0.000173,11,10,1.1,1.3,2,10,959.523,0,chakradhar.natarajan437@paytm
ACC03944,0.000131,7,11,1.0,1.0,1,11,1398.7145,0,rushil.oza608@okicici
ACC03945,0.000132,10,10,1.0,1.3,1,10,1778.086,0,tanmayi.devan171@paytm
ACC03946,0.000267,7,7,1.0,1.1429,1,7,1134.0386,0,oni.sharma966@kotak
ACC03947,0.000175,6,13,1.0,1.0769,1,13,1201.2246,0,devika.varghese770@oksbi
ACC03948,7.2e-05,4,5,1.0,1.0,1,5,1408.896,0,sneha.buch342@okicici
ACC03949,0.000138,11,7,1.0,1.1429,1,7,1075.2229,0,tripti.thakkar812@oksbi
ACC03950,0.00021,11,18,1.0,1.0556,1,18,608.8033,0,aarnav.chokshi406@oksbi
ACC03951,0.00011,6,8,1.0,1.0,1,8,1512.0975,0,aadhya.kala675@oksbi
ACC03952,0.000155,10,9,1.0,1.1111,1,9,722.9667,0,abhimanyu.sachdev309@paytm
ACC03953,0.000106,9,4,1.0,1.0,1,4,2706.9775,0,gaurangi.bhattacharyya242@okaxis
ACC03954,0.000148,10,9,1.0,1.0,1,9,987.9467,0,triveni.rattan742@okaxis
ACC03955,0.00031,13,15,1.0,1.2,1,15,1241.7613,0,theodore.dayal569@ybl
ACC03956,0.000311,9,8,1.0,1.125,1,8,5787.995,0,ojasvi.barad164@ybl
ACC03957,0.000104,10,8,1.0,1.25,1,8,2531.1125,0,finn.lala564@upi
ACC03958,0.000159,11,6,1.0,1.0,1,6,747.8433,0,wriddhish.babu685@upi
ACC03959,0.000206,12,5,1.0,1.2,1,5,506.44,0,edhitha.chowdhury249@okhdfcbank
ACC03960,0.00018,8,10,1.0,1.1,1,10,1475.412,0,jairaj.muni326@oksbi
ACC03961,0.000234,8,8,1.0,1.125,1,8,4739.6825,0,bakhshi.samra335@paytm
ACC03962,0.000153,6,10,1.0,1.0,1,10,888.39,0,falguni.goyal404@kotak
ACC03963,9.3e-05,7,5,1.0,1.0,1,5,905.312,0,divya.rao501@okicici
ACC03964,0.000372,18,10,1.0,1.0,1,10,326.007,0,pahal.kohli183@okaxis
ACC03965,0.000347,10,5,1.0,1.0,1,5,1360.314,0,victor.suresh349@kotak
ACC03966,0.000285,9,7,1.0,1.0,1,7,980.0,0,faris.sastry614@upi
ACC03967,8.1e-05,9,6,1.0,1.1667,1,6,491.6267,0,hredhaan.mandal236@oksbi
ACC03968,0.000192,11,5,1.0,1.2,1,5,699.558,0,pranit.date46@okaxis
ACC03969,0.000235,11,10,1.0,1.1,1,10,940.648,0,advay.mukherjee96@ybl
ACC03970,0.000178,9,13,1.0,1.1538,1,13,2069.2477,0,tristan.sachdeva185@upi
ACC03971,0.000237,11,4,1.0,1.0,1,4,317.0225,0,anika.dhingra319@upi
ACC03972,8.1e-05,6,15,1.0,1.1333,1,15,1029.2853,0,rajeshri.bandi268@upi
ACC03973,0.000184,9,10,1.0,1.1,1,10,1021.26,0,hemang.om408@kotak
ACC03974,0.000171,7,8,1.0,1.0,1,8,824.9888,0,nilima.naidu826@okhdfcbank
ACC03975,9.6e-05,7,9,1.0,1.0,1,9,1411.2644,0,vasatika.bobal751@okhdfcbank
ACC03976,9.7e-05,9,8,1.0,1.0,1,8,1388.76,0,hredhaan.baral827@okicici
ACC03977,9.1e-05,10,14,1.0,1.0,1,14,965.4479,0,ganga.wable132@kotak
ACC03978,8.3e-05,10,8,1.0,1.0,1,8,687.5112,0,vamakshi.bawa466@okicici
ACC03979,0.000394,9,8,1.0,1.125,1,8,1581.0538,0,leela.doctor983@upi
ACC03980,0.000289,8,8,1.0,1.25,1,8,531.835,0,gavin.sangha56@paytm
ACC03981,0.00032,13,10,1.0,1.1,1,10,1571.843,0,omisha.pall760@okhdfcbank
ACC03982,0.000172,10,10,1.0,1.0,1,10,2637.462,0,anya.kulkarni822@ibl
ACC03983,0.000201,9,7,1.0,1.0,1,7,1434.3514,0,pahal.raju800@ibl
ACC03984,0.000191,9,7,1.0,1.0,1,7,3416.7057,0,rudra.nori548@ybl
ACC03985,0.000111,7,8,1.0,1.125,1,8,1336.585,0,rayaan.sant184@upi
ACC03986,9.9e-05,5,4,1.0,1.0,1,4,1284.375,0,dominic.jha393@okhdfcbank
ACC03987,0.000133,9,9,1.0,1.2222,1,9,1916.3344,0,indira.dugar346@paytm
ACC03988,0.000101,7,11,1.0,1.0,1,11,375.5618,0,jai.nagy833@ibl
ACC03989,0.000333,15,13,1.0,1.0769,1,13,2619.4662,0,vasatika.boase476@paytm
ACC03990,0.000144,8,14,1.0,1.0,1,14,794.0979,0,ryan.gade889@ibl
ACC03991,0.000185,14,8,1.0,1.125,1,8,896.6762,0,brijesh.konda52@ybl
ACC03992,7.1e-05,7,6,1.0,1.1667,1,6,1130.7433,0,yashasvi.bhatia346@paytm
ACC03993,0.000277,11,9,1.0,1.2222,1,9,1516.4378,0,hritik.nagi274@oksbi
ACC03994,0.000232,15,11,1.0,1.0909,1,11,1168.5309,0,ekbal.singh428@okicici
ACC03995,0.000243,10,10,1.0,1.2,1,10,616.372,0,manan.luthra305@okicici
ACC03996,0.00034,9,10,1.0,1.1,1,10,575.878,0,reva.sem366@okicici
ACC03997,0.000285,13,13,1.0,1.0,1,13,2050.7954,0,laban.mittal406@okaxis
ACC03998,0.000176,9,4,1.0,1.0,1,4,974.43,0,dev.sane548@okhdfcbank
ACC03999,0.000194,6,14,1.0,1.1429,1,14,1258.3957,0,mitali.mohanty149@ibl
ACC04000,0.00011,11,14,1.0,1.1429,1,14,1554.3036,0,frado.gour354@ibl
ACC04001,0.000419,14,9,1.0,1.0,1,9,1123.5911,0,veer.bali941@kotak
ACC04002,0.0001,6,15,1.0,1.0667,1,15,2055.482,0,champak.das42@okhdfcbank
ACC04003,7.9e-05,1,16,1.0,1.0,1,16,2289.3569,0,krisha.warrior40@oksbi
ACC04004,0.000173,9,8,1.0,1.125,1,8,8823.8462,0,gabriel.ganesan654@okhdfcbank
ACC04005,0.000175,7,10,1.0,1.3,1,10,1628.507,0,mason.kala743@okhdfcbank
ACC04006,5.8e-05,6,14,1.0,1.1429,1,14,1558.3157,0,thomas.pall768@paytm
ACC04007,0.000174,6,11,1.0,1.1818,1,11,3480.7773,0,ekiya.khosla23@oksbi
ACC04008,0.000387,10,9,1.0,1.1111,1,9,1152.9944,0,indrajit.balakrishnan669@okhdfcbank
ACC04009,0.000158,9,11,1.0,1.0909,1,11,1652.6091,0,zaid.mane813@okaxis
ACC04010,0.000153,8,8,1.0,1.0,1,8,503.8125,0,chandresh.balay311@kotak
ACC04011,0.000172,15,9,1.0,1.0,1,9,1451.2133,0,advay.soman813@okaxis
ACC04012,0.000149,9,15,1.0,1.0667,1,15,854.1273,0,sathvik.shroff588@ibl
ACC04013,0.000124,9,8,1.0,1.25,1,8,726.1025,0,raghav.bhakta958@upi
ACC04014,0.000318,16,9,1.0,1.1111,1,9,1704.2967,0,jagat.krish706@oksbi
ACC04015,0.000142,6,8,1.0,1.1111,1,9,931.1378,0,brijesh.gill688@okicici
ACC04016,0.000125,6,7,1.0,1.0,1,7,3405.4529,0,gautami.kumar932@oksbi
ACC04017,0.000149,9,8,1.0,1.0,1,8,517.9362,0,anthony.rajan6@upi
ACC04018,0.000242,12,11,1.0,1.0,1,11,1517.8764,0,bishakha.hegde801@upi
ACC04019,0.000232,12,12,1.0,1.3333,1,12,2049.9017,0,ekani.ganguly274@ibl
ACC04020,0.000198,13,9,1.0,1.1111,1,9,1985.4567,0,zehaan.sharma651@ybl
ACC04021,0.000131,11,12,1.0,1.1667,1,12,2696.1892,0,manthan.das231@okicici
ACC04022,0.0003,8,12,1.0,1.0833,1,12,1275.6667,0,qarin.bakshi66@paytm
ACC04023,0.000127,5,17,1.0588,1.0588,2,17,1310.9829,0,jeremiah.krish472@upi
ACC04024,0.000131,6,16,1.0,1.1875,1,16,2523.4644,0,guneet.jayaraman555@upi
ACC04025,0.00015,6,15,1.0,1.1333,1,15,2282.2487,0,pooja.manda13@ybl
ACC04026,0.00014,7,9,1.0,1.0,1,9,627.0422,0,andrew.master355@ibl
ACC04027,0.000108,5,11,1.0,1.0,1,11,607.03,0,onveer.thaman875@ibl
ACC04028,0.000144,9,6,1.0,1.1667,1,6,564.7933,0,madhavi.thaker715@oksbi
ACC04029,6.4e-05,4,13,1.0769,1.1538,2,13,1052.7169,0,saumya.zachariah413@okicici
ACC04030,0.000137,9,11,1.0,1.0909,1,11,1115.03,0,wriddhish.pant647@ibl
ACC04031,0.000122,8,12,1.0,1.0833,1,12,962.7817,0,advay.sinha86@okaxis
ACC04032,0.000223,11,15,1.0,1.0667,1,15,1507.4967,0,jackson.dhaliwal312@paytm
ACC04033,0.00018,10,7,1.0,1.0,1,7,1376.6843,0,ekanta.chaudhry691@ibl
ACC04034,8.2e-05,8,8,1.0,1.25,1,8,1436.065,0,george.rai640@oksbi
ACC04035,0.000114,10,8,1.0,1.375,1,8,781.0062,0,yatan.uppal579@upi
ACC04036,0.000175,9,8,1.0,1.0,1,8,1095.6938,0,sanya.brahmbhatt24@paytm
ACC04037,0.000144,9,9,1.0,1.2222,1,9,1206.8389,0,yamini.sood503@okaxis
ACC04038,0.000196,11,16,1.0,1.125,1,16,996.3194,0,varenya.lalla135@upi
ACC04039,0.000191,7,6,1.0,1.0,1,6,1011.895,0,abhiram.narasimhan127@okhdfcbank
ACC04040,0.000301,12,14,1.0714,1.0714,2,14,1055.5357,0,shaurya.dube217@okhdfcbank
ACC04041,0.000196,11,17,1.0,1.1176,1,17,3231.4118,0,dhriti.sehgal183@oksbi
ACC04042,0.000252,8,9,1.0,1.0,1,9,506.4767,0,rayaan.zachariah419@ybl
ACC04043,0.000154,4,5,1.0,1.2,1,5,1276.44,0,ekani.gulati923@paytm
ACC04044,0.000154,10,8,1.0,1.125,1,8,1500.5788,0,hamsini.nori372@okhdfcbank
ACC04045,0.000215,11,10,1.0,1.0,1,10,1889.186,0,elijah.kala549@kotak
ACC04046,0.000389,12,12,1.0,1.0769,1,13,721.1762,0,jagrati.tandon880@upi
ACC04047,0.000135,10,13,1.0,1.1538,1,13,1225.1408,0,oni.tak476@paytm
ACC04048,5.5e-05,7,7,1.0,1.0,1,7,1642.4471,0,chandran.andra947@oksbi
ACC04049,0.000129,8,10,1.0,1.1,1,10,1639.6,0,girindra.bhat4@kotak
ACC04050,0.000166,10,14,1.0,1.1429,1,14,405.1243,0,hamsini.pradhan476@oksbi
ACC04051,0.000127,7,9,1.1111,1.2222,2,9,1266.6456,0,deepa.wali595@upi
ACC04052,7.6e-05,7,11,1.0,1.1818,1,11,828.02,0,yashodhara.tiwari194@okicici
ACC04053,0.000207,5,6,1.0,1.1667,1,6,950.2967,0,chaaya.jaggi142@kotak
ACC04054,0.000238,11,12,1.0,1.0833,1,12,1283.9375,0,tarak.pau585@upi
ACC04055,0.000262,10,14,1.0,1.3571,1,14,962.9843,0,ayaan.lata625@okaxis
ACC04056,0.000128,6,7,1.0,1.2857,1,7,621.6771,0,unni.das641@ibl
ACC04057,8.4e-05,6,7,1.0,1.0,1,7,1382.4643,0,inaya.garg24@upi
ACC04058,0.000358,10,11,1.0,1.0909,1,11,576.3518,0,wriddhish.pandit885@okaxis
ACC04059,5.4e-05,4,10,1.0,1.2,1,10,3282.146,0,simon.basak378@okaxis
ACC04060,0.000206,7,15,1.0,1.3333,1,15,1702.016,0,chandran.raja960@okaxis
ACC04061,7.2e-05,8,9,1.0,1.1111,1,9,515.6444,0,girish.buch301@okhdfcbank
ACC04062,0.000339,14,14,1.0,1.0714,1,14,757.1386,0,jatin.mukherjee592@ibl
ACC04063,0.000192,13,10,1.0,1.0,1,10,1203.826,0,damini.vasa701@ibl
ACC04064,0.000219,13,12,1.0,1.0833,1,12,999.7992,0,logan.nair182@ibl
ACC04065,0.000216,12,11,1.0,1.0909,1,11,1912.02,0,manthan.loyal114@ybl
ACC04066,0.000111,10,13,1.0,1.1538,1,13,620.2315,0,tripti.dyal474@okhdfcbank
ACC04067,9.4e-05,6,7,1.0,1.0,1,7,873.9629,0,waida.kuruvilla34@upi
ACC04068,0.000166,9,7,1.0,1.1429,1,7,2189.2,0,anthony.prabhakar883@upi
ACC04069,0.000182,10,10,1.0,1.2,1,10,609.695,0,jason.chandran428@paytm
ACC04070,0.000106,11,9,1.1111,1.2222,2,9,1070.6067,0,udarsh.tank733@kotak
ACC04071,0.000276,13,11,1.0,1.0,1,11,2072.4727,0,jairaj.bandi493@okicici
ACC04072,0.000344,10,10,1.0,1.0,1,10,955.651,0,jagvi.apte408@okicici
ACC04073,0.000159,12,6,1.0,1.0,1,6,1372.1567,0,vansha.mani734@kotak
ACC04074,0.000217,13,9,1.0,1.1111,1,9,1197.6211,0,rajata.bhandari807@okhdfcbank
ACC04075,5.2e-05,6,4,1.0,1.0,1,4,3535.18,0,joshua.sarraf868@paytm
ACC04076,9.4e-05,9,8,1.0,1.0,1,8,725.8325,0,utkarsh.buch811@okhdfcbank
ACC04077,8.5e-05,7,8,1.0,1.25,1,8,1117.3275,0,jack.mahajan423@ybl
ACC04078,4e-05,4,12,1.0,1.0833,1,12,1583.7642,0,mahika.patel815@ibl
ACC04079,0.000222,9,12,1.0,1.0833,1,12,1201.0517,0,damyanti.balakrishnan100@ybl
ACC04080,0.000177,9,5,1.0,1.0,1,5,741.888,0,kavya.mangat921@ibl
ACC04081,0.000236,9,11,1.0,1.0909,1,11,2105.6491,0,rehaan.agarwal267@ybl
ACC04082,0.000132,6,6,1.0,1.1667,1,6,1331.15,0,jasmit.doshi456@ybl
ACC04083,0.0001,8,10,10.0,10.0,10,10,1756.11,0,warhi.ghosh265@paytm
ACC04084,0.000322,8,11,1.0,1.2727,1,11,1132.3727,0,bhanumati.karpe780@oksbi
ACC04085,0.000301,8,10,1.0,1.1,1,10,2114.04,0,aadi.soman296@okicici
ACC04086,0.00024,13,7,1.0,1.0,1,7,3608.6443,0,anya.peri578@ybl
ACC04087,9.6e-05,10,8,1.0,1.125,1,8,876.9762,0,bakhshi.oommen968@oksbi
ACC04088,0.000142,4,7,1.0,1.0,1,7,918.1214,0,jagrati.malhotra313@ibl
ACC04089,0.000231,12,12,1.0,1.0,1,12,668.8108,0,aarush.chanda302@oksbi
ACC04090,0.000178,14,10,1.0,1.0,1,10,1539.024,0,samar.bala623@paytm
ACC04091,0.000266,8,6,1.0,1.0,1,6,1474.7667,0,dayita.gaba653@okaxis
ACC04092,0.000203,6,8,1.0,1.125,1,8,1471.795,0,andrew.varkey217@paytm
ACC04093,0.000108,5,12,1.0,1.1667,1,12,1523.175,0,gaurav.mann13@paytm
ACC04094,0.0003,11,14,1.0,1.2143,1,14,906.7857,0,yashasvi.kaur521@kotak
ACC04095,0.000273,10,8,1.0,1.125,1,8,605.0975,0,zilmil.chanda634@oksbi
ACC04096,0.000269,13,9,1.0,1.0,1,9,556.2922,0,nandini.karnik160@kotak
ACC04097,0.000227,12,14,1.0,1.0714,1,14,1819.3243,0,robert.bajwa384@upi
ACC04098,0.000334,9,13,1.1538,1.5385,2,13,1177.4654,0,chakrika.sankaran174@kotak
ACC04099,0.000119,7,9,1.0,1.0,1,9,1230.0567,0,ekaraj.zachariah496@upi
ACC04100,0.000205,13,10,1.0,1.1,1,10,1209.113,0,jagvi.choudhury970@okhdfcbank
ACC04101,0.000136,7,7,1.0,1.1429,1,7,1007.7786,0,bachittar.yadav317@okaxis
ACC04102,0.000127,12,10,1.0,1.2,1,10,690.782,0,ishaan.sanghvi285@okhdfcbank
ACC04103,0.00046,17,16,1.0625,1.25,2,16,1018.3762,0,ria.goel511@ibl
ACC04104,0.000205,7,11,1.0,1.1818,1,11,1048.9309,0,netra.padmanabhan929@okicici
ACC04105,9.3e-05,4,8,1.0,1.0,1,8,1440.2775,0,lopa.dutta760@okaxis
ACC04106,0.000221,9,10,1.0,1.1,1,10,1100.187,0,ganga.saran34@upi
ACC04107,0.000394,12,10,1.0,1.3,1,10,768.626,0,maya.bobal520@okhdfcbank
ACC04108,0.000171,11,5,1.0,1.2,1,5,2413.6,0,arjun.dubey985@kotak
ACC04109,0.000141,8,5,1.0,1.0,1,5,600.396,0,aradhana.mannan82@okicici
ACC04110,9.3e-05,8,9,1.0,1.2222,1,9,1974.9422,0,janaki.mallick536@okaxis
ACC04111,0.000231,8,10,1.0,1.2,1,10,1003.202,0,faraj.gour817@oksbi
ACC04112,6.4e-05,8,9,1.0,1.1111,1,9,1075.1811,0,lakshmi.kumer707@ibl
ACC04113,0.000147,6,7,1.0,1.0,1,7,1014.84,0,lajita.kamdar624@paytm
ACC04114,0.000122,8,11,1.0,1.0,1,11,1670.2282,0,sai.gupta94@okaxis
ACC04115,0.000172,9,17,1.0,1.1765,1,17,1497.9194,0,chakrika.balan536@paytm
ACC04116,6.9e-05,8,11,1.0,1.0,1,11,695.4927,0,mohini.nagy234@okaxis
ACC04117,0.000111,8,16,1.0,1.0625,1,16,1269.8825,0,ucchal.ray596@ibl
ACC04118,0.000187,8,6,1.0,1.0,1,6,624.2933,0,harish.bhatia550@okicici
ACC04119,0.000198,10,10,1.0,1.1,1,10,1016.314,0,upadhriti.chaudhuri650@okhdfcbank
ACC04120,0.000245,16,13,1.0,1.0769,1,13,1058.4515,0,qarin.mane120@ibl
ACC04121,0.000243,11,10,1.0,1.0,1,10,904.209,0,qadim.misra203@okhdfcbank
ACC04122,0.000213,11,9,1.0,1.0,1,9,868.1967,0,chanakya.mangal221@ibl
ACC04123,0.000388,17,7,1.0,1.1429,1,7,1039.9943,0,nirja.oza10@upi
ACC04124,0.000165,6,12,1.0,1.1667,1,12,2119.4008,0,yasti.balakrishnan908@ibl
ACC04125,0.000361,5,11,1.0,1.0909,1,11,1396.5109,0,tara.boase826@ibl
ACC04126,0.000319,10,9,1.0,1.1111,1,9,2112.75,0,eta.bir773@upi
ACC04127,0.00014,7,14,1.0,1.2143,1,14,1595.7464,0,chakradhar.khanna505@oksbi
ACC04128,0.000239,15,8,1.0,1.125,1,8,2820.125,0,matthew.behl495@kotak
ACC04129,9.7e-05,9,11,1.0909,1.1818,2,11,655.0027,0,bhavini.vyas307@paytm
ACC04130,0.000204,13,13,1.0,1.0769,1,13,1561.1008,0,owen.goswami350@paytm
ACC04131,0.000177,9,8,1.0,1.125,1,8,946.5962,0,balendra.kota317@ibl
ACC04132,6.7e-05,5,9,1.0,1.1111,1,9,637.2478,0,max.shankar969@oksbi
ACC04133,0.000337,20,8,1.0,1.125,1,8,968.6775,0,dev.pandya327@kotak
ACC04134,0.000118,5,11,1.0,1.3636,1,11,1174.9173,0,ekbal.palla168@oksbi
ACC04135,0.00014,5,7,1.0,1.0,1,7,1479.8643,0,oliver.tiwari443@paytm
ACC04136,0.000256,13,8,1.0,1.0,1,8,476.5462,0,amara.gopal454@ybl
ACC04137,0.000105,5,8,1.0,1.125,1,8,512.1162,0,ucchal.narayan188@okaxis
ACC04138,0.00022,11,12,1.0,1.0833,1,12,2496.195,0,dhruv.banerjee238@okaxis
ACC04139,0.000269,11,5,1.0,1.2,1,5,854.754,0,simon.kata313@ybl
ACC04140,7.1e-05,7,12,1.0,1.0833,1,12,684.5967,0,megha.dhar106@paytm
ACC04141,0.000181,6,8,1.0,1.0,1,8,2812.8162,0,jalsa.solanki585@oksbi
ACC04142,6.9e-05,6,4,1.0,1.0,1,4,1308.545,0,rayaan.tripathi197@upi
ACC04143,9.7e-05,3,15,1.0,1.1333,1,15,664.2607,0,pahal.shanker162@oksbi
ACC04144,0.000107,9,9,1.0,1.1111,1,9,809.3133,0,indrajit.ravi486@upi
ACC04145,9.1e-05,8,16,1.0,1.1875,1,16,1978.1688,0,barkha.kakar956@paytm
ACC04146,0.000222,11,7,1.0,1.0,1,7,806.3271,0,yatin.dube855@paytm
ACC04147,0.00026,13,6,1.0,1.1667,1,6,865.3967,0,gaurang.rout314@ybl
ACC04148,0.000205,5,11,1.0,1.0,1,11,2161.9745,0,tarak.chokshi764@ybl
ACC04149,0.000246,16,11,1.0,1.0909,1,11,1053.8582,0,charvi.dubey436@upi
ACC04150,5.9e-05,6,9,1.0,1.0,1,9,788.3811,0,anita.buch781@upi
ACC04151,0.000149,5,8,1.0,1.0,1,8,3795.2112,0,wakeeta.salvi363@oksbi
ACC04152,0.000356,9,11,1.0,1.0,1,11,1292.1191,0,onkar.saraf281@okicici
ACC04153,0.000197,9,8,1.0,1.125,1,8,1205.7888,0,maanav.khosla678@paytm
ACC04154,9.7e-05,11,9,1.0,1.0,1,9,1278.1533,0,daksha.nayak383@okicici
ACC04155,0.000106,5,12,1.0,1.0833,1,12,1395.4583,0,jonathan.dora810@upi
ACC04156,0.00011,11,9,1.0,1.1111,1,9,2004.1567,0,umang.swaminathan574@okaxis
ACC04157,0.000128,10,16,1.0,1.1875,1,16,541.605,0,jagdish.dhingra516@ibl
ACC04158,0.000118,8,8,1.0,1.125,1,8,721.5262,0,frado.bala77@okaxis
ACC04159,0.000494,10,9,1.0,1.1111,1,9,2126.4556,0,ekavir.patil741@ibl
ACC04160,6.7e-05,5,8,1.0,1.125,1,8,3056.02,0,alka.seth975@okicici
ACC04161,0.000103,10,7,1.0,1.0,1,7,181.2943,0,tanmayi.sehgal983@ibl
ACC04162,0.000454,18,11,1.0,1.0909,1,11,1274.7127,0,pallavi.chandran622@upi
ACC04163,0.000161,11,12,1.0,1.0833,1,12,1635.6683,0,turvi.sagar58@ybl
ACC04164,0.000142,7,11,1.0,1.0,1,11,1765.4864,0,oliver.bakshi379@ibl
ACC04165,6.3e-05,5,11,1.0,1.1818,1,11,863.7,0,yashawini.bajwa484@oksbi
ACC04166,0.000134,15,7,1.0,1.1429,1,7,1430.8486,0,divya.gupta794@upi
ACC04167,0.000159,10,7,1.0,1.1429,1,7,1885.9557,0,ayushman.agarwal155@paytm
ACC04168,0.000389,14,10,1.0,1.0,1,10,1507.893,0,naksh.sharaf576@okhdfcbank
ACC04169,8e-05,5,15,1.0,1.4667,1,15,1337.128,0,rachita.bir336@kotak
ACC04170,0.000152,7,6,1.0,1.0,1,6,460.6167,0,qabil.bora544@paytm
ACC04171,0.000137,9,13,1.0,1.0,1,13,1180.38,0,jeevika.saha791@okhdfcbank
ACC04172,0.000196,9,2,1.0,1.0,1,2,581.58,0,sneha.master370@ibl
ACC04173,0.000105,8,7,1.0,1.0,1,7,418.7457,0,aarna.kar329@ibl
ACC04174,4.7e-05,6,8,1.0,1.0,1,8,2994.4912,0,jason.sengupta371@ybl
ACC04175,0.000348,13,14,1.0,1.1429,1,14,1956.8921,0,suhani.seth995@paytm
ACC04176,0.000207,11,7,1.0,1.1429,1,7,1841.3457,0,deepa.walla766@okicici
ACC04177,0.000145,7,9,1.0,1.1111,1,9,1296.2667,0,zinal.sridhar658@upi
ACC04178,0.000287,10,8,1.0,1.0,1,8,757.9838,0,priya.saxena826@ibl
ACC04179,0.000134,8,11,1.0,1.0,1,11,820.3255,0,ladli.wali542@okicici
ACC04180,0.000249,7,8,1.0,1.125,1,8,1120.1162,0,ishanvi.lata17@upi
ACC04181,0.000204,13,11,1.0,1.0909,1,11,1061.4355,0,diya.bhatnagar895@ybl
ACC04182,0.000189,13,13,1.0,1.1538,1,13,1750.7792,0,eta.ratta290@ybl
ACC04183,0.00012,9,5,1.0,1.2,1,5,2501.886,0,edhitha.ratti78@okhdfcbank
ACC04184,0.000483,10,8,1.0,1.0,1,8,2910.2288,0,indrajit.kadakia116@kotak
ACC04185,0.000422,14,9,1.0,1.2222,1,9,1910.9044,0,baljiwan.bakshi526@okhdfcbank
ACC04186,0.000323,12,10,1.0,1.0,1,10,1658.843,0,kashvi.dugal625@okaxis
ACC04187,0.000157,9,9,1.0,1.2222,1,9,780.97,0,lila.sunder701@upi
ACC04188,0.000206,11,10,1.0,1.0,1,10,2147.193,0,karan.chokshi463@oksbi
ACC04189,0.000266,13,13,1.0,1.2308,1,13,1084.4138,0,dayita.rajagopalan187@ybl
ACC04190,0.000296,13,10,1.0,1.1,1,10,1608.826,0,neha.gupta800@upi
ACC04191,0.000285,12,13,1.0,1.0,1,13,2738.1062,0,balhaar.karpe589@paytm
ACC04192,9.8e-05,9,7,1.0,1.1429,1,7,1746.8814,0,eiravati.balasubramanian849@upi
ACC04193,0.000148,9,13,1.0,1.0,1,13,1197.7915,0,rachit.kara231@ybl
ACC04194,0.000149,7,9,1.0,1.2222,1,9,978.9156,0,amruta.nath266@okaxis
ACC04195,0.000175,9,15,1.0,1.0667,1,15,2420.7713,0,finn.sharma787@ybl
ACC04196,0.000292,14,13,1.0769,1.3846,2,13,1511.8654,0,kritika.basak670@okaxis
ACC04197,0.00013,8,10,1.0,1.0,1,10,605.701,0,yamini.din915@oksbi
ACC04198,5.1e-05,8,12,1.0,1.0,1,12,1598.62,0,aarna.srivastava152@okaxis
ACC04199,9.3e-05,12,9,1.0,1.0,1,9,776.2889,0,parth.nayar104@okicici
ACC04200,0.000122,8,13,1.0,1.0769,1,13,1547.5631,0,rushil.chawla968@okicici
ACC04201,0.000261,8,15,1.0667,1.1333,2,15,1754.3093,0,ekiya.jha357@okhdfcbank
ACC04202,0.000162,9,9,1.0,1.3333,1,9,1104.9222,0,jagat.hayre323@okaxis
ACC04203,0.000192,11,6,1.0,1.0,1,6,783.435,0,reyansh.saran311@oksbi
ACC04204,5.6e-05,3,8,1.0,1.125,1,8,1605.8387,0,caleb.devan239@okaxis
ACC04205,0.000213,14,10,1.0,1.0,1,10,1710.857,0,rajata.doctor141@ibl
ACC04206,0.000225,13,10,1.0,1.1,1,10,590.896,0,isaiah.balan971@upi
ACC04207,0.000617,17,6,1.0,1.1667,1,6,893.0067,0,azad.nagarajan889@okaxis
ACC04208,0.000381,10,11,1.0,1.0,1,11,1142.3209,0,aashi.khalsa458@ibl
ACC04209,0.000156,8,7,1.0,1.0,1,7,1867.1529,0,qadim.krish211@upi
ACC04210,0.000173,10,10,1.0,1.0,1,10,699.565,0,sneha.khalsa128@okhdfcbank
ACC04211,0.000109,5,8,1.0,1.0,1,8,2735.465,0,orinder.shere936@kotak
ACC04212,0.0001,7,15,1.0,1.0667,1,15,1343.548,0,radha.chadha775@okaxis
ACC04213,0.000203,8,14,1.0,1.1429,1,14,1598.5229,0,parth.bhattacharyya759@ybl
ACC04214,0.000171,10,7,1.0,1.0,1,7,1155.3029,0,ayaan.saha196@okaxis
ACC04215,0.000144,10,10,1.0,1.2,1,10,765.887,0,gaurang.sridhar520@ybl
ACC04216,0.000116,11,11,1.0,1.0,1,11,542.2518,0,warjas.buch521@okhdfcbank
ACC04217,6.6e-05,5,7,1.0,1.0,1,7,1636.5886,0,indrajit.kalla8@upi
ACC04218,7.2e-05,5,6,1.0,1.0,1,6,1592.215,0,chanakya.singhal985@okhdfcbank
ACC04219,0.000266,16,7,1.0,1.0,1,7,906.8371,0,ishwar.kar969@paytm
ACC04220,0.000164,10,15,1.0,1.2667,1,15,1066.8673,0,jhalak.kaul969@paytm
ACC04221,0.00031,9,7,1.0,1.0,1,7,889.41,0,nitara.wadhwa87@upi
ACC04222,0.000132,9,21,1.0,1.2381,1,21,1192.8957,0,zayyan.parekh975@paytm
ACC04223,0.000176,10,12,1.0,1.0,1,12,2688.9908,0,omisha.tiwari145@okaxis
ACC04224,0.000192,13,15,1.0,1.1333,1,15,1792.5147,0,kai.dhillon10@oksbi
ACC04225,0.000176,5,15,1.0,1.2,1,15,1354.75,0,guneet.vasa144@ibl
ACC04226,0.000106,7,14,14.0,14.0,14,14,1426.0757,0,faras.sankar611@okaxis
ACC04227,0.000224,12,9,1.0,1.0,1,9,1870.8033,0,jonathan.som633@upi
ACC04228,0.000262,10,12,12.0,12.0,12,12,1192.5733,0,jagrati.mannan177@oksbi
ACC04229,0.000244,14,12,1.0,1.0833,1,12,1866.2408,0,chavvi.gandhi760@oksbi
ACC04230,0.000212,10,9,1.0,1.1111,1,9,1015.0667,0,yash.shetty806@oksbi
ACC04231,0.000235,14,5,1.0,1.0,1,5,632.306,0,kashvi.nath209@paytm
ACC04232,9.9e-05,5,10,1.0,1.0,1,10,1022.691,0,manbir.borra383@paytm
ACC04233,0.000147,5,9,1.0,1.0,1,9,946.8378,0,michael.nagarajan30@okicici
ACC04234,0.000226,14,8,1.0,1.0,1,8,612.3012,0,jonathan.sahota911@ibl
ACC04235,9.9e-05,6,14,1.0,1.0,1,14,580.1979,0,caleb.wagle893@oksbi
ACC04236,0.000202,12,10,1.0,1.2,1,10,356.435,0,frado.garg553@upi
ACC04237,0.000145,7,14,1.0,1.2857,1,14,1349.6071,0,dakshesh.bir538@oksbi
ACC04238,0.000124,8,9,1.0,1.2222,1,9,1232.3489,0,indali.dhillon16@ybl
ACC04239,0.000208,8,8,1.0,1.125,1,8,1689.0925,0,gaurang.de430@okhdfcbank
ACC04240,0.000123,10,8,1.0,1.125,1,8,1764.1038,0,bhavani.gill476@upi
ACC04241,0.000191,10,13,1.0,1.0,1,13,794.6731,0,samaksh.palla138@okicici
ACC04242,0.000117,8,14,1.0,1.0,1,14,1200.7236,0,aradhana.chaudhuri481@paytm
ACC04243,0.000174,9,8,1.0,1.0,1,8,1087.3475,0,tara.tandon673@kotak
ACC04244,0.000193,12,12,1.0,1.0833,1,12,1667.2383,0,omkaar.tara685@okhdfcbank
ACC04245,7.2e-05,5,7,1.0,1.0,1,7,412.6371,0,matthew.bhagat767@okaxis
ACC04246,0.000134,13,13,1.0769,1.1538,2,13,992.6908,0,sachi.rajagopalan528@oksbi
ACC04247,0.000146,10,8,1.0,1.25,1,8,746.4988,0,triya.palan676@okhdfcbank
ACC04248,9.2e-05,6,12,1.0,1.1667,1,12,1121.58,0,ijaya.dara414@paytm
ACC04249,0.00011,9,9,1.0,1.0,1,9,3468.85,0,neha.kalita256@okaxis
ACC04250,0.00019,11,9,1.0,1.3333,1,9,2534.5589,0,wriddhish.taneja748@paytm
ACC04251,7.8e-05,5,12,1.0,1.25,1,12,2692.5525,0,yutika.bal998@ibl
ACC04252,0.000151,8,7,1.0,1.0,1,7,586.74,0,william.patla530@paytm
ACC04253,9.9e-05,9,10,1.0,1.0,1,10,1097.791,0,ucchal.narayan433@ybl
ACC04254,0.000314,12,6,1.0,1.0,1,6,2406.3217,0,dayamai.malhotra755@okicici
ACC04255,0.000109,4,12,1.0,1.1538,1,13,819.2938,0,aarna.chauhan50@okaxis
ACC04256,0.00019,9,11,1.0,1.1818,1,11,805.7955,0,ekta.parikh147@okicici
ACC04257,0.000325,10,13,1.0769,1.0769,2,13,608.6969,0,chandran.cherian407@ybl
ACC04258,6.9e-05,3,10,1.0,1.2,1,10,2361.275,0,nidra.bal493@ibl
ACC04259,0.000147,9,16,1.0,1.125,1,16,740.835,0,janaki.bhandari644@upi
ACC04260,8.6e-05,5,10,1.0,1.1,1,10,1813.099,0,ronith.mistry465@paytm
ACC04261,0.000178,12,10,1.0,1.0,1,10,1402.58,0,brinda.sachar121@paytm
ACC04262,4.6e-05,7,9,1.0,1.1111,1,9,991.2533,0,dalaja.mandal346@oksbi
ACC04263,0.000233,14,8,1.0,1.125,1,8,1033.0775,0,ojasvi.yohannan827@ibl
ACC04264,0.000156,6,9,1.0,1.2222,1,9,2275.3789,0,zilmil.mohanty680@okhdfcbank
ACC04265,0.000117,4,9,1.0,1.0,1,9,3259.6633,0,nihal.khanna532@paytm
ACC04266,0.00021,12,9,1.0,1.0,1,9,1822.2044,0,jacob.balasubramanian375@upi
ACC04267,0.000104,6,14,1.0,1.0,1,14,1521.08,0,warinder.gola130@okhdfcbank
ACC04268,0.000168,6,10,1.0,1.1,1,10,1009.216,0,devika.gaba850@okhdfcbank
ACC04269,0.000231,12,8,1.0,1.125,1,8,555.5512,0,gaurav.nayak730@paytm
ACC04270,0.000192,8,8,1.0,1.125,1,8,2252.9025,0,nidhi.dey356@paytm
ACC04271,0.000145,8,7,1.0,1.1429,1,7,1301.9071,0,aarini.shetty567@okhdfcbank
ACC04272,0.000193,12,14,1.0,1.0714,1,14,1307.6436,0,jack.wagle408@kotak
ACC04273,0.000281,10,7,1.0,1.0,1,7,600.1714,0,hamsini.tata861@okaxis
ACC04274,6.1e-05,4,12,1.0,1.0,1,12,1482.8292,0,vrishti.amble752@ybl
ACC04275,0.000292,9,5,1.0,1.0,1,5,1548.46,0,isaiah.natt799@oksbi
ACC04276,0.000109,10,10,1.0,1.1,1,10,1818.911,0,logan.mital544@kotak
ACC04277,0.000231,8,12,1.0,1.0,1,12,2825.735,0,alexander.choudhury546@ybl
ACC04278,0.000389,14,8,1.0,1.125,1,8,805.4738,0,falguni.dayal711@kotak
ACC04279,0.000109,4,14,1.0,1.2143,1,14,1319.3236,0,saumya.kalita163@okhdfcbank
ACC04280,0.000179,7,8,1.0,1.0,1,8,970.265,0,aayush.gupta650@okaxis
ACC04281,0.000164,10,13,1.0,1.3846,1,13,956.6438,0,neel.vala965@upi
ACC04282,0.00017,9,7,1.0,1.0,1,7,1157.14,0,mugdha.nagarajan51@upi
ACC04283,0.000205,13,8,1.0,1.125,1,8,1175.4925,0,oni.oak923@kotak
ACC04284,0.000113,7,8,1.0,1.125,1,8,459.5238,0,falguni.mangal480@ybl
ACC04285,0.000149,8,7,1.0,1.0,1,7,892.6629,0,radha.dara961@paytm
ACC04286,0.000139,7,5,1.0,1.0,1,5,1317.896,0,simon.raghavan258@kotak
ACC04287,0.000197,12,12,1.0,1.1667,1,12,3564.9308,0,rishi.golla946@okhdfcbank
ACC04288,0.000147,10,12,1.0,1.0,1,12,777.1867,0,rehaan.aurora421@oksbi
ACC04289,0.000121,9,8,1.0,1.125,1,8,1944.4138,0,zarna.johal843@oksbi
ACC04290,0.000297,15,9,1.0,1.1111,1,9,402.9922,0,yashvi.sachar806@oksbi
ACC04291,0.000192,7,9,1.0,1.0,1,9,702.5122,0,dev.bhandari606@okaxis
ACC04292,0.000141,8,4,1.0,1.0,1,4,5509.4575,0,neha.bhattacharyya359@okhdfcbank
ACC04293,0.000173,8,8,1.0,1.0,1,8,960.8438,0,praneel.apte144@upi
ACC04294,7e-05,5,8,1.0,1.0,1,8,808.905,0,kevin.pall758@oksbi
ACC04295,0.000161,10,6,1.0,1.0,1,6,1030.5583,0,yashvi.mutti146@paytm
ACC04296,0.000121,9,4,1.0,1.0,1,4,1500.375,0,damini.jha653@okhdfcbank
ACC04297,0.000208,12,10,1.0,1.0,1,10,1370.044,0,ayush.balasubramanian537@okhdfcbank
ACC04298,9.3e-05,8,14,1.0,1.1429,1,14,1049.8929,0,urvashi.das238@ibl
ACC04299,0.000299,7,7,1.0,1.0,1,7,1624.5429,0,raagini.purohit128@kotak
ACC04300,0.000129,7,13,1.0,1.0,1,13,2305.5915,0,lipika.ravel158@okhdfcbank
ACC04301,0.000104,5,11,1.0,1.0,1,11,2420.6755,0,amaira.mittal279@okicici
ACC04302,9.1e-05,5,7,1.0,1.0,1,7,768.7057,0,oni.borra913@paytm
ACC04303,0.00025,7,16,1.0,1.375,1,16,836.74,0,yochana.morar478@upi
ACC04304,0.000388,14,8,1.0,1.125,1,8,943.2238,0,omkaar.mall898@ibl
ACC04305,0.000236,13,12,1.0,1.1667,1,12,446.6242,0,ryan.deshpande536@okhdfcbank
ACC04306,0.000142,3,9,1.0,1.1111,1,9,1132.5422,0,hredhaan.nadig618@ybl
ACC04307,0.000112,8,13,1.0,1.0,1,13,1539.3823,0,jatin.yadav871@ibl
ACC04308,0.000126,8,12,1.0,1.0833,1,12,1866.2833,0,champak.bobal59@okhdfcbank
ACC04309,0.000146,11,10,1.0,1.0,1,10,1146.756,0,jason.aggarwal742@paytm
ACC04310,0.000108,6,17,1.0,1.1765,1,17,1258.0376,0,rushil.suri521@ybl
ACC04311,0.000264,11,8,1.0,1.125,1,8,1897.305,0,damini.bhatti857@paytm
ACC04312,0.00019,11,7,1.1429,1.1429,2,7,549.63,0,kevin.ben14@okhdfcbank
ACC04313,0.000167,15,13,1.0,1.0769,1,13,1726.0085,0,ucchal.ahluwalia600@ibl
ACC04314,0.000166,6,6,1.0,1.1667,1,6,1224.3433,0,harshil.gill445@paytm
ACC04315,8.6e-05,7,10,1.0,1.1,1,10,1197.848,0,tanmayi.raj847@ibl
ACC04316,7.8e-05,10,12,1.0833,1.1667,2,12,1656.4217,0,theodore.bumb858@upi
ACC04317,0.000111,7,13,1.0,1.1538,1,13,1630.5231,0,fiyaz.chauhan892@upi
ACC04318,0.000405,12,13,1.0,1.0,1,13,2185.3862,0,warhi.kalita111@okhdfcbank
ACC04319,0.000165,6,10,1.0,1.0,1,10,1305.931,0,niharika.apte121@okaxis
ACC04320,0.0001,10,10,1.0,1.2727,1,11,1133.3182,0,hemal.dubey689@upi
ACC04321,0.000225,16,8,1.0,1.0,1,8,885.0112,0,tanvi.majumdar763@okicici
ACC04322,0.00021,8,15,1.0,1.1333,1,15,839.98,0,vasana.morar808@ibl
ACC04323,0.000219,10,12,1.0,1.1667,1,12,1525.69,0,sai.kar885@kotak
ACC04324,9.1e-05,12,9,1.0,1.1111,1,9,1346.5567,0,bishakha.dutta833@upi
ACC04325,0.000155,12,8,1.0,1.0,1,8,1365.3238,0,upma.johal581@oksbi
ACC04326,0.000206,13,10,1.0,1.0,1,10,819.324,0,anvi.virk969@ybl
ACC04327,0.000219,15,18,1.0,1.2222,1,18,2055.5778,0,aryan.bhattacharyya943@upi
ACC04328,0.000222,11,8,1.0,1.0,1,8,2828.935,0,bina.das468@paytm
ACC04329,8.7e-05,7,9,1.0,1.0,1,9,1279.2256,0,tejas.choudhry700@ybl
ACC04330,0.000162,8,12,1.0,1.0833,1,12,1818.9325,0,lohit.sastry284@ibl
ACC04331,0.000215,9,6,1.0,1.0,1,6,1216.5517,0,harish.sinha470@paytm
ACC04332,0.000107,6,13,1.0,1.0,1,13,1673.9708,0,aashi.tank572@kotak
ACC04333,0.000306,14,10,1.0,1.1,1,10,1839.517,0,isaiah.yogi411@ybl
ACC04334,9.9e-05,12,11,1.0,1.1818,1,11,962.6318,0,pallavi.sarna512@okhdfcbank
ACC04335,0.000259,9,13,1.0,1.0,1,13,784.8631,0,anjali.tiwari632@kotak
ACC04336,0.000112,6,6,1.0,1.0,1,6,1268.0433,0,varsha.sood849@paytm
ACC04337,0.000183,10,12,1.0833,1.1667,2,12,728.6858,0,nidhi.nigam93@upi
ACC04338,8e-05,6,18,1.0556,1.2778,2,18,2252.8172,0,kamala.dubey510@oksbi
ACC04339,0.000202,15,11,1.0,1.0909,1,11,1783.0927,0,ira.rajan272@ibl
ACC04340,0.000242,16,12,1.0,1.3333,1,12,1479.6642,0,siddharth.choudhury826@ibl
ACC04341,0.0002,7,11,1.0,1.0,1,11,2540.4409,0,laban.nadig164@oksbi
ACC04342,8.9e-05,6,5,1.0,1.0,1,5,1613.898,0,chakrika.rastogi115@okaxis
ACC04343,0.000232,14,10,1.0,1.1,1,10,616.409,0,udyati.som931@kotak
ACC04344,0.000148,7,7,1.0,1.0,1,7,1560.8514,0,onveer.chhabra775@kotak
ACC04345,0.000264,17,14,1.0,1.0714,1,14,783.3671,0,gautami.manne408@okhdfcbank
ACC04346,0.000142,10,11,1.0,1.0909,1,11,1638.1564,0,upma.bandi93@upi
ACC04347,0.000172,12,14,1.0,1.2857,1,14,1275.4243,0,dev.balay734@ybl
ACC04348,0.000255,12,10,1.0,1.0,1,10,734.049,0,jeevika.ramakrishnan407@oksbi
ACC04349,0.000432,17,11,1.0,1.0909,1,11,1763.6527,0,lohit.sharaf866@paytm
ACC04350,0.000182,9,11,1.0,1.0909,1,11,674.2482,0,lila.sabharwal995@okhdfcbank
ACC04351,0.000264,9,9,1.0,1.1111,1,9,1069.13,0,lakshit.sanghvi454@okicici
ACC04352,6.9e-05,6,9,1.0,1.0,1,9,668.8744,0,nandini.shere159@paytm
ACC04353,0.000191,16,9,1.0,1.1111,1,9,1005.11,0,upkaar.mitter230@okaxis
ACC04354,7.3e-05,7,11,1.0,1.0909,1,11,833.1473,0,maanas.nagy232@ibl
ACC04355,7.2e-05,11,6,1.0,1.0,1,6,1468.6867,0,mohini.devi13@paytm
ACC04356,4.8e-05,4,5,1.0,1.0,1,5,995.518,0,rachana.bora879@ibl
ACC04357,0.000158,9,7,1.0,1.1429,1,7,3571.1,0,ekansh.tiwari570@kotak
ACC04358,0.00023,4,6,1.0,1.1667,1,6,1445.3617,0,ekavir.bawa423@oksbi
ACC04359,0.000312,8,15,1.0,1.2,1,15,2006.5293,0,nakul.iyer410@upi
ACC04360,0.000196,8,6,1.0,1.1667,1,6,1886.1267,0,vrinda.gera816@ybl
ACC04361,0.000114,9,6,1.0,1.0,1,6,2918.3667,0,anjali.agate380@ybl
ACC04362,6.3e-05,4,14,1.0,1.0714,1,14,1673.7929,0,balveer.sarkar554@ybl
ACC04363,0.000124,9,11,1.0,1.1818,1,11,871.8136,0,orinder.sangha138@ybl
ACC04364,8.2e-05,5,10,1.0,1.2,1,10,2356.615,0,ayushman.bala552@oksbi
ACC04365,0.000136,11,9,1.0,1.0,1,9,1488.8056,0,gagan.iyer520@ibl
ACC04366,0.000139,6,5,1.0,1.2,1,5,408.758,0,yadavi.kurian108@okaxis
ACC04367,0.000183,8,10,1.0,1.1,1,10,1167.055,0,amrita.divan719@kotak
ACC04368,0.000199,10,14,1.0,1.0714,1,14,1080.3829,0,maanav.shenoy276@okicici
ACC04369,0.000305,14,9,1.0,1.1111,1,9,518.7356,0,shaurya.comar449@ibl
ACC04370,6.5e-05,5,9,1.0,1.1111,1,9,1140.1189,0,krishna.subramanian67@oksbi
ACC04371,0.000162,8,15,1.0,1.1333,1,15,1991.8833,0,tristan.chanda460@kotak
ACC04372,0.000142,9,10,1.0,1.1,1,10,1899.859,0,saanvi.majumdar489@oksbi
ACC04373,0.000169,7,16,1.0,1.125,1,16,851.0256,0,vansha.kothari363@okhdfcbank
ACC04374,0.000129,8,8,1.0,1.125,1,8,1228.6062,0,chaaya.sanghvi259@okicici
ACC04375,0.000228,10,8,1.0,1.0,1,8,1245.865,0,janaki.pandey442@oksbi
ACC04376,0.000308,14,13,1.0,1.1538,1,13,1210.5562,0,chavvi.misra678@ibl
ACC04377,0.000201,13,4,1.0,1.0,1,4,2473.115,0,nimrat.som714@paytm
ACC04378,0.000236,8,14,1.0,1.0,1,14,908.3471,0,libni.dyal584@kotak
ACC04379,0.000119,12,12,1.0,1.0833,1,12,1026.9283,0,bhavya.dave785@kotak
ACC04380,0.000147,7,14,1.0714,1.2143,2,14,807.9436,0,champak.koshy884@okicici
ACC04381,0.000186,7,11,1.0,1.0,1,11,2304.1682,0,ryan.karan730@ybl
ACC04382,0.000159,10,10,1.0,1.0,1,10,3084.878,0,utkarsh.ravi794@okhdfcbank
ACC04383,6.3e-05,5,10,1.0,1.3,1,10,1674.614,0,yashvi.dhar543@upi
ACC04384,6.4e-05,6,12,1.0,1.1667,1,12,1464.0892,0,abhimanyu.panchal200@okaxis
ACC04385,0.00014,7,8,1.0,1.0,1,8,1177.7812,0,meera.narayan778@oksbi
ACC04386,0.000152,12,10,1.0,1.0,1,10,1028.416,0,aarna.dhingra665@ibl
ACC04387,0.000161,10,8,1.0,1.125,1,8,1709.4962,0,urvashi.khatri92@okhdfcbank
ACC04388,7.1e-05,8,4,1.0,1.0,1,4,905.045,0,darpan.sabharwal718@upi
ACC04389,0.000179,9,10,1.0,1.3,1,10,1383.234,0,dalbir.golla714@ibl
ACC04390,0.000468,15,4,1.0,1.0,1,4,1070.3025,0,aarini.krishna352@oksbi
ACC04391,0.000229,15,11,1.0,1.0909,1,11,983.5373,0,xalak.parsa364@oksbi
ACC04392,0.000192,7,12,1.0,1.0833,1,12,1670.9317,0,advik.varma512@okhdfcbank
ACC04393,0.000147,7,9,1.0,1.3333,1,9,801.7056,0,logan.datta412@okaxis
ACC04394,0.000272,10,9,1.0,1.0,1,9,1273.1033,0,noah.anne663@okhdfcbank
ACC04395,0.000141,5,12,1.0,1.4167,1,12,818.15,0,anya.sura770@okhdfcbank
ACC04396,0.000221,11,13,1.0,1.0769,1,13,1505.1023,0,ranveer.majumdar21@okicici
ACC04397,0.000156,11,8,1.0,1.125,1,8,1045.5038,0,girindra.bir700@ybl
ACC04398,0.00023,11,8,1.0,1.125,1,8,1170.6738,0,qarin.wadhwa2@kotak
ACC04399,0.000145,7,4,1.0,1.0,1,4,761.305,0,gavin.brar335@upi
ACC04400,0.000298,16,8,1.0,1.0,1,8,2776.4138,0,jagvi.kadakia820@ybl
ACC04401,0.000108,7,15,1.0,1.0667,1,15,1534.7467,0,nathaniel.karan194@ibl
ACC04402,0.000221,13,6,1.0,1.1667,1,6,307.825,0,yochana.bhasin224@ybl
ACC04403,5.9e-05,4,14,1.0,1.0714,1,14,918.3157,0,samarth.singh700@oksbi
ACC04404,0.000179,10,9,1.0,1.1111,1,9,1568.6633,0,qasim.chandra588@oksbi
ACC04405,0.000169,9,9,1.0,1.1111,1,9,2303.7344,0,lekha.rau867@oksbi
ACC04406,0.000209,7,11,1.0,1.0909,1,11,1665.2118,0,sarthak.behl834@ibl
ACC04407,0.000124,7,14,1.1429,1.2143,2,14,1305.0207,0,yadavi.tank40@kotak
ACC04408,0.000158,11,9,1.0,1.1111,1,9,3735.0678,0,chakradev.sidhu957@paytm
ACC04409,0.000334,12,6,1.0,1.0,1,6,594.3,0,pallavi.buch358@oksbi
ACC04410,0.000206,8,13,1.0,1.1538,1,13,1878.0946,0,rajata.sahota172@okhdfcbank
ACC04411,0.000251,9,12,1.0,1.0,1,12,1003.3733,0,charvi.johal618@oksbi
ACC04412,0.000123,11,12,1.0,1.0,1,12,1391.105,0,utkarsh.parmer961@ibl
ACC04413,5.1e-05,4,7,1.0,1.0,1,7,1305.7529,0,lipika.ratta399@ibl
ACC04414,0.000284,15,11,1.0,1.0909,1,11,2463.4336,0,vritti.nath568@okhdfcbank
ACC04415,0.00016,6,10,1.0,1.1,1,10,1786.525,0,zarna.zacharia375@oksbi
ACC04416,0.000439,15,12,1.0,1.25,1,12,3559.1892,0,hritik.sani503@okaxis
ACC04417,0.00039,11,14,1.0714,1.0714,2,14,1254.0393,0,wridesh.sem367@okicici
ACC04418,0.000185,8,14,1.0,1.2857,1,14,2068.0386,0,kashish.walla864@okhdfcbank
ACC04419,0.000106,9,11,1.0,1.0,1,11,1992.7582,0,saanvi.goswami680@ybl
ACC04420,0.000322,6,10,1.0,1.2,1,10,3519.454,0,aradhana.mukhopadhyay589@kotak
ACC04421,0.0003,11,8,1.0,1.25,1,8,952.31,0,harita.bhatti776@kotak
ACC04422,0.000198,12,10,1.0,1.0,1,10,647.977,0,abdul.patla329@oksbi
ACC04423,9.3e-05,3,12,1.0,1.25,1,12,1274.9042,0,eiravati.vyas203@paytm
ACC04424,0.000167,7,8,1.0,1.25,1,8,939.0162,0,dayita.bal446@upi
ACC04425,0.000115,5,9,1.0,1.0,1,9,1687.2444,0,ethan.gill25@ibl
ACC04426,0.000161,14,13,1.0769,1.0769,2,13,1280.8885,0,rushil.gupta575@ibl
ACC04427,0.000178,11,5,1.0,1.0,1,5,903.35,0,finn.savant314@ibl
ACC04428,0.000146,9,8,1.0,1.0,1,8,1198.6775,0,atharv.kumar701@okicici
ACC04429,0.000231,10,11,1.0,1.2727,1,11,1101.4436,0,karan.borra43@okaxis
ACC04430,5.4e-05,4,10,1.0,1.0,1,10,1109.09,0,kala.kota914@kotak
ACC04431,0.000292,16,6,1.0,1.0,1,6,1618.0367,0,farhan.verma322@okicici
ACC04432,7.2e-05,4,7,1.0,1.0,1,7,800.9,0,varenya.mishra49@paytm
ACC04433,0.000146,5,16,1.0,1.0625,1,16,1841.0525,0,hema.panchal361@kotak
ACC04434,8.2e-05,6,9,1.0,1.0,1,9,1198.4411,0,charan.bhandari846@upi
ACC04435,0.000127,7,11,1.0,1.0909,1,11,1936.3591,0,wridesh.dalal870@oksbi
ACC04436,0.00017,13,14,1.0,1.1429,1,14,923.2936,0,mitali.lalla698@okicici
ACC04437,0.000167,14,6,1.0,1.0,1,6,1317.9517,0,michael.saxena469@oksbi
ACC04438,0.00012,8,9,1.0,1.1111,1,9,913.7356,0,omisha.parekh328@okhdfcbank
ACC04439,0.000246,12,11,1.0,1.0,1,11,573.9427,0,bhavini.wagle212@okicici
ACC04440,0.000131,5,5,1.0,1.0,1,5,726.98,0,gaurav.bhasin211@okhdfcbank
ACC04441,0.000131,11,13,1.0,1.2308,1,13,1300.5954,0,william.mand927@okaxis
ACC04442,0.000267,14,20,1.0,1.1,1,20,1188.61,0,samesh.oommen400@okaxis
ACC04443,0.000295,11,10,1.0,1.0,1,10,1061.141,0,pahal.lata412@okicici
ACC04444,0.000243,8,8,1.0,1.125,1,8,1395.325,0,falguni.seth614@okaxis
ACC04445,0.000383,13,15,1.0,1.2,1,15,1220.4713,0,indali.mahal265@upi
ACC04446,0.000256,11,6,1.0,1.0,1,6,659.8317,0,christopher.vora885@paytm
ACC04447,0.000289,10,11,1.0,1.1818,1,11,1417.0255,0,balhaar.srinivasan755@paytm
ACC04448,0.000202,8,6,1.0,1.0,1,6,1590.1917,0,anita.manne11@upi
ACC04449,0.000127,5,13,1.0,1.1538,1,13,1797.7692,0,inaya.sankaran285@okaxis
ACC04450,0.000364,12,5,1.0,1.0,1,5,1044.624,0,patrick.sathe615@okicici
ACC04451,0.000268,7,9,1.0,1.0,1,9,1084.36,0,kabir.wali713@ibl
ACC04452,0.000196,9,8,1.0,1.0,1,8,2038.46,0,gopal.choudhry707@okaxis
ACC04453,0.000175,11,8,1.0,1.0,1,8,652.5963,0,ria.kata118@okhdfcbank
ACC04454,0.000279,8,10,1.0,1.1,1,10,886.695,0,nitara.kanda501@okhdfcbank
ACC04455,0.000173,4,15,1.0667,1.2667,2,15,983.9173,0,zansi.kara336@oksbi
ACC04456,0.000184,6,9,1.0,1.0,1,9,468.2867,0,yashica.krishnan733@upi
ACC04457,0.00014,6,11,1.0909,1.3636,2,11,1065.2927,0,mitesh.bala294@paytm
ACC04458,0.000129,9,6,1.0,1.0,1,6,778.5033,0,yashasvi.chana112@okhdfcbank
ACC04459,0.00016,11,6,1.0,1.1667,1,6,639.4067,0,harrison.manda907@okaxis
ACC04460,8e-05,6,12,1.0,1.1667,1,12,1080.6167,0,maya.shanker867@ibl
ACC04461,0.000173,6,17,1.0,1.2941,1,17,1639.7424,0,neel.rout531@okicici
ACC04462,0.000221,12,13,1.0,1.0,1,13,457.9808,0,lavanya.mahajan112@okhdfcbank
ACC04463,0.000137,8,3,1.0,1.0,1,3,1525.13,0,hitesh.karan854@upi
ACC04464,0.00016,11,11,1.0909,1.0909,2,11,2124.7955,0,harini.mohan781@okhdfcbank
ACC04465,0.000207,12,15,1.0,1.1333,1,15,1094.182,0,yochana.kata631@ybl
ACC04466,0.000142,12,5,1.0,1.0,1,5,993.106,0,aarini.datta147@ibl
ACC04467,0.000108,6,12,1.0,1.0,1,12,773.4533,0,logan.kapur43@kotak
ACC04468,8.5e-05,8,13,1.0,1.3077,1,13,1843.0369,0,anamika.borde216@ybl
ACC04469,0.000195,14,8,1.0,1.0,1,8,1818.9375,0,daksh.parmar15@oksbi
ACC04470,0.00014,11,9,1.0,1.2222,1,9,1481.7233,0,manya.raghavan974@paytm
ACC04471,0.000429,8,6,1.0,1.3333,1,6,1214.12,0,krishna.garde474@okaxis
ACC04472,0.000175,7,10,1.0,1.2,1,10,1462.495,0,david.master390@oksbi
ACC04473,0.000307,10,6,1.1667,1.3333,2,6,2370.7567,0,bina.joshi66@okaxis
ACC04474,0.000135,10,5,1.0,1.0,1,5,515.986,0,hardik.behl200@ybl
ACC04475,0.000162,8,7,1.0,1.0,1,7,1333.47,0,niharika.vig893@ibl
ACC04476,0.000322,9,6,1.0,1.0,1,7,664.9357,0,gautam.khalsa252@kotak
ACC04477,0.000171,8,10,1.0,1.0,1,10,645.092,0,wridesh.baral165@oksbi
ACC04478,0.000109,11,12,1.0,1.0833,1,12,1084.645,0,hema.rama59@okhdfcbank
ACC04479,0.000298,12,8,1.0,1.125,1,8,3005.1862,0,jonathan.chatterjee531@kotak
ACC04480,0.000135,9,14,1.0,1.1429,1,14,1165.1257,0,ikbal.sundaram738@oksbi
ACC04481,0.000273,15,7,1.0,1.0,1,7,623.6657,0,ekaraj.pal40@oksbi
ACC04482,5.4e-05,6,16,1.0,1.0625,1,16,1168.6594,0,yatin.kota240@okicici
ACC04483,0.00018,6,13,1.0,1.2308,1,13,941.3169,0,reva.raman577@okicici
ACC04484,0.000119,8,6,1.0,1.0,1,6,1605.6967,0,suhani.batra581@okhdfcbank
ACC04485,0.000175,11,11,1.0,1.1818,1,11,386.6491,0,lohit.sankaran644@okicici
ACC04486,0.000118,13,12,1.0,1.1667,1,12,972.5583,0,mohammed.d’alia76@okicici
ACC04487,0.000241,14,13,1.0,1.3846,1,13,860.0908,0,yatan.sathe661@upi
ACC04488,0.000288,15,17,1.0,1.0588,1,17,1058.0224,0,kashish.dhaliwal631@upi
ACC04489,0.000142,9,7,1.0,1.1429,1,7,2280.3943,0,hiral.batta244@ibl
ACC04490,0.000223,11,11,1.0,1.0909,1,11,1448.1955,0,varenya.jaggi354@ibl
ACC04491,0.000143,10,10,1.0,1.1,1,10,2320.053,0,abdul.bahri466@kotak
ACC04492,0.00013,10,7,1.0,1.0,1,7,758.43,0,hemal.tella148@paytm
ACC04493,0.000156,14,10,1.0,1.2,1,10,788.986,0,gaurang.rana264@oksbi
ACC04494,0.000134,4,12,1.0,1.25,1,12,839.6358,0,rayaan.barad22@upi
ACC04495,8e-05,5,15,1.0,1.0667,1,15,1683.626,0,quincy.narasimhan44@ibl
ACC04496,0.000262,18,11,1.0,1.1818,1,11,1245.7364,0,lavanya.patil901@kotak
ACC04497,0.000169,13,9,1.0,1.2222,1,9,1701.4467,0,shivani.swamy129@ybl
ACC04498,0.000231,9,14,1.0,1.1429,1,14,946.5143,0,ekalinga.anne432@upi
ACC04499,0.000107,8,5,1.0,1.0,1,5,1837.598,0,krish.keer464@ibl
ACC04500,0.000398,14,4,1.0,1.0,1,4,1145.0075,0,urvashi.gera373@ybl
ACC04501,0.000247,13,6,1.0,1.0,1,6,1014.2533,0,siddharth.uppal409@oksbi
ACC04502,0.000126,8,8,1.0,1.0,1,8,914.7212,0,pavani.gupta252@okaxis
ACC04503,0.000157,7,8,1.125,1.125,2,8,1547.275,0,keya.som200@ybl
ACC04504,0.000176,8,8,1.0,1.125,1,8,996.3475,0,ati.pradhan884@upi
ACC04505,0.00018,11,7,1.0,1.1429,1,7,846.2157,0,patrick.kunda315@okaxis
ACC04506,0.000227,10,14,1.0,1.0714,1,14,1447.5657,0,isaiah.sharma482@okhdfcbank
ACC04507,0.000319,9,12,1.0,1.0,1,12,723.0333,0,abhiram.dayal464@paytm
ACC04508,0.00012,5,13,1.0,1.2308,1,13,1146.52,0,yash.hari53@okaxis
ACC04509,0.000282,11,17,1.0,1.1176,1,17,1080.4029,0,yashasvi.issac565@oksbi
ACC04510,0.000251,9,7,1.0,1.0,1,7,606.7614,0,samarth.chhabra443@oksbi
ACC04511,0.000123,4,12,12.0,12.0,12,12,1499.89,0,samarth.d’alia711@okaxis
ACC04512,0.000105,9,10,1.0,1.0,1,10,823.034,0,nidhi.bhandari684@oksbi
ACC04513,0.000126,7,9,1.0,1.2222,1,9,1177.0378,0,samaksh.nath697@oksbi
ACC04514,0.000274,7,14,1.0,1.1429,1,14,1488.5571,0,isaiah.amble801@okaxis
ACC04515,0.000153,8,12,1.0,1.0833,1,12,527.6117,0,garima.mannan325@ibl
ACC04516,9.8e-05,7,18,1.0,1.0556,1,18,1051.5089,0,triya.dugal757@oksbi
ACC04517,7.6e-05,8,13,1.0,1.0769,1,13,2534.8462,0,girik.deol626@kotak
ACC04518,0.000386,11,8,1.0,1.125,1,8,510.53,0,vasatika.ranganathan100@okhdfcbank
ACC04519,0.000221,7,14,1.0,1.0,1,14,1647.53,0,jeevika.setty9@okicici
ACC04520,0.000113,9,8,1.0,1.0,1,8,792.9788,0,jyoti.chaudhary93@ybl
ACC04521,0.000111,5,7,1.0,1.0,1,7,706.8371,0,qabil.barad762@oksbi
ACC04522,0.000158,9,11,1.0,1.1818,1,11,985.2818,0,urmi.loyal861@okhdfcbank
ACC04523,8.3e-05,4,13,1.0,1.3846,1,13,1863.9215,0,jagat.chaudry932@ybl
ACC04524,8.6e-05,8,7,1.0,1.0,1,7,2343.69,0,charita.lala458@ibl
ACC04525,0.000359,13,10,1.0,1.2,1,10,1529.051,0,dayamai.iyer180@paytm
ACC04526,0.000146,11,8,1.0,1.0,1,8,1091.27,0,christopher.sridhar822@kotak
ACC04527,0.000232,12,4,1.0,1.0,1,4,1000.17,0,ubika.nair168@upi
ACC04528,0.000191,10,5,1.0,1.0,1,5,1317.854,0,vyanjana.badal933@upi
ACC04529,0.000378,13,12,1.0,1.0,1,12,1563.9667,0,xiti.saini566@ibl
ACC04530,0.000106,8,12,1.0,1.25,1,12,1347.45,0,panini.wable869@okaxis
ACC04531,9.1e-05,4,11,1.0909,1.0909,2,11,1076.3482,0,tara.bhalla969@oksbi
ACC04532,0.000166,7,14,1.0,1.0714,1,14,953.4007,0,ojas.das774@okicici
ACC04533,0.000238,8,13,1.0769,1.2308,2,13,941.0846,0,naksh.khosla485@upi
ACC04534,0.000264,12,8,1.0,1.125,1,8,960.8512,0,utkarsh.rai786@okicici
ACC04535,0.000206,8,12,1.0,1.0,1,12,367.1167,0,gaurangi.varkey838@ybl
ACC04536,0.000155,6,12,1.0,1.4167,1,12,629.1925,0,urmi.baral586@oksbi
ACC04537,0.000416,14,8,1.0,1.125,1,8,3133.3938,0,zansi.saran994@ibl
ACC04538,8.3e-05,11,10,1.0,1.2,1,10,949.357,0,onkar.bandi907@ybl
ACC04539,6.8e-05,5,15,1.0,1.0,1,15,1530.444,0,yagnesh.kulkarni71@oksbi
ACC04540,8.7e-05,7,9,1.0,1.1111,1,9,639.7422,0,farhan.gaba308@upi
ACC04541,0.000193,8,8,1.125,1.25,2,8,854.325,0,waida.bhatti958@okaxis
ACC04542,0.000443,17,10,1.0,1.1,1,10,513.097,0,faris.krishnamurthy729@okhdfcbank
ACC04543,0.000121,9,12,1.0,1.0833,1,12,1138.7875,0,warhi.nazareth819@ibl
ACC04544,0.000204,12,12,1.0,1.0833,1,12,674.57,0,chaitaly.loyal913@upi
ACC04545,0.000164,9,8,1.0,1.0,1,8,927.2938,0,gaurangi.korpal872@paytm
ACC04546,0.000192,11,7,1.0,1.0,1,7,1061.35,0,zinal.tailor287@kotak
ACC04547,0.000116,11,12,1.0,1.0833,1,12,2557.3125,0,eesha.atwal327@oksbi
ACC04548,0.000267,13,8,1.0,1.125,1,8,2236.7762,0,libni.wali245@paytm
ACC04549,0.000123,6,9,1.0,1.2222,1,9,1514.5967,0,jonathan.tiwari444@ybl
ACC04550,0.000141,7,4,1.0,1.0,1,4,526.395,0,balveer.seth768@ibl
ACC04551,0.000288,9,14,1.0714,1.2857,2,14,692.0929,0,ekanta.sandhu565@okicici
ACC04552,0.000102,8,7,1.0,1.1429,1,7,606.6829,0,indrajit.banerjee949@okicici
ACC04553,0.000217,13,10,1.0,1.1,1,10,944.798,0,aashi.dixit310@upi
ACC04554,0.000227,10,12,1.0,1.0833,1,12,1513.1883,0,chaaya.edwin390@upi
ACC04555,9.7e-05,2,10,1.0,1.0,1,10,1171.909,0,amol.khatri689@paytm
ACC04556,0.000139,10,5,1.0,1.0,1,5,2174.666,0,banjeet.anand376@kotak
ACC04557,0.000121,7,11,1.0,1.0,1,11,1719.8173,0,chasmum.dugar725@ybl
ACC04558,9.4e-05,9,12,1.0,1.0833,1,12,1360.4683,0,eshana.handa737@paytm
ACC04559,0.000105,8,14,1.0,1.1429,1,14,1063.39,0,dalbir.dara501@paytm
ACC04560,9.2e-05,8,10,1.0,1.1,1,10,1632.519,0,jatin.manda936@ibl
ACC04561,0.000117,9,10,1.0,1.1,1,10,1358.169,0,rehaan.mukherjee683@ybl
ACC04562,0.000106,11,9,1.0,1.1111,1,9,2326.1956,0,wriddhish.yogi24@oksbi
ACC04563,0.000216,11,10,1.0,1.1,1,10,2091.711,0,oscar.balakrishnan77@oksbi
ACC04564,0.000124,6,7,1.0,1.0,1,7,475.78,0,wishi.ahluwalia158@okaxis
ACC04565,9.7e-05,7,9,1.0,1.1111,1,9,1409.1022,0,george.uppal78@okicici
ACC04566,0.000184,8,6,1.0,1.0,1,6,725.94,0,eesha.srivastava827@ybl
ACC04567,0.000115,7,12,1.0,1.0833,1,12,742.0067,0,tanvi.dara160@ibl
ACC04568,0.000187,8,6,1.0,1.0,1,6,1073.15,0,patrick.nagy681@okhdfcbank
ACC04569,0.000296,9,11,1.0,1.1818,1,11,1645.2891,0,warjas.dua58@oksbi
ACC04570,0.000172,15,7,1.1429,1.1429,2,7,3508.8757,0,ishita.prasad949@okhdfcbank
ACC04571,0.000147,11,9,1.0,1.0,1,9,1357.1067,0,krisha.kashyap736@okhdfcbank
ACC04572,0.00018,4,10,1.0,1.1,1,10,1661.258,0,yuvraj.varty811@okaxis
ACC04573,0.000195,7,12,1.0,1.0833,1,12,946.1733,0,vedhika.bhat735@okhdfcbank
ACC04574,0.000194,10,9,1.0,1.1111,1,9,1444.0867,0,ansh.tailor641@kotak
ACC04575,0.000161,11,13,1.0,1.0769,1,13,2031.7423,0,chasmum.sachar838@okaxis
ACC04576,0.000206,12,10,1.0,1.2,1,10,1522.8,0,devika.narasimhan724@oksbi
ACC04577,0.000151,9,13,1.0,1.0769,1,13,664.8831,0,warda.date750@okicici
ACC04578,0.000232,12,3,1.0,1.0,1,3,4358.7567,0,gabriel.krishnamurthy520@okicici
ACC04579,0.000178,9,10,1.0,1.2,1,10,1884.151,0,turvi.vohra998@okaxis
ACC04580,0.000274,13,12,1.0,1.0833,1,12,839.1533,0,akshay.doctor900@kotak
ACC04581,6.9e-05,4,10,1.0,1.0,1,10,1076.13,0,viraj.pau717@okhdfcbank
ACC04582,0.000302,17,8,1.0,1.1111,1,9,2525.6533,0,ishanvi.nadig192@ybl
ACC04583,0.000151,6,12,1.0,1.0833,1,12,1534.0875,0,balvan.sawhney405@paytm
ACC04584,0.000141,5,9,1.0,1.1111,1,9,673.2244,0,ishita.tara519@paytm
ACC04585,0.000166,15,9,1.0,1.1111,1,9,991.45,0,jeremiah.mane257@ybl
ACC04586,0.000396,11,7,1.0,1.1429,1,7,707.0143,0,yutika.chanda8@paytm
ACC04587,0.000174,13,12,1.0,1.0833,1,12,765.6292,0,netra.vora166@okhdfcbank
ACC04588,0.000302,12,10,1.0,1.1,1,10,1247.347,0,girindra.viswanathan506@ybl
ACC04589,0.000301,11,12,1.0,1.25,1,12,1477.5217,0,wishi.shah774@upi
ACC04590,0.000189,6,10,1.0,1.1,1,10,875.749,0,lohit.agrawal783@ibl
ACC04591,0.000305,8,7,1.0,1.0,1,7,580.9014,0,zilmil.tank691@okhdfcbank
ACC04592,0.000122,11,9,1.0,1.0,1,9,1610.82,0,janani.reddy790@ybl
ACC04593,0.000166,6,13,1.0,1.0,1,13,1354.3854,0,chaaya.sem983@okhdfcbank
ACC04594,0.000187,12,11,1.0,1.0,1,11,1874.7273,0,aarnav.varughese745@ybl
ACC04595,0.000181,7,11,1.0,1.1818,1,11,1663.5218,0,dhriti.mander761@ibl
ACC04596,0.000125,9,7,1.0,1.0,1,7,1420.82,0,yochana.chana308@ibl
ACC04597,0.000167,7,11,1.0,1.0909,1,11,975.9164,0,adya.master763@okaxis
ACC04598,0.000513,12,7,1.0,1.0,1,7,1057.4557,0,onveer.raval175@okicici
ACC04599,0.000157,8,10,1.0,1.1,1,10,737.883,0,karan.manne477@ibl
ACC04600,0.000303,15,12,1.0,1.1667,1,12,1455.8842,0,qabil.chanda867@upi
ACC04601,0.000239,9,10,1.0,1.2,1,10,1978.833,0,kalpit.wable921@ibl
ACC04602,0.000134,10,12,1.0833,1.25,2,12,930.9192,0,aarnav.atwal146@upi
ACC04603,6.6e-05,5,10,1.0,1.1,1,10,1138.615,0,daksh.anand895@oksbi
ACC04604,0.000199,21,10,1.0,1.0,1,10,1774.882,0,naksh.kade892@oksbi
ACC04605,0.000188,12,2,1.0,1.0,1,2,2819.335,0,deepa.bassi15@upi
ACC04606,0.000231,8,8,1.0,1.0,1,8,992.765,0,harita.ghose608@oksbi
ACC04607,0.000205,10,7,1.0,1.2857,1,7,396.9357,0,aadi.chaudhary17@upi
ACC04608,0.000166,10,8,1.0,1.125,1,8,945.5,0,omaja.mangal278@ybl
ACC04609,0.000284,12,7,1.0,1.0,1,7,495.4329,0,mahika.luthra510@upi
ACC04610,0.000287,15,11,1.0,1.0909,1,11,1119.4518,0,saanvi.agarwal850@kotak
ACC04611,0.000223,12,4,1.0,1.0,1,4,2313.0875,0,lekha.chatterjee195@ibl
ACC04612,0.000384,11,11,1.0,1.0,1,11,1494.7018,0,siya.bhat512@upi
ACC04613,0.000108,7,12,1.0,1.0,1,12,1695.7775,0,patrick.sunder164@ibl
ACC04614,9.5e-05,9,9,1.0,1.3333,1,9,567.4078,0,neel.dave985@okhdfcbank
ACC04615,0.000151,9,14,1.0714,1.2857,2,14,1218.2907,0,ekapad.bhatnagar723@ibl
ACC04616,0.000149,11,6,1.0,1.1667,1,6,1826.2883,0,radhika.bandi145@okaxis
ACC04617,0.000138,8,12,1.0,1.1667,1,12,1133.7733,0,faraj.dhawan823@okaxis
ACC04618,0.000121,5,14,1.0,1.1429,1,14,1516.7893,0,unnati.borra14@paytm
ACC04619,0.000204,13,13,1.0,1.2857,1,14,1278.2157,0,veer.sarin646@paytm
ACC04620,0.000187,11,12,1.0,1.0833,1,12,1035.6725,0,yashawini.soman627@okhdfcbank
ACC04621,0.000199,9,13,1.0,1.0769,1,13,2893.97,0,vaishnavi.majumdar543@paytm
ACC04622,0.000299,8,9,1.0,1.0,1,9,751.6522,0,maanas.talwar383@oksbi
ACC04623,0.000192,12,11,1.0,1.1818,1,11,2276.9964,0,ranbir.thakkar994@ibl
ACC04624,0.000277,15,9,1.0,1.0,1,9,1489.2256,0,xalak.dugar458@ybl
ACC04625,0.0002,11,11,1.0,1.0,1,11,539.0945,0,charles.contractor215@ybl
ACC04626,0.000223,8,18,1.0,1.1667,1,18,2024.3528,0,nihal.arora925@ybl
ACC04627,0.000226,10,6,1.0,1.1667,1,6,2333.4467,0,urishilla.bhagat288@kotak
ACC04628,5.6e-05,6,14,1.0714,1.2857,2,14,664.4286,0,manbir.deol813@ybl
ACC04629,6e-05,5,15,1.0,1.1333,1,15,1596.1227,0,warhi.pillai989@ybl
ACC04630,0.000116,6,12,1.0,1.0833,1,12,952.8058,0,vinaya.bath726@okaxis
ACC04631,0.000354,14,10,1.0,1.1,1,10,850.086,0,harini.chaudhry577@ibl
ACC04632,0.000239,8,10,1.0,1.1,1,10,1133.547,0,yoshita.kurian524@okhdfcbank
ACC04633,0.000141,6,11,1.0,1.0909,1,11,1133.3936,0,rachit.korpal152@ybl
ACC04634,0.000179,6,15,1.0,1.1333,1,15,1368.7813,0,pavani.patil503@ibl
ACC04635,0.000193,11,9,1.0,1.0,1,9,993.7678,0,aahana.sandal273@okhdfcbank
ACC04636,0.000228,12,5,1.0,1.2,1,5,2673.174,0,yahvi.narula797@okaxis
ACC04637,9.4e-05,5,9,1.0,1.0,1,9,672.2489,0,varsha.lala147@ybl
ACC04638,9.8e-05,5,16,1.0,1.125,1,16,1155.285,0,jasmit.bali253@okaxis
ACC04639,0.000164,9,6,1.0,1.0,1,6,972.7283,0,niharika.johal365@ibl
ACC04640,0.000228,4,7,1.0,1.0,1,7,1303.4829,0,widisha.butala803@paytm
ACC04641,8.8e-05,6,19,1.0526,1.1053,2,19,1392.0121,0,tanveer.malhotra322@kotak
ACC04642,0.000283,9,9,1.0,1.1111,1,9,1011.6811,0,guneet.chowdhury831@okaxis
ACC04643,0.000215,15,12,1.0,1.0833,1,12,805.7842,0,udyati.misra124@paytm
ACC04644,9.5e-05,5,8,1.0,1.125,1,8,1168.4262,0,damini.patel907@okaxis
ACC04645,0.000231,9,13,1.0,1.1538,1,13,997.0554,0,aashi.karnik517@paytm
ACC04646,0.00018,11,11,1.0,1.0,1,11,1254.3891,0,samaksh.d’alia386@upi
ACC04647,0.000168,10,8,1.0,1.25,1,8,1684.1225,0,zaitra.krish268@okaxis
ACC04648,0.000145,4,11,1.0,1.1818,1,11,1704.2991,0,yashasvi.swaminathan26@okicici
ACC04649,0.000106,6,8,1.0,1.125,1,8,1827.3162,0,eta.peri378@ibl
ACC04650,6.3e-05,8,18,1.0,1.1111,1,18,971.7794,0,arunima.sood641@upi
ACC04651,0.000302,12,12,1.0,1.1667,1,12,3115.4425,0,sathvik.dewan609@ibl
ACC04652,9.7e-05,9,16,1.0,1.125,1,16,1042.5975,0,jason.dubey960@paytm
ACC04653,0.000258,12,6,1.0,1.1667,1,6,868.3967,0,waida.sarma203@ibl
ACC04654,9.4e-05,10,10,1.0,1.2,1,10,639.451,0,luke.mander601@oksbi
ACC04655,0.000264,15,6,1.0,1.0,1,6,1916.5583,0,christopher.roy127@okicici
ACC04656,0.000241,2,8,1.0,1.5,1,8,988.3688,0,manan.agarwal489@ybl
ACC04657,0.000134,12,10,1.0,1.0,1,10,2277.57,0,ridhi.hans852@upi
ACC04658,0.000211,15,9,1.0,1.2222,1,9,1770.2778,0,chandani.halder644@upi
ACC04659,6.2e-05,8,12,1.0,1.0,1,12,1330.0867,0,faras.kapadia183@ybl
ACC04660,0.000139,8,8,1.0,1.125,1,8,2770.535,0,chandani.lala779@okicici
ACC04661,9e-05,8,17,1.0,1.3529,1,17,1182.1453,0,ishaan.narasimhan580@okicici
ACC04662,8.1e-05,8,6,1.0,1.0,1,6,1518.8983,0,onkar.sinha741@oksbi
ACC04663,0.000315,11,8,1.0,1.0,1,8,2129.1838,0,gautami.divan950@okhdfcbank
ACC04664,0.000103,7,9,1.0,1.1111,1,9,1103.2433,0,pranav.keer105@kotak
ACC04665,0.000252,11,13,1.0,1.0769,1,13,3817.2192,0,xiti.rajagopalan241@okhdfcbank
ACC04666,0.000194,8,14,1.0,1.0714,1,14,1246.4979,0,harsh.menon347@okhdfcbank
ACC04667,0.000127,7,5,1.0,1.0,1,5,1815.366,0,mugdha.panchal769@okhdfcbank
ACC04668,0.000377,14,10,1.0,1.0,1,10,1138.994,0,barkha.murthy559@okicici
ACC04669,0.000106,6,9,1.0,1.0,1,9,1288.2289,0,shivansh.puri658@upi
ACC04670,0.000133,10,10,1.0,1.0,1,10,1571.88,0,kashvi.date843@okhdfcbank
ACC04671,0.000201,9,14,1.0,1.0714,1,14,738.0243,0,reyansh.seth163@okhdfcbank
ACC04672,0.000163,8,7,1.0,1.0,1,7,1261.8514,0,sai.kapur246@okicici
ACC04673,0.000148,9,7,1.0,1.0,1,7,1086.6971,0,kevin.mody54@okaxis
ACC04674,9.2e-05,12,6,1.0,1.0,1,6,2067.7183,0,edhitha.mann44@okaxis
ACC04675,9.9e-05,8,13,1.0,1.1538,1,13,1505.2485,0,chanakya.halder978@oksbi
ACC04676,0.000197,8,8,1.0,1.125,1,8,1093.42,0,manthan.suresh331@upi
ACC04677,0.000213,6,12,1.0,1.0,1,12,1050.1842,0,tripti.borra523@paytm
ACC04678,9e-05,7,8,1.0,1.125,1,8,1785.9562,0,zaid.hayre686@upi
ACC04679,0.000251,9,10,1.0,1.1,1,10,455.882,0,rohan.tiwari42@okaxis
ACC04680,0.000174,10,7,1.0,1.1429,1,7,1223.2829,0,dalbir.biswas214@okaxis
ACC04681,0.000116,11,9,1.0,1.0,1,9,958.5322,0,manbir.lata8@ybl
ACC04682,0.000215,6,12,1.0833,1.1667,2,12,1239.0925,0,janya.pingle903@ybl
ACC04683,9.5e-05,9,4,1.0,1.0,1,4,772.96,0,janani.arya169@upi
ACC04684,7.7e-05,7,7,1.0,1.0,1,7,602.8786,0,leela.jain550@okicici
ACC04685,0.000188,10,9,1.0,1.0,1,9,2141.0744,0,sneha.pau273@kotak
ACC04686,0.000117,5,8,1.0,1.0,1,8,2653.4987,0,agastya.goda398@oksbi
ACC04687,0.000159,8,5,1.0,1.0,1,5,1303.836,0,karan.chahal623@paytm
ACC04688,0.000209,7,6,1.0,1.0,1,6,536.0133,0,ekanta.kar335@paytm
ACC04689,9.4e-05,5,9,1.0,1.3333,1,9,434.4356,0,prisha.soman667@paytm
ACC04690,0.000136,6,8,1.0,1.0,1,8,2335.9125,0,yagnesh.dugar457@kotak
ACC04691,0.000241,13,12,1.0,1.0833,1,12,842.3358,0,varsha.ghose190@okhdfcbank
ACC04692,0.000117,9,8,1.0,1.0,1,8,529.78,0,harshil.wali824@okhdfcbank
ACC04693,0.000221,15,5,1.0,1.0,1,5,982.98,0,vivaan.banerjee778@paytm
ACC04694,0.000134,8,10,1.0,1.0,1,10,538.813,0,neel.venkatesh838@paytm
ACC04695,0.000268,12,10,1.0,1.0,1,10,1429.744,0,umang.krishnan56@okaxis
ACC04696,0.0001,6,7,1.0,1.0,1,7,1067.9357,0,devika.chandra259@okaxis
ACC04697,0.000178,10,11,1.0,1.0909,1,11,1593.8282,0,qasim.garg318@okicici
ACC04698,0.000156,11,12,1.0,1.0,1,12,2262.9983,0,aarna.samra186@ybl
ACC04699,0.000271,12,9,1.0,1.3333,1,9,1312.8511,0,ladli.pai970@upi
ACC04700,0.000278,10,9,1.0,1.0,1,9,1299.2133,0,vyanjana.gala401@oksbi
ACC04701,0.0002,12,9,1.0,1.0,1,9,664.74,0,rishi.sethi575@paytm
ACC04702,0.000139,12,6,1.0,1.0,1,6,1412.8283,0,gabriel.deo632@okhdfcbank
ACC04703,0.000166,10,13,1.0,1.1538,1,13,1618.8223,0,neelima.nadkarni32@okicici
ACC04704,0.000159,8,6,1.0,1.1667,1,6,1002.95,0,atharv.jha953@okicici
ACC04705,0.000223,7,12,1.0,1.0,1,12,1353.7183,0,tristan.dora391@oksbi
ACC04706,0.000264,9,8,1.0,1.0,1,8,2225.7138,0,vamakshi.luthra377@okaxis
ACC04707,0.000173,11,12,1.0,1.3333,1,12,1632.6008,0,vasana.dewan760@ybl
ACC04708,0.000359,13,12,1.0,1.0,1,12,821.6667,0,lipika.anne428@okicici
ACC04709,0.000146,6,9,1.0,1.1111,1,9,1581.1111,0,pooja.chaudhuri36@okhdfcbank
ACC04710,0.000279,9,13,1.0,1.3077,1,13,504.7915,0,ayaan.kata270@ibl
ACC04711,0.000148,11,8,1.0,1.0,1,8,1729.2,0,jagrati.sahni942@okicici
ACC04712,0.000159,5,11,1.0,1.0,1,11,1854.6245,0,zinal.divan15@okhdfcbank
ACC04713,0.000139,9,11,1.0,1.0909,1,11,585.1109,0,damyanti.dyal241@ibl
ACC04714,0.000298,13,8,1.0,1.125,1,8,2813.5175,0,harrison.dubey571@paytm
ACC04715,8.2e-05,6,15,1.0,1.2,1,15,811.8213,0,raghav.dara720@ibl
ACC04716,0.000254,15,11,1.0,1.0,1,11,369.5655,0,idika.nagarajan709@oksbi
ACC04717,0.000151,5,12,1.0,1.0,1,12,1523.4267,0,anita.dewan408@upi
ACC04718,0.000136,10,10,1.0,1.0,1,10,816.971,0,keya.golla510@upi
ACC04719,0.000141,9,8,1.0,1.0,1,8,2734.6938,0,wazir.rau180@okicici
ACC04720,0.000154,10,17,1.0,1.0588,1,17,1989.6971,0,hardik.agarwal673@okhdfcbank
ACC04721,8e-05,8,5,1.0,1.0,1,5,1175.022,0,chandani.nagarajan289@ibl
ACC04722,9.8e-05,9,12,1.0,1.0,1,12,1155.6092,0,theodore.khosla274@okicici
ACC04723,0.000163,13,7,1.0,1.0,1,7,1610.7443,0,manan.mohan193@okaxis
ACC04724,0.000219,9,9,1.0,1.0,1,9,1214.6422,0,hitesh.sachdev2@okicici
ACC04725,0.000338,8,18,1.0,1.4444,1,18,1474.4517,0,bhavani.pradhan878@upi
ACC04726,5.8e-05,3,13,1.1538,1.3077,2,13,1236.0085,0,dakshesh.jha501@okaxis
ACC04727,0.000157,12,9,1.0,1.1111,1,9,1385.1656,0,faqid.mital373@okhdfcbank
ACC04728,0.000254,7,11,1.0,1.0909,1,11,845.4045,0,kala.dugal468@ibl
ACC04729,0.000223,9,10,1.0,1.0,1,10,956.044,0,aryan.prabhu383@ybl
ACC04730,0.000203,6,7,1.0,1.1429,1,7,1051.1071,0,tanvi.narayan150@ybl
ACC04731,0.000148,6,8,1.0,1.0,1,8,2103.36,0,karan.murthy179@upi
ACC04732,0.000404,10,13,1.0,1.0769,1,13,2314.9254,0,yatan.master356@paytm
ACC04733,0.000188,10,13,1.0,1.3846,1,13,676.2877,0,hemani.bala689@ibl
ACC04734,0.000201,6,16,1.0,1.125,1,16,2120.4981,0,balhaar.anand369@upi
ACC04735,0.000115,6,5,1.0,1.0,1,5,898.792,0,inaya.mody260@oksbi
ACC04736,0.000111,6,11,1.0,1.0909,1,11,1434.6109,0,shivansh.mody661@ibl
ACC04737,0.000221,13,5,1.0,1.0,1,5,443.678,0,omkaar.lala553@oksbi
ACC04738,0.000236,11,11,1.0,1.1818,1,11,419.2564,0,alexander.comar519@oksbi
ACC04739,0.000337,12,5,1.0,1.0,1,5,900.932,0,chaitanya.seth554@oksbi
ACC04740,0.00035,12,10,1.0,1.0,1,10,425.225,0,rudra.batta836@okaxis
ACC04741,0.000305,11,13,1.0,1.1538,1,13,925.7285,0,chandani.sekhon844@upi
ACC04742,0.000187,9,10,1.0,1.2,1,10,1019.077,0,hiral.walia558@okicici
ACC04743,0.00012,9,11,1.0909,1.1818,2,11,891.7955,0,leela.atwal590@okicici
ACC04744,0.000274,11,11,1.0,1.0909,1,11,1017.8582,0,ojas.ganesh681@oksbi
ACC04745,0.000168,10,12,1.0,1.0833,1,12,1444.905,0,girik.vora727@ybl
ACC04746,0.000243,11,13,1.0,1.2308,1,13,1019.3315,0,jeet.korpal334@ybl
ACC04747,0.000467,15,7,1.0,1.0,1,7,895.7414,0,ekaja.gour536@upi
ACC04748,0.000145,7,11,1.0,1.0909,1,11,1529.2318,0,wahab.hayer360@upi
ACC04749,7.3e-05,6,10,1.0,1.0,1,10,1773.437,0,avi.dhingra656@ibl
ACC04750,0.000212,7,6,1.0,1.0,1,6,2152.895,0,hardik.memon711@okaxis
ACC04751,0.000122,6,8,1.0,1.0,1,8,1274.0725,0,harish.venkataraman993@kotak
ACC04752,0.000171,11,12,1.0,1.1667,1,12,556.9992,0,luke.korpal148@okhdfcbank
ACC04753,0.000432,9,14,1.0,1.0714,1,14,1009.4936,0,farhan.ganesan774@upi
ACC04754,0.000199,16,7,1.0,1.0,1,7,2224.2814,0,pahal.dube215@kotak
ACC04755,0.00013,7,16,1.0,1.0,1,16,932.6512,0,onkar.baral196@okicici
ACC04756,0.000187,11,9,1.0,1.3333,1,9,1481.5767,0,veer.keer303@okhdfcbank
ACC04757,0.000113,8,9,1.0,1.0,1,9,958.3056,0,alka.kota848@okhdfcbank
ACC04758,0.000347,6,10,1.0,1.1,1,10,710.358,0,bhavani.saxena464@okhdfcbank
ACC04759,0.00012,10,5,1.0,1.0,1,5,1999.748,0,kalpit.chandra678@upi
ACC04760,0.00022,11,12,1.0833,1.0833,2,12,1112.7917,0,ansh.balay612@paytm
ACC04761,0.000183,9,6,1.0,1.3333,1,6,3027.7533,0,aayush.kapur384@okaxis
ACC04762,0.00012,12,7,1.0,1.0,1,7,1079.7886,0,neha.ganesan635@ibl
ACC04763,0.000181,13,10,1.0,1.1,1,10,1683.09,0,yug.shroff43@ibl
ACC04764,6.3e-05,4,12,1.0,1.25,1,12,1947.9333,0,jack.nadig328@ybl
ACC04765,0.000158,14,6,1.0,1.0,1,6,1271.9683,0,falak.karan718@ibl
ACC04766,0.000168,9,9,1.1111,1.2222,2,9,362.2844,0,sathvik.deshmukh552@okhdfcbank
ACC04767,8.4e-05,2,21,1.0,1.1429,1,21,1042.0262,0,vaishnavi.sankaran602@ybl
ACC04768,0.000279,12,8,1.0,1.125,1,8,494.915,0,atharv.sheth390@okicici
ACC04769,0.000118,8,10,1.1,1.1,2,10,609.398,0,madhavi.thakkar928@okhdfcbank
ACC04770,0.000308,14,15,1.0,1.2,1,15,1872.6133,0,dayita.saini557@okhdfcbank
ACC04771,0.000207,7,8,1.0,1.0,1,8,920.0175,0,christopher.dixit742@okhdfcbank
ACC04772,0.00018,11,5,1.0,1.0,1,5,1264.32,0,rachita.wadhwa768@ybl
ACC04773,0.000286,6,13,1.0769,1.0769,2,13,1506.3831,0,jalsa.dhar481@okicici
ACC04774,0.00026,12,9,1.0,1.1111,1,9,816.4967,0,jai.patla566@ibl
ACC04775,0.000266,8,19,1.1053,1.3684,2,19,1351.9642,0,odika.palla421@okhdfcbank
ACC04776,0.000278,15,11,1.0,1.4545,1,11,1092.8418,0,xiti.shankar132@okicici
ACC04777,0.000137,10,12,1.0,1.0833,1,12,1715.7,0,tanmayi.acharya71@kotak
ACC04778,0.000156,8,10,1.0,1.0,1,10,2622.005,0,abhimanyu.kale282@upi
ACC04779,0.000124,9,5,1.0,1.0,1,5,385.486,0,yahvi.raju742@okicici
ACC04780,0.000316,10,9,1.1111,1.2222,2,9,1435.4911,0,warhi.mutti121@kotak
ACC04781,0.000201,8,13,1.0,1.0769,1,13,1562.7085,0,edhitha.biswas924@ibl
ACC04782,0.000303,14,10,1.1,1.1,2,10,2637.363,0,hredhaan.dasgupta167@okicici
ACC04783,8.3e-05,8,6,1.0,1.0,1,6,1818.3,0,theodore.patla340@upi
ACC04784,0.00016,10,10,1.0,1.0,1,10,2177.597,0,onkar.bains159@okhdfcbank
ACC04785,0.000188,8,9,1.0,1.2222,1,9,1296.3667,0,chavvi.kapur498@okaxis
ACC04786,9e-05,6,8,1.0,1.25,1,8,1176.8925,0,jagvi.saha795@oksbi
ACC04787,0.000117,5,11,1.0,1.0909,1,11,1332.0264,0,ekbal.badal310@oksbi
ACC04788,0.00011,12,9,1.0,1.0,1,9,1032.7567,0,vasana.rajagopalan887@ibl
ACC04789,8e-05,4,7,1.0,1.0,1,7,1265.95,0,nidra.parikh456@okhdfcbank
ACC04790,0.00017,9,8,1.0,1.125,1,8,1038.03,0,arin.sanghvi143@oksbi
ACC04791,7.4e-05,6,13,1.0,1.0769,1,13,442.0769,0,manbir.yadav25@ibl
ACC04792,0.000273,17,10,1.0,1.1,1,10,1195.696,0,omya.mishra814@upi
ACC04793,0.000115,9,10,1.0,1.1,1,10,966.719,0,aarna.andra538@ybl
ACC04794,0.00012,10,9,1.0,1.1111,1,9,1189.2022,0,advay.bhavsar429@ibl
ACC04795,0.000303,9,10,1.0,1.1,1,10,2300.134,0,yauvani.bassi447@kotak
ACC04796,9.4e-05,7,15,1.0,1.0,1,15,1537.0553,0,yash.dhingra67@okhdfcbank
ACC04797,0.000182,8,4,1.0,1.0,1,4,2148.3425,0,tanvi.manda367@ibl
ACC04798,0.000204,7,8,1.0,1.0,1,8,748.28,0,nihal.deshpande942@okaxis
ACC04799,0.000145,6,15,1.0,1.1333,1,15,1471.1667,0,rushil.karnik25@oksbi
ACC04800,8.8e-05,7,11,1.0,1.0,1,11,731.9118,0,manan.barman192@okaxis
ACC04801,0.000278,14,7,1.0,1.0,1,7,1597.2643,0,advika.sharma560@ybl
ACC04802,8.9e-05,6,6,1.0,1.3333,1,6,743.0217,0,unni.parikh490@okhdfcbank
ACC04803,6.2e-05,4,13,1.0,1.0,1,13,1057.78,0,eshana.dar424@okhdfcbank
ACC04804,0.000491,16,7,1.0,1.1429,1,7,807.39,0,ganga.parikh238@okaxis
ACC04805,0.000162,9,13,1.0,1.3846,1,13,1087.71,0,onveer.sankaran137@upi
ACC04806,0.00024,7,13,1.0,1.2308,1,13,739.1715,0,warda.murty62@kotak
ACC04807,0.000375,8,10,1.0,1.2,1,10,747.62,0,balveer.chatterjee538@paytm
ACC04808,0.000119,9,8,1.0,1.0,1,8,306.2275,0,vidhi.panchal10@paytm
ACC04809,0.000249,21,7,1.0,1.0,1,7,2207.1929,0,robert.padmanabhan943@okaxis
ACC04810,9.9e-05,5,7,1.0,1.2857,1,7,776.0457,0,hamsini.ravi219@okaxis
ACC04811,7.3e-05,6,17,1.0,1.1765,1,17,1561.5988,0,deepa.vig491@okaxis
ACC04812,0.000232,14,17,1.0,1.1176,1,17,983.6659,0,ayaan.ratta398@kotak
ACC04813,0.000128,8,13,13.0,13.0,13,13,1416.5462,0,widisha.shanker824@okhdfcbank
ACC04814,0.000332,6,8,1.0,1.0,1,8,1217.335,0,yoshita.narayan131@kotak
ACC04815,0.000157,9,10,1.0,1.1,1,10,1652.483,0,ranbir.sen779@okhdfcbank
ACC04816,0.000169,7,9,1.0,1.2222,1,9,1285.2789,0,pallavi.kadakia75@oksbi
ACC04817,8.9e-05,6,5,1.0,1.0,1,5,1107.28,0,finn.sidhu772@upi
ACC04818,0.000216,7,9,1.0,1.1111,1,9,1165.5322,0,vanya.dave848@paytm
ACC04819,0.000185,9,17,1.0,1.2353,1,17,1658.1859,0,qabil.prasad771@upi
ACC04820,0.000177,9,12,1.0,1.1667,1,12,781.6542,0,oviya.gola329@upi
ACC04821,0.000297,14,11,1.0,1.0,1,11,1070.6245,0,mugdha.sami688@ybl
ACC04822,0.000411,12,14,1.0714,1.1429,2,14,1827.0836,0,sara.sibal621@okaxis
ACC04823,0.000339,12,13,1.0,1.1538,1,13,1672.5,0,bakhshi.devi630@kotak
ACC04824,6.1e-05,4,9,1.0,1.0,1,9,1080.7556,0,baghyawati.randhawa893@oksbi
ACC04825,9.8e-05,8,9,1.0,1.0,1,9,1411.2111,0,owen.vaidya534@paytm
ACC04826,0.000103,10,12,1.0,1.0,1,12,1529.5442,0,pahal.hayer77@upi
ACC04827,0.000184,7,14,1.0,1.0714,1,14,952.8286,0,yug.rao428@okhdfcbank
ACC04828,0.000194,12,9,1.1111,1.1111,2,9,870.5956,0,pratyush.toor722@oksbi
ACC04829,0.000308,6,10,1.0,1.1,1,10,1119.876,0,zilmil.mahajan285@upi
ACC04830,0.000113,8,13,1.0,1.0769,1,13,1276.8538,0,waida.halder666@ybl
ACC04831,0.000214,11,12,1.0,1.0833,1,12,1136.7025,0,barkha.din549@ybl
ACC04832,0.000135,10,11,1.0,1.2727,1,11,778.0918,0,naveen.malhotra972@ibl
ACC04833,0.000206,12,12,1.0,1.1667,1,12,1078.495,0,jalsa.kulkarni396@kotak
ACC04834,0.000295,14,8,1.0,1.0,1,8,2093.6262,0,tripti.banerjee677@oksbi
ACC04835,8e-05,8,7,1.0,1.0,1,7,1309.0986,0,brijesh.goswami94@ibl
ACC04836,0.000263,8,12,1.0,1.1667,1,12,898.6183,0,manbir.issac530@okhdfcbank
ACC04837,0.000185,11,8,1.0,1.0,1,8,3395.5938,0,reva.chadha275@paytm
ACC04838,0.000115,11,9,1.0,1.0,1,9,2010.6456,0,vansha.sandal526@okaxis
ACC04839,0.000184,11,9,1.0,1.1111,1,9,664.6778,0,pahal.minhas929@okaxis
ACC04840,0.000114,8,9,1.0,1.2222,1,9,433.4878,0,wakeeta.krish357@paytm
ACC04841,0.000136,8,11,1.0,1.0909,1,11,927.28,0,lopa.madan344@kotak
ACC04842,6e-05,4,7,1.0,1.0,1,7,2700.7829,0,faris.garg271@upi
ACC04843,0.000228,11,7,1.0,1.0,1,7,1126.61,0,ekalinga.rai628@oksbi
ACC04844,0.000194,5,7,1.0,1.0,1,7,1980.4314,0,warjas.raghavan704@ybl
ACC04845,0.000111,11,15,1.0,1.3333,1,15,504.1407,0,gabriel.pall329@okaxis
ACC04846,0.000381,14,5,1.0,1.0,1,5,1983.818,0,daksh.patel533@oksbi
ACC04847,0.000147,9,9,1.0,1.0,1,9,1415.7778,0,nicholas.ramesh741@paytm
ACC04848,0.000103,7,6,1.0,1.0,1,6,1842.1633,0,yashica.behl613@ybl
ACC04849,5.2e-05,6,5,1.0,1.2,1,5,1862.984,0,avni.pandey830@ibl
ACC04850,0.000172,6,7,1.0,1.0,1,7,565.4186,0,anika.mishra402@ibl
ACC04851,0.000146,8,7,1.0,1.0,1,7,1347.5586,0,samarth.sahota471@kotak
ACC04852,0.000172,7,13,1.0,1.3077,1,13,860.0615,0,odika.srivastava261@okhdfcbank
ACC04853,0.000137,11,9,1.0,1.1111,1,9,1344.6189,0,yashvi.sharaf990@upi
ACC04854,0.000261,8,15,1.0,1.1333,1,15,927.3487,0,wakeeta.kothari4@okhdfcbank
ACC04855,0.000238,12,12,1.0,1.0833,1,12,732.4492,0,varsha.anand957@paytm
ACC04856,0.000172,11,9,1.0,1.0,1,9,980.9578,0,zansi.sampath958@kotak
ACC04857,0.00021,9,15,1.0,1.2667,1,15,938.5713,0,pranit.kar284@kotak
ACC04858,0.000148,12,8,1.0,1.0,1,8,2469.2175,0,veda.tailor204@paytm
ACC04859,0.000151,8,9,1.0,1.1111,1,9,748.8433,0,saumya.nori644@ibl
ACC04860,0.000209,11,9,1.0,1.1111,1,9,982.2122,0,harini.ram488@upi
ACC04861,9.1e-05,10,10,1.0,1.1,1,10,1234.807,0,shravya.shenoy123@oksbi
ACC04862,0.000211,8,16,1.0,1.125,1,16,981.4,0,krish.sidhu371@okicici
ACC04863,8.9e-05,6,11,1.0,1.0,1,11,1081.9218,0,ganga.garde72@paytm
ACC04864,0.000311,9,8,1.0,1.0,1,8,476.0838,0,harrison.sinha549@paytm
ACC04865,0.000106,7,8,1.0,1.125,1,8,3399.815,0,oliver.joshi99@upi
ACC04866,0.000135,8,12,1.0,1.1667,1,12,2841.9525,0,anvi.chanda913@okicici
ACC04867,0.00021,9,9,1.0,1.0,1,9,1277.8656,0,brijesh.dewan346@paytm
ACC04868,0.000155,8,9,1.0,1.0,1,9,1183.0278,0,owen.srivastava247@okaxis
ACC04869,0.000272,15,12,1.0833,1.0833,2,12,1154.2758,0,brinda.borah619@paytm
ACC04870,0.000195,11,8,1.0,1.25,1,8,833.28,0,dalaja.sodhi861@okaxis
ACC04871,0.000229,13,10,1.0,1.1,1,10,794.402,0,kamala.borde567@ybl
ACC04872,0.000382,15,16,1.0,1.375,1,16,1557.8919,0,michael.desai826@upi
ACC04873,0.000103,9,7,1.0,1.0,1,7,1329.57,0,maanas.dhillon632@okicici
ACC04874,0.000278,8,12,1.0,1.1667,1,12,1177.3892,0,rachita.agate585@paytm
ACC04875,0.000154,4,8,1.0,1.0,1,8,823.2088,0,lavanya.thakur98@okaxis
ACC04876,0.000426,11,7,1.0,1.1429,1,7,6431.0429,0,warinder.srinivasan248@ibl
ACC04877,0.000226,11,14,1.0,1.0714,1,14,1181.4029,0,amaira.apte914@oksbi
ACC04878,0.000331,12,15,1.0,1.2667,1,15,1743.7033,0,qushi.dua110@okicici
ACC04879,7.3e-05,8,10,1.0,1.1,1,10,1579.314,0,mohini.thakur316@upi
ACC04880,0.000149,9,15,1.0,1.0,1,15,1014.2413,0,tamanna.lal615@upi
ACC04881,0.000249,10,12,1.0,1.4167,1,12,974.95,0,omkaar.mahajan238@okhdfcbank
ACC04882,0.000105,5,14,1.0,1.0714,1,14,1025.1943,0,lajita.nayar730@ibl
ACC04883,0.000101,9,13,1.0,1.1538,1,13,842.9592,0,banjeet.dash757@upi
ACC04884,0.000145,11,10,1.0,1.0,1,10,1355.591,0,joshua.modi390@okicici
ACC04885,0.000387,17,14,1.0,1.2143,1,14,612.1071,0,azaan.tiwari279@okaxis
ACC04886,0.000223,9,11,1.0,1.0,1,11,2454.2191,0,nimrat.pandya809@kotak
ACC04887,0.000185,6,14,1.0,1.0714,1,14,1767.3807,0,zayyan.zachariah22@ibl
ACC04888,0.000116,10,7,1.0,1.1429,1,7,1406.0014,0,lohit.venkatesh398@ibl
ACC04889,0.000319,13,7,1.0,1.0,1,7,1107.4043,0,ekansh.ganguly382@oksbi
ACC04890,0.000148,10,7,1.0,1.0,1,7,1070.2629,0,gaurangi.dora858@upi
ACC04891,0.000381,14,15,1.0667,1.2,2,15,1281.9653,0,zarna.murty414@okaxis
ACC04892,0.000217,9,16,1.0,1.3125,1,16,1456.8025,0,qarin.apte362@upi
ACC04893,0.000157,7,9,1.0,1.0,1,9,1267.9011,0,harish.ramakrishnan733@paytm
ACC04894,0.000133,9,10,1.0,1.1,1,10,671.218,0,urmi.sahota615@ibl
ACC04895,0.000133,4,7,1.0,1.1429,1,7,587.8114,0,rehaan.walia958@okaxis
ACC04896,0.000113,9,7,1.0,1.0,1,7,1567.4814,0,vincent.madan731@okicici
ACC04897,0.000174,11,8,1.0,1.0,1,8,2315.9488,0,oliver.kapadia354@ybl
ACC04898,0.000204,10,13,1.0,1.2308,1,13,1347.9577,0,amol.sridhar503@upi
ACC04899,0.000231,7,9,1.0,1.0,1,9,2153.0222,0,ayushman.morar92@upi
ACC04900,0.000234,11,13,1.0,1.0769,1,13,3316.6408,0,akshay.khosla235@paytm
ACC04901,0.000265,10,4,1.0,1.0,1,4,338.445,0,harinakshi.hayer491@oksbi
ACC04902,0.000359,14,6,1.0,1.1667,1,6,1119.405,0,harrison.ghose875@kotak
ACC04903,0.000117,15,14,1.0714,1.3571,2,14,1197.5279,0,vivaan.chowdhury830@okaxis
ACC04904,0.000305,8,9,1.0,1.1111,1,9,2224.8233,0,daksh.bahl374@okicici
ACC04905,0.000151,7,7,1.0,1.1429,1,7,1116.4514,0,peter.varma725@oksbi
ACC04906,0.00031,11,16,1.0,1.0625,1,16,1193.9975,0,dayita.chauhan713@kotak
ACC04907,0.000131,6,14,1.0,1.0714,1,14,1663.6257,0,balhaar.pai82@kotak
ACC04908,0.000105,6,7,1.0,1.0,1,7,1043.9471,0,vyanjana.pingle153@paytm
ACC04909,0.000641,8,8,1.0,1.25,1,8,502.7262,0,triveni.kibe447@paytm
ACC04910,0.000123,8,10,1.0,1.1,1,10,2324.48,0,orinder.butala420@paytm
ACC04911,0.000117,4,3,1.0,1.0,1,3,773.6567,0,yuvraj.dhaliwal69@okaxis
ACC04912,0.000184,12,10,1.0,1.2,1,10,478.975,0,xalak.choudhry54@oksbi
ACC04913,0.000286,12,12,1.0,1.0833,1,12,1313.5458,0,amara.chatterjee482@upi
ACC04914,0.000341,13,11,1.0909,1.1818,2,11,2706.4245,0,amaira.sarma18@okaxis
ACC04915,9.6e-05,7,8,1.0,1.125,1,8,1131.47,0,harish.shankar79@okhdfcbank
ACC04916,0.000179,12,8,1.0,1.125,1,8,686.7375,0,isaac.badal837@oksbi
ACC04917,0.000208,10,9,1.0,1.1111,1,9,1353.1289,0,prisha.pingle798@ibl
ACC04918,8.3e-05,7,6,1.0,1.0,1,6,2130.9267,0,vihaan.mutti378@oksbi
ACC04919,0.000418,8,13,1.0769,1.3846,2,13,976.0669,0,oviya.sarna955@oksbi
ACC04920,0.000213,13,6,1.0,1.0,1,6,3420.6217,0,adweta.mittal9@ybl
ACC04921,0.00014,6,9,1.0,1.2222,1,9,820.5244,0,mitali.seshadri279@kotak
ACC04922,9.9e-05,9,10,1.0,1.0,1,10,2508.174,0,zansi.kade517@okicici
ACC04923,8.2e-05,6,13,1.0,1.0769,1,13,2061.2731,0,nitara.thakkar172@okicici
ACC04924,0.0006,18,11,1.0,1.2727,1,11,2297.9145,0,raghav.kunda867@oksbi
ACC04925,0.00029,12,12,1.0,1.25,1,12,1090.1158,0,kabir.rama624@ybl
ACC04926,0.000233,8,7,1.0,1.1429,1,7,2214.18,0,lavanya.bava286@ibl
ACC04927,0.00028,12,8,1.25,1.25,2,8,543.4662,0,hardik.dua180@okhdfcbank
ACC04928,0.000271,12,10,1.0,1.0,1,10,1092.202,0,pooja.menon656@okicici
ACC04929,0.000115,8,6,1.0,1.0,1,6,1715.565,0,oviya.mall140@okicici
ACC04930,8.8e-05,4,5,1.0,1.0,1,5,474.266,0,anmol.bahri542@ibl
ACC04931,0.000351,13,8,1.0,1.125,1,8,2125.6375,0,girindra.kurian555@upi
ACC04932,0.000154,8,13,1.0,1.2308,1,13,2087.8646,0,mason.chand986@kotak
ACC04933,0.000214,9,11,1.0,1.0909,1,11,783.0336,0,gaurika.pandya621@upi
ACC04934,0.000154,12,9,1.0,1.0,1,9,1001.7989,0,caleb.zachariah960@upi
ACC04935,0.000167,10,16,1.0,1.0,1,16,2006.8075,0,hamsini.sabharwal879@ibl
ACC04936,0.000264,7,8,1.0,1.125,1,8,1291.9075,0,anya.banik38@okaxis
ACC04937,0.000141,8,12,1.0,1.0,1,12,903.0892,0,rachana.savant377@paytm
ACC04938,0.000266,9,7,1.0,1.0,1,7,946.2229,0,varsha.wali926@upi
ACC04939,0.000458,13,8,1.0,1.125,1,8,1558.2425,0,samar.tara307@ybl
ACC04940,0.000173,11,7,1.0,1.0,1,7,1743.0614,0,saksham.kant499@okaxis
ACC04941,0.000276,9,7,1.0,1.0,1,7,1437.0614,0,ishita.aurora446@oksbi
ACC04942,0.000323,4,16,1.0625,1.0625,2,16,843.3525,0,vaishnavi.yadav605@oksbi
ACC04943,0.00035,13,9,1.0,1.1111,1,9,778.2944,0,madhavi.subramanian251@oksbi
ACC04944,0.000261,8,13,1.0,1.0,1,13,647.7562,0,ishaan.khare926@ibl
ACC04945,0.00019,10,7,1.0,1.0,1,7,2902.4614,0,triya.thaker409@ibl
ACC04946,0.000174,10,4,1.0,1.0,1,4,183.485,0,jacob.ravi904@okaxis
ACC04947,0.000192,11,10,1.0,1.2,1,10,1050.607,0,aarini.tripathi426@okicici
ACC04948,0.000104,11,8,1.0,1.125,1,8,875.2675,0,ekta.swaminathan919@okhdfcbank
ACC04949,0.000136,11,11,1.0,1.0909,1,11,1349.0609,0,david.gopal55@ybl
ACC04950,0.000342,13,6,1.0,1.0,1,6,1234.2383,0,anmol.pandey909@upi
ACC04951,0.000116,7,7,1.0,1.1429,1,7,452.9986,0,indira.buch302@ybl
ACC04952,0.000136,11,14,1.0,1.0,1,14,771.1343,0,aarna.mammen489@okicici
ACC04953,0.000112,7,9,1.0,1.1111,1,9,843.9033,0,amrita.pandit361@ybl
ACC04954,0.000148,5,10,1.0,1.0,1,10,696.303,0,david.suri945@kotak
ACC04955,0.000265,14,6,1.0,1.0,1,6,830.0583,0,zehaan.aurora104@oksbi
ACC04956,0.000292,12,8,1.0,1.25,1,8,986.6362,0,zehaan.subramanian62@okicici
ACC04957,0.000437,17,16,1.0,1.1875,1,16,1546.3981,0,harshil.shankar646@kotak
ACC04958,0.000182,11,14,1.0,1.2143,1,14,1807.6829,0,yochana.borde460@upi
ACC04959,0.000142,6,12,1.0,1.0833,1,12,909.82,0,upasna.mane628@ibl
ACC04960,0.000156,9,9,1.0,1.0,1,9,642.5022,0,aahana.salvi335@paytm
ACC04961,0.000235,7,12,1.0,1.1667,1,12,654.2533,0,mekhala.pau821@kotak
ACC04962,0.000192,11,8,1.0,1.125,1,8,634.4625,0,wishi.ramachandran905@ibl
ACC04963,0.000103,10,8,1.0,1.0,1,8,2718.4337,0,nitesh.ram782@kotak
ACC04964,0.000187,9,6,1.0,1.3333,1,6,1162.9017,0,yuvraj.khanna799@kotak
ACC04965,0.000101,6,19,1.0,1.25,1,20,941.9945,0,ayaan.nigam69@oksbi
ACC04966,0.000401,15,11,1.0,1.0909,1,11,1105.5064,0,bhavika.bhatia677@ibl
ACC04967,0.000239,11,6,1.0,1.0,1,6,741.7367,0,wyatt.jha146@okaxis
ACC04968,0.000235,9,7,1.0,1.1429,1,7,778.2886,0,jagdish.balay394@paytm
ACC04969,0.000174,6,9,1.1111,1.3333,2,9,576.8489,0,joshua.behl43@okicici
ACC04970,0.000166,9,8,1.0,1.125,1,8,1935.0075,0,zayyan.pal977@oksbi
ACC04971,0.000229,11,9,1.0,1.0,1,9,2355.7211,0,yug.walia583@okaxis
ACC04972,0.000201,7,7,1.0,1.1429,1,7,1836.1014,0,ishita.vala846@oksbi
ACC04973,0.00011,9,10,1.0,1.0,1,10,1813.988,0,atharv.doshi582@paytm
ACC04974,0.000271,11,7,1.0,1.0,1,7,1349.66,0,urishilla.swaminathan68@oksbi
ACC04975,0.000182,8,9,1.0,1.0,1,9,217.2689,0,harsh.anand745@ibl
ACC04976,0.000155,11,11,1.0,1.0909,1,11,974.9273,0,christopher.dyal480@oksbi
ACC04977,9.8e-05,6,7,1.0,1.0,1,7,376.5214,0,isha.varty82@ibl
ACC04978,0.00023,9,11,1.0,1.0,1,11,2460.1845,0,theodore.mallick746@ybl
ACC04979,0.00021,13,10,1.0,1.2,1,10,2142.96,0,varsha.wason591@kotak
ACC04980,0.000265,14,10,1.0,1.1,1,10,546.452,0,arya.divan760@ybl
ACC04981,0.000215,9,10,1.0,1.0,1,10,553.273,0,ansh.naidu160@kotak
ACC04982,0.00023,4,11,1.0,1.1818,1,11,536.0409,0,janaki.more609@okaxis
ACC04983,0.000164,12,5,1.0,1.0,1,5,1797.898,0,zashil.anne23@upi
ACC04984,0.000143,12,13,1.0,1.0,1,13,1164.8677,0,oscar.kibe337@kotak
ACC04985,6.3e-05,4,4,1.0,1.0,1,4,769.34,0,akshay.dasgupta997@upi
ACC04986,0.000236,9,11,1.0,1.2727,1,11,870.7664,0,tejas.sawhney308@paytm
ACC04987,0.000115,9,6,1.0,1.0,1,6,2078.1067,0,rehaan.sura152@kotak
ACC04988,0.000113,6,5,1.0,1.0,1,5,1033.212,0,vedika.thaker803@okaxis
ACC04989,0.000118,6,7,1.0,1.0,1,7,1289.3986,0,falak.gera927@oksbi
ACC04990,3.9e-05,3,9,1.0,1.0,1,9,740.7378,0,wakeeta.khatri556@kotak
ACC04991,0.000185,6,10,1.0,1.1,1,10,664.5,0,jagdish.bhat761@upi
ACC04992,0.000107,6,14,1.0,1.1429,1,14,1293.2914,0,yagnesh.sachar340@paytm
ACC04993,8.8e-05,9,6,1.0,1.0,1,6,694.5483,0,qadim.viswanathan167@ibl
ACC04994,0.00022,14,9,1.0,1.1111,1,9,2269.7389,0,naksh.kohli322@okicici
ACC04995,0.000244,11,8,1.0,1.0,1,8,818.2812,0,garima.sahota835@upi
ACC04996,6.8e-05,6,11,1.0,1.0,1,11,1371.8536,0,saksham.grewal485@okicici
ACC04997,0.000164,9,10,1.1,1.1,2,10,1050.034,0,patrick.buch122@paytm
ACC04998,0.000117,4,12,1.0,1.0833,1,12,1763.1067,0,vincent.palla901@ibl
ACC04999,0.000104,7,11,1.0,1.0909,1,11,1093.6609,0,januja.menon220@upi
